Symbol,Name,Last Sale,Net Change,% Change,Market Cap,Country,IPO Year,Volume,Sector,Industry
LLY,Eli Lilly and Company Common Stock,$1196.03,10.16,0.857%,1126350,United States,,1982194,Health Care,Biotechnology: Pharmaceutical Preparations
JNJ,Johnson & Johnson Common Stock,$263.40,4.13,1.593%,634060,United States,,6350751,Health Care,Biotechnology: Pharmaceutical Preparations
ABBV,AbbVie Inc. Common Stock,$259.36,2.44,0.95%,458235,United States,2012.0,4194818,Health Care,Biotechnology: Pharmaceutical Preparations
MRK,Merck & Company Inc. Common Stock (new),$131.07,0.59,0.452%,323719,United States,,6153710,Health Care,Biotechnology: Pharmaceutical Preparations
NVS,Novartis AG Common Stock,$155.01,-1.13,-0.724%,295782,Switzerland,,1826632,Health Care,Biotechnology: Pharmaceutical Preparations
AZN,AstraZeneca PLC Ordinary Shares,$169.26,0.99,0.588%,262475,United Kingdom,2026.0,2009534,Health Care,Biotechnology: Pharmaceutical Preparations
NVO,Novo Nordisk A/S Common Stock,$48.77,0.59,1.225%,215950,Denmark,,10796876,Health Care,Biotechnology: Pharmaceutical Preparations
AMGN,Amgen Inc. Common Stock,$376.04,4.54,1.222%,202951,United States,1983.0,2493753,Health Care,Biotechnology: Biological Products (No Diagnostic Substances)
ABT,Abbott Laboratories Common Stock,$103.06,2.31,2.293%,179511,United States,,10366673,Health Care,Biotechnology: Pharmaceutical Preparations
GILD,Gilead Sciences Inc. Common Stock,$129.31,-1.55,-1.184%,160547,United States,1992.0,5529564,Health Care,Biotechnology: Biological Products (No Diagnostic Substances)
PFE,Pfizer Inc. Common Stock,$24.54,-0.47,-1.879%,139864,United States,,28883974,Health Care,Biotechnology: Pharmaceutical Preparations
BMY,Bristol-Myers Squibb Company Common Stock,$62.09,0.58,0.943%,126792,United States,,12071239,Health Care,Biotechnology: Pharmaceutical Preparations
VRTX,Vertex Pharmaceuticals Incorporated Common Stock,$477.36,4.27,0.903%,121156,United States,1991.0,1254009,Health Care,Biotechnology: Pharmaceutical Preparations
SNY,Sanofi ADS,$43.35,-0.01,-0.023%,105724,France,,3067710,Health Care,Biotechnology: Pharmaceutical Preparations
GSK,GSK plc American Depositary Shares (Each representing two Ordinary Shares),$51.35,0.61,1.202%,103990,United Kingdom,2022.0,5863147,Health Care,Biotechnology: Pharmaceutical Preparations
REGN,Regeneron Pharmaceuticals Inc. Common Stock,$656.01,4.1,0.629%,68775,United States,1991.0,708390,Health Care,Biotechnology: Pharmaceutical Preparations
ARGX,argenx SE American Depositary Shares,$918.22,-6.38,-0.69%,56987,Netherlands,2017.0,324250,Health Care,Biotechnology: Biological Products (No Diagnostic Substances)
IDXX,IDEXX Laboratories Inc. Common Stock,$544.32,4.955,0.919%,42937,United States,1991.0,437351,Health Care,Biotechnology: In Vitro & In Vivo Diagnostic Substances
RVMD,Revolution Medicines Inc. Common Stock,$189.23,0.48,0.254%,40229,United States,2020.0,1288060,Health Care,Biotechnology: Biological Products (No Diagnostic Substances)
ALNY,Alnylam Pharmaceuticals Inc. Common Stock,$271.77,3.03,1.127%,36284,United States,2004.0,1150942,Health Care,Biotechnology: Pharmaceutical Preparations
ONC,BeOne Medicines Ltd. American Depositary Shares,$325.90,-0.87,-0.266%,36231,Cayman Islands,2016.0,348066,Health Care,Biotechnology: Pharmaceutical Preparations
TEVA,Teva Pharmaceutical Industries Limited American Depositary Shares,$30.81,-0.37,-1.187%,35875,Israel,,3132552,Health Care,Biotechnology: Pharmaceutical Preparations
RPRX,Royalty Pharma plc Class A Ordinary Shares ,$58.83,-0.19,-0.322%,33876,United States,2020.0,2113920,Health Care,Biotechnology: Pharmaceutical Preparations
ZTS,Zoetis Inc. Class A Common Stock,$75.35,0.78,1.046%,31588,United States,2013.0,5090125,Health Care,Biotechnology: Pharmaceutical Preparations
BIIB,Biogen Inc. Common Stock,$202.19,1.57,0.783%,29850,United States,,596262,Health Care,Biotechnology: Biological Products (No Diagnostic Substances)
ROIV,Roivant Sciences Ltd. Common Shares,$35.01,-0.09,-0.256%,25181,United Kingdom,,4043251,Health Care,Biotechnology: Pharmaceutical Preparations
INSM,Insmed Incorporated Common Stock,$106.92,-0.49,-0.456%,23175,United States,,1900031,Health Care,Biotechnology: Pharmaceutical Preparations
BNTX,BioNTech SE American Depositary Share,$89.33,-2.73,-2.965%,22450,Germany,2019.0,886033,Health Care,Biotechnology: Biological Products (No Diagnostic Substances)
UTHR,United Therapeutics Corporation Common Stock,$528.47,-1.06,-0.20%,22431,United States,1999.0,313435,Health Care,Biotechnology: Pharmaceutical Preparations
MRNA,Moderna Inc. Common Stock,$54.07,-2.95,-5.174%,21454,United States,2018.0,4422413,Health Care,Biotechnology: Biological Products (No Diagnostic Substances)
VTRS,Viatris Inc. Common Stock,$17.24,-0.04,-0.231%,20076,United States,,7367268,Health Care,Biotechnology: Pharmaceutical Preparations
NBIX,Neurocrine Biosciences Inc. Common Stock,$175.77,1.62,0.93%,17673,United States,1996.0,1129614,Health Care,Biotechnology: Biological Products (No Diagnostic Substances)
BBIO,BridgeBio Pharma Inc. Common Stock,$84.02,1.09,1.314%,16443,United States,2019.0,2058343,Health Care,Biotechnology: Pharmaceutical Preparations
JAZZ,Jazz Pharmaceuticals plc Common Stock (Ireland),$253.87,-1.0,-0.392%,15947,Ireland,2007.0,538410,Health Care,Biotechnology: Pharmaceutical Preparations
ASND,Ascendis Pharma A/S Ordinary Share,$253.86,1.2,0.475%,15733,Denmark,2015.0,390400,Health Care,Biotechnology: Pharmaceutical Preparations
EXEL,Exelixis Inc. Common Stock,$55.37,-0.28,-0.503%,13917,United States,2000.0,1838050,Health Care,Biotechnology: Biological Products (No Diagnostic Substances)
MDGL,Madrigal Pharmaceuticals Inc. Common Stock,$544.51,1.16,0.213%,12554,United States,2007.0,147450,Health Care,Biotechnology: Pharmaceutical Preparations
ELAN,Elanco Animal Health Incorporated Common Stock,$24.91,0.13,0.525%,12441,United States,2018.0,4076231,Health Care,Biotechnology: Pharmaceutical Preparations
AXSM,Axsome Therapeutics Inc. Common Stock,$241.00,-0.53,-0.219%,12401,United States,2015.0,462046,Health Care,Biotechnology: Pharmaceutical Preparations
ARWR,Arrowhead Pharmaceuticals Inc. Common Stock,$85.60,-1.18,-1.36%,12057,United States,,1825447,Health Care,Biotechnology: Pharmaceutical Preparations
BMRN,BioMarin Pharmaceutical Inc. Common Stock,$59.33,0.46,0.781%,11467,United States,1999.0,1937576,Health Care,Biotechnology: Pharmaceutical Preparations
TECH,Bio-Techne Corp Common Stock,$71.60,-0.17,-0.237%,11210,United States,,2065797,Health Care,Biotechnology: Biological Products (No Diagnostic Substances)
ABVX,Abivax SA American Depositary Shares,$125.70,-5.46,-4.163%,10822,France,2023.0,950559,Health Care,Biotechnology: Pharmaceutical Preparations
SMMT,Summit Therapeutics Inc. Common Stock ,$13.66,-1.32,-8.812%,10602,United States,2015.0,8153324,Health Care,Biotechnology: Pharmaceutical Preparations
CORT,Corcept Therapeutics Incorporated Common Stock,$95.36,-1.3,-1.345%,10237,United States,2004.0,1003972,Health Care,Biotechnology: Pharmaceutical Preparations
APGE,Apogee Therapeutics Inc. Common Stock,$134.28,0.02,0.015%,10123,United States,2023.0,558275,Health Care,Biotechnology: Biological Products (No Diagnostic Substances)
CYTK,Cytokinetics Incorporated Common Stock,$80.74,-1.18,-1.44%,10046,United States,2004.0,1638163,Health Care,Biotechnology: Pharmaceutical Preparations
KRYS,Krystal Biotech Inc. Common Stock,$335.19,7.69,2.348%,9881,United States,2017.0,520475,Health Care,Biotechnology: Biological Products (No Diagnostic Substances)
RDY,Dr. Reddy's Laboratories Ltd Common Stock,$11.79,-0.01,-0.085%,9840,India,,3229777,Health Care,Biotechnology: Pharmaceutical Preparations
HALO,Halozyme Therapeutics Inc. Common Stock,$81.93,1.09,1.348%,9717,United States,,1661277,Health Care,Biotechnology: Biological Products (No Diagnostic Substances)
IONS,Ionis Pharmaceuticals Inc. Common Stock,$56.55,0.68,1.217%,9345,United States,,3094728,Health Care,Biotechnology: Pharmaceutical Preparations
KYMR,Kymera Therapeutics Inc. Common Stock,$110.57,0.19,0.172%,9095,United States,2020.0,585238,Health Care,Biotechnology: Biological Products (No Diagnostic Substances)
PRAX,Praxis Precision Medicines Inc. Common Stock,$325.30,2.9,0.90%,9068,United States,2020.0,282629,Health Care,Biotechnology: Pharmaceutical Preparations
SYRE,Spyre Therapeutics Inc. Common Stock,$102.13,2.14,2.14%,8980,United States,2016.0,812563,Health Care,Biotechnology: Pharmaceutical Preparations
CRNX,Crinetics Pharmaceuticals Inc. Common Stock,$83.73,0.08,0.096%,8828,United States,2018.0,2344358,Health Care,Biotechnology: Pharmaceutical Preparations
ALKS,Alkermes plc Ordinary Shares,$52.89,-0.08,-0.151%,8815,Ireland,1991.0,1288529,Health Care,Biotechnology: Pharmaceutical Preparations
PTGX,Protagonist Therapeutics Inc. Common Stock,$136.11,0.68,0.502%,8753,United States,2016.0,298455,Health Care,Biotechnology: Pharmaceutical Preparations
TGTX,TG Therapeutics Inc. Common Stock,$56.04,0.54,0.973%,8578,United States,,1434574,Health Care,Biotechnology: Pharmaceutical Preparations
QGEN,Qiagen N.V. Common Shares,$41.37,-0.08,-0.193%,8525,Netherlands,2026.0,1835133,Health Care,Biotechnology: Biological Products (No Diagnostic Substances)
IMVT,Immunovant Inc. Common Stock,$39.41,0.04,0.102%,8134,United States,2019.0,727079,Health Care,Biotechnology: Biological Products (No Diagnostic Substances)
PCVX,Vaxcyte Inc. Common Stock,$54.66,-0.98,-1.761%,7892,United States,2020.0,1120780,Health Care,Biotechnology: Pharmaceutical Preparations
LQDA,Liquidia Corporation Common Stock,$86.22,-2.81,-3.156%,7667,United States,2018.0,1591984,Health Care,Biotechnology: Pharmaceutical Preparations
RGEN,Repligen Corporation Common Stock,$131.96,-5.64,-4.099%,7443,United States,1986.0,1359944,Health Care,Biotechnology: Biological Products (No Diagnostic Substances)
IBRX,ImmunityBio Inc. Common Stock,$7.10,-0.3,-4.054%,7436,United States,2015.0,8504463,Health Care,Biotechnology: Biological Products (No Diagnostic Substances)
RYTM,Rhythm Pharmaceuticals Inc. Common Stock,$102.10,-0.56,-0.545%,6997,United States,2017.0,467156,Health Care,Biotechnology: Pharmaceutical Preparations
MIRM,Mirum Pharmaceuticals Inc. Common Stock,$113.03,-1.33,-1.163%,6892,United States,2019.0,516961,Health Care,Biotechnology: Pharmaceutical Preparations
LNTH,Lantheus Holdings Inc. Common Stock,$104.82,1.09,1.051%,6824,United States,2015.0,474111,Health Care,Biotechnology: In Vitro & In Vivo Diagnostic Substances
COGT,Cogent Biosciences Inc. Common Stock,$39.76,-0.48,-1.193%,6793,United States,2018.0,1593451,Health Care,Biotechnology: Pharmaceutical Preparations
ERAS,Erasca Inc. Common Stock,$19.11,-0.23,-1.189%,6540,United States,2021.0,3176454,Health Care,Biotechnology: Pharmaceutical Preparations
PTCT,PTC Therapeutics Inc. Common Stock,$76.82,-1.63,-2.078%,6372,United States,2013.0,838184,Health Care,Biotechnology: Pharmaceutical Preparations
XENE,Xenon Pharmaceuticals Inc. Common Shares,$65.42,0.0,0.00%,6323,Canada,2014.0,529974,Health Care,Biotechnology: Pharmaceutical Preparations
CGON,CG Oncology Inc. Common stock,$69.32,-1.8,-2.531%,6114,United States,2024.0,368793,Health Care,Biotechnology: Biological Products (No Diagnostic Substances)
BLTE,Belite Bio Inc American Depositary Shares,$153.36,-2.92,-1.868%,6033,United States,2022.0,172397,Health Care,Biotechnology: Pharmaceutical Preparations
LGND,Ligand Pharmaceuticals Incorporated Common Stock,$300.53,-1.62,-0.536%,6022,United States,,277084,Health Care,Biotechnology: Pharmaceutical Preparations
AMRX,Amneal Pharmaceuticals Inc. Class A Common Stock,$17.92,-0.05,-0.278%,5716,United States,,1156490,Health Care,Biotechnology: Pharmaceutical Preparations
SRRK,Scholar Rock Holding Corporation Common Stock,$47.67,-1.81,-3.658%,5712,United States,2018.0,838728,Health Care,Biotechnology: Biological Products (No Diagnostic Substances)
DNTH,Dianthus Therapeutics Inc. Common Stock,$103.87,-0.92,-0.878%,5678,United States,2018.0,827662,Health Care,Biotechnology: Pharmaceutical Preparations
TWST,Twist Bioscience Corporation Common Stock,$90.27,-2.17,-2.347%,5621,United States,2018.0,1045564,Health Care,Biotechnology: Biological Products (No Diagnostic Substances)
ORKA,Oruka Therapeutics Inc. Common Stock,$92.16,0.21,0.228%,5558,United States,,579273,Health Care,Biotechnology: In Vitro & In Vivo Diagnostic Substances
TVTX,Travere Therapeutics Inc. Common Stock,$57.36,0.68,1.20%,5334,United States,,1229272,Health Care,Biotechnology: Pharmaceutical Preparations
GRFS,Grifols S.A. American Depositary Shares,$7.58,0.04,0.531%,5211,Spain,,3092206,Health Care,Biotechnology: Pharmaceutical Preparations
INDV,Indivior Pharmaceuticals Inc. Common Stock,$40.525,0.015,0.037%,5056,United Kingdom,,837635,Health Care,Biotechnology: Pharmaceutical Preparations
KNSA,Kiniksa Pharmaceuticals International plc Class A Ordinary Shares,$62.84,-0.21,-0.333%,4834,United States,2018.0,619993,Health Care,Biotechnology: Pharmaceutical Preparations
MANE,Veradermics Incorporated Common Stock,$109.51,-6.35,-5.481%,4575,,2026.0,533198,Health Care,Biotechnology: Pharmaceutical Preparations
DYN,Dyne Therapeutics Inc. Common Stock,$24.44,0.55,2.302%,4492,United States,2020.0,5066116,Health Care,Biotechnology: Pharmaceutical Preparations
CRSP,CRISPR Therapeutics AG Common Shares,$46.54,-0.99,-2.083%,4488,Switzerland,2016.0,1389384,Health Care,Biotechnology: Biological Products (No Diagnostic Substances)
EWTX,Edgewise Therapeutics Inc. Common Stock,$40.84,1.55,3.945%,4394,United States,2021.0,1028032,Health Care,Biotechnology: Pharmaceutical Preparations
ACAD,ACADIA Pharmaceuticals Inc. Common Stock,$24.84,0.01,0.04%,4253,United States,1985.0,1046999,Health Care,Biotechnology: Pharmaceutical Preparations
LEGN,Legend Biotech Corporation American Depositary Shares,$22.22,-1.31,-5.567%,4127,United States,2020.0,1693997,Health Care,Biotechnology: Pharmaceutical Preparations
VKTX,Viking Therapeutics Inc. Common Stock,$34.79,-0.6,-1.695%,4039,United States,2015.0,1837335,Health Care,Biotechnology: Pharmaceutical Preparations
TNGX,Tango Therapeutics Inc.,$26.63,-0.82,-2.987%,3851,United States,2020.0,2462361,Health Care,Biotechnology: Pharmaceutical Preparations
PBLS,Parabilis Medicines Inc. Common Stock,$31.28,-1.53,-4.663%,3714,United States,2026.0,349568,Health Care,Biotechnology: Pharmaceutical Preparations
GMAB,Genmab A/S ADS,$28.87,-0.3,-1.028%,3709,Denmark,2019.0,1676255,Health Care,Biotechnology: Pharmaceutical Preparations
DNLI,Denali Therapeutics Inc. Common Stock,$23.11,-0.31,-1.324%,3667,United States,2017.0,1162935,Health Care,Biotechnology: Biological Products (No Diagnostic Substances)
RCUS,Arcus Biosciences Inc. Common Stock,$28.42,-1.31,-4.406%,3574,United States,2018.0,1230587,Health Care,Biotechnology: Pharmaceutical Preparations
ALMS,Alumis Inc. Common Stock,$28.00,-0.3,-1.06%,3569,United States,2024.0,1164934,Health Care,Biotechnology: Pharmaceutical Preparations
ADPT,Adaptive Biotechnologies Corporation Common Stock,$22.27,-0.04,-0.179%,3564,United States,2019.0,2819988,Health Care,Biotechnology: Biological Products (No Diagnostic Substances)
OGN,Organon & Co. Common Stock ,$13.52,-0.04,-0.295%,3550,United States,2021.0,3824301,Health Care,Biotechnology: Pharmaceutical Preparations
RLAY,Relay Therapeutics Inc. Common Stock,$18.44,-0.65,-3.405%,3532,United States,2020.0,2039967,Health Care,Biotechnology: Biological Products (No Diagnostic Substances)
GPCR,Structure Therapeutics Inc. American Depositary Shares,$49.12,-1.68,-3.307%,3491,United States,2023.0,655425,Health Care,Biotechnology: Pharmaceutical Preparations
NAMS,NewAmsterdam Pharma Company N.V. Ordinary Shares,$29.64,-0.91,-2.979%,3465,Netherlands,,1092560,Health Care,Biotechnology: Pharmaceutical Preparations
TLX,Telix Pharmaceuticals Limited American Depositary Shares,$10.22,-0.29,-2.759%,3462,Australia,,83129,Health Care,Biotechnology: Pharmaceutical Preparations
ARQT,Arcutis Biotherapeutics Inc. Common Stock,$27.35,0.02,0.073%,3421,United States,2020.0,819340,Health Care,Biotechnology: Pharmaceutical Preparations
ELVN,Enliven Therapeutics Inc. Common Stock,$52.95,0.14,0.265%,3224,United States,2020.0,368677,Health Care,Biotechnology: Pharmaceutical Preparations
IDYA,IDEAYA Biosciences Inc. Common Stock,$35.40,-0.83,-2.291%,3110,United States,2019.0,901731,Health Care,Biotechnology: Pharmaceutical Preparations
MBX,MBX Biosciences Inc. Common Stock,$62.00,-1.57,-2.47%,2951,United States,2024.0,501021,Health Care,Biotechnology: Pharmaceutical Preparations
IRON,Disc Medicine Inc. Common Stock,$74.12,-1.74,-2.294%,2831,United States,,403336,Health Care,Biotechnology: Pharmaceutical Preparations
CLDX,Celldex Therapeutics Inc.,$35.28,-0.14,-0.395%,2769,United States,,639234,Health Care,Biotechnology: In Vitro & In Vivo Diagnostic Substances
SUPN,Supernus Pharmaceuticals Inc. Common Stock,$46.20,-0.99,-2.098%,2681,United States,2012.0,521964,Health Care,Biotechnology: Pharmaceutical Preparations
RARE,Ultragenyx Pharmaceutical Inc. Common Stock,$26.90,-0.12,-0.444%,2649,United States,2014.0,1495661,Health Care,Biotechnology: Pharmaceutical Preparations
ATAI,AtaiBeckley Inc. Common Stock,$7.18,0.01,0.139%,2643,Germany,2008.0,6960209,Health Care,Biotechnology: Pharmaceutical Preparations
KOD,Kodiak Sciences Inc Common Stock,$41.41,0.39,0.951%,2591,United States,2018.0,512928,Health Care,Biotechnology: Biological Products (No Diagnostic Substances)
BEAM,Beam Therapeutics Inc. Common Stock,$25.10,-0.81,-3.126%,2582,United States,2020.0,1808008,Health Care,Biotechnology: Biological Products (No Diagnostic Substances)
VERA,Vera Therapeutics Inc. Class A Common Stock,$35.45,-0.9,-2.476%,2544,United States,2021.0,786153,Health Care,Biotechnology: Pharmaceutical Preparations
TARS,Tarsus Pharmaceuticals Inc. Common Stock,$58.66,0.08,0.137%,2523,United States,2020.0,446523,Health Care,Biotechnology: Biological Products (No Diagnostic Substances)
IMNM,Immunome Inc. Common Stock,$22.21,0.2,0.909%,2515,United States,2020.0,615088,Health Care,Biotechnology: Pharmaceutical Preparations
TRVI,Trevi Therapeutics Inc. Common Stock,$17.535,0.355,2.066%,2489,United States,2019.0,1652424,Health Care,Biotechnology: Pharmaceutical Preparations
TAK,Takeda Pharmaceutical Company Limited American Depositary Shares (each representing 1/2 of a share of Common Stock),$17.24,0.42,2.497%,2470,Japan,2018.0,3266551,Health Care,Biotechnology: Pharmaceutical Preparations
QURE,uniQure N.V. Ordinary Shares,$38.97,-0.46,-1.167%,2457,Netherlands,2014.0,1345824,Health Care,Biotechnology: Pharmaceutical Preparations
NRIX,Nurix Therapeutics Inc. Common stock,$23.38,-0.36,-1.516%,2426,United States,2020.0,833266,Health Care,Biotechnology: Pharmaceutical Preparations
NKTR,Nektar Therapeutics  Common Stock,$70.725,1.365,1.968%,2389,United States,,836025,Health Care,Biotechnology: Pharmaceutical Preparations
PHVS,Pharvaris N.V. Ordinary Shares,$34.17,0.91,2.736%,2380,Netherlands,2021.0,255614,Health Care,Biotechnology: Pharmaceutical Preparations
BCRX,BioCryst Pharmaceuticals Inc. Common Stock,$9.34,-0.04,-0.426%,2373,United States,1994.0,1851692,Health Care,Biotechnology: Biological Products (No Diagnostic Substances)
PBH,Prestige Consumer Healthcare Inc. Common Stock,$49.66,0.72,1.471%,2352,United States,2005.0,350498,Health Care,Biotechnology: Pharmaceutical Preparations
VCEL,Vericel Corporation Common Stock,$45.05,0.005,0.011%,2300,United States,,360463,Health Care,Biotechnology: Biological Products (No Diagnostic Substances)
KLRA,Kailera Therapeutics Inc. Common Stock,$17.69,0.29,1.667%,2292,United States,2026.0,672877,Health Care,Biotechnology: Pharmaceutical Preparations
NUVB,Nuvation Bio Inc. Class A Common Stock,$6.42,-0.07,-1.079%,2235,United States,2020.0,6137971,Health Care,Biotechnology: Pharmaceutical Preparations
IOVA,Iovance Biotherapeutics Inc. Common Stock,$4.99,-0.14,-2.729%,2228,United States,,9416717,Health Care,Biotechnology: Biological Products (No Diagnostic Substances)
COAG,Hemab Therapeutics Holdings Inc. Common Stock,$47.31,1.48,3.229%,2209,United States,2026.0,778661,Health Care,Biotechnology: Biological Products (No Diagnostic Substances)
MLYS,Mineralys Therapeutics Inc. Common Stock,$26.71,-0.29,-1.074%,2203,United States,2023.0,648868,Health Care,Biotechnology: Pharmaceutical Preparations
AGIO,Agios Pharmaceuticals Inc. Common Stock,$36.36,0.08,0.221%,2162,United States,2013.0,890032,Health Care,Biotechnology: Pharmaceutical Preparations
ZLAB,Zai Lab Limited American Depositary Shares,$19.22,-0.46,-2.337%,2159,China,2017.0,478130,Health Care,Biotechnology: Pharmaceutical Preparations
BHVN,Biohaven Ltd. Common Shares ,$14.32,-0.33,-2.253%,2155,United States,2022.0,1712770,Health Care,Biotechnology: Pharmaceutical Preparations
SLS,SELLAS Life Sciences Group Inc. Common Stock,$11.32,-1.02,-8.266%,2105,United States,,6709499,Health Care,Biotechnology: Pharmaceutical Preparations
SION,Sionna Therapeutics Inc. Common Stock,$45.70,1.64,3.722%,2063,United States,2025.0,654835,Health Care,Biotechnology: Pharmaceutical Preparations
AMLX,Amylyx Pharmaceuticals Inc. Common Stock,$18.41,0.82,4.662%,2046,United States,2022.0,1633979,Health Care,Biotechnology: Pharmaceutical Preparations
NEOG,Neogen Corporation Common Stock,$9.40,-0.21,-2.185%,2046,United States,1989.0,1190325,Health Care,Biotechnology: In Vitro & In Vivo Diagnostic Substances
HRMY,Harmony Biosciences Holdings Inc. Common Stock,$35.32,-0.48,-1.341%,2044,United States,2020.0,585365,Health Care,Biotechnology: Pharmaceutical Preparations
RVMDW,Revolution Medicines Inc. Warrant,$9.50,-0.03,-0.315%,2019,United States,,21072,Health Care,Biotechnology: Biological Products (No Diagnostic Substances)
URGN,UroGen Pharma Ltd. Ordinary Shares,$40.97,-1.53,-3.60%,1996,Israel,2017.0,421354,Health Care,Biotechnology: Pharmaceutical Preparations
AUPH,Aurinia Pharmaceuticals Inc Ordinary Shares,$15.35,0.11,0.722%,1994,Canada,,792596,Health Care,Biotechnology: Pharmaceutical Preparations
PVLA,Palvella Therapeutics Inc. Common Stock,$138.01,-5.195,-3.628%,1979,United States,,184294,Health Care,Biotechnology: Pharmaceutical Preparations
MESO,Mesoblast Limited American Depositary Shares,$15.31,-0.77,-4.789%,1976,Australia,2015.0,188316,Health Care,Biotechnology: Biological Products (No Diagnostic Substances)
RAPP,Rapport Therapeutics Inc. Common Stock,$40.68,-0.7,-1.692%,1945,United States,2024.0,269643,Health Care,Biotechnology: Pharmaceutical Preparations
PGEN,Precigen Inc. Common Stock,$5.40,-0.14,-2.527%,1925,United States,,2866661,Health Care,Biotechnology: Pharmaceutical Preparations
GLUE,Monte Rosa Therapeutics Inc. Common Stock,$22.78,-0.25,-1.086%,1924,United States,2021.0,869479,Health Care,Biotechnology: Biological Products (No Diagnostic Substances)
ADMA,ADMA Biologics Inc Common Stock,$8.27,-0.1,-1.195%,1921,United States,,2340962,Health Care,Biotechnology: Biological Products (No Diagnostic Substances)
NBTX,Nanobiotix S.A. American Depositary Shares,$39.70,0.15,0.379%,1921,France,2020.0,103761,Health Care,Biotechnology: Pharmaceutical Preparations
HCM,HUTCHMED (China) Limited American Depositary Shares,$11.01,0.05,0.456%,1920,Hong Kong,2016.0,50656,Health Care,Biotechnology: Pharmaceutical Preparations
ZBIO,Zenas BioPharma Inc. Common Stock,$30.39,-0.6,-1.936%,1918,United States,2024.0,558971,Health Care,Biotechnology: Pharmaceutical Preparations
GHRS,GH Research PLC Ordinary Shares,$27.28,-0.35,-1.267%,1870,Ireland,2021.0,163926,Health Care,Biotechnology: Pharmaceutical Preparations
OCUL,Ocular Therapeutix Inc. Common Stock,$8.505,-0.115,-1.334%,1862,United States,2014.0,1166057,Health Care,Biotechnology: Pharmaceutical Preparations
SNDX,Syndax Pharmaceuticals Inc. Common Stock,$20.81,-0.4,-1.886%,1843,United States,2016.0,1227506,Health Care,Biotechnology: Pharmaceutical Preparations
LKFT,Lakefront Biotherapeutics American Depositary Shares,$27.84,-0.28,-0.996%,1834,Belgium,2015.0,167208,Health Care,Biotechnology: Pharmaceutical Preparations
STOK,Stoke Therapeutics Inc. Common Stock,$29.30,-0.35,-1.18%,1824,United States,2019.0,441860,Health Care,Biotechnology: Pharmaceutical Preparations
TYRA,Tyra Biosciences Inc. Common Stock,$30.63,-0.17,-0.552%,1821,United States,2021.0,638279,Health Care,Biotechnology: Pharmaceutical Preparations
KARD,Kardigan Inc. Common Stock,$20.74,-0.93,-4.292%,1818,United States,2026.0,157639,Health Care,Biotechnology: Pharmaceutical Preparations
BCAX,Bicara Therapeutics Inc. Common Stock,$27.02,-0.71,-2.56%,1775,United States,2024.0,479761,Health Care,Biotechnology: Pharmaceutical Preparations
DMRA,Damora Therapeutics Inc. Ordinary Shares,$28.82,-0.35,-1.20%,1773,Denmark,2020.0,564874,Health Care,Biotechnology: Pharmaceutical Preparations
SLBT,SL Science Holding Limited Ordinary Shares,$3.12,-0.05,-1.577%,1749,Taiwan,,286621,Health Care,Biotechnology: Biological Products (No Diagnostic Substances)
MRVI,Maravai LifeSciences Holdings Inc. Class A Common Stock,$6.76,-0.29,-4.113%,1745,United States,2020.0,1909976,Health Care,Biotechnology: Pharmaceutical Preparations
ANIP,ANI Pharmaceuticals Inc.,$77.65,-0.88,-1.121%,1743,United States,,157993,Health Care,Biotechnology: Pharmaceutical Preparations
GENB,Generate Biomedicines Inc. Common Stock,$13.40,-0.43,-3.109%,1717,United States,2026.0,321236,Health Care,Biotechnology: Pharmaceutical Preparations
AAPG,Ascentage Pharma Group International American Depository Shares,$18.29,-1.0351,-5.356%,1707,China,2025.0,4597,Health Care,Biotechnology: Pharmaceutical Preparations
IMCR,Immunocore Holdings plc American Depositary Shares,$35.00,-0.51,-1.436%,1683,United Kingdom,2021.0,530384,Health Care,Biotechnology: Biological Products (No Diagnostic Substances)
ZYME,Zymeworks Inc. Common Stock,$22.86,-0.26,-1.125%,1669,United States,,272384,Health Care,Biotechnology: Pharmaceutical Preparations
MPLT,MapLight Therapeutics Inc. Common Stock,$36.56,1.33,3.775%,1657,United States,2025.0,547384,Health Care,Biotechnology: Pharmaceutical Preparations
BHC,Bausch Health Companies Inc. Common Stock,$4.43,-0.02,-0.449%,1655,Canada,,1226999,Health Care,Biotechnology: Pharmaceutical Preparations
SRPT,Sarepta Therapeutics Inc. Common Stock (DE),$15.68,-0.2,-1.259%,1655,United States,,2141436,Health Care,Biotechnology: Pharmaceutical Preparations
ANAB,AnaptysBio Inc. Common Stock,$54.15,-0.76,-1.384%,1603,United States,2017.0,486855,Health Care,Biotechnology: Pharmaceutical Preparations
TSHA,Taysha Gene Therapies Inc. Common Stock,$5.52,-0.31,-5.317%,1586,United States,2020.0,1812539,Health Care,Biotechnology: Biological Products (No Diagnostic Substances)
INVA,Innoviva Inc. Common Stock,$21.44,0.24,1.132%,1582,United States,2004.0,550454,Health Care,Biotechnology: Pharmaceutical Preparations
RXRX,Recursion Pharmaceuticals Inc. Class A Common Stock,$2.96,-0.05,-1.661%,1568,United States,2021.0,16498176,Health Care,Biotechnology: Biological Products (No Diagnostic Substances)
ABCL,AbCellera Biologics Inc. Common Shares,$5.31,-0.36,-6.349%,1564,Canada,2020.0,6259410,Health Care,Biotechnology: Pharmaceutical Preparations
MAZE,Maze Therapeutics Inc. Common Stock,$27.68,-0.01,-0.036%,1531,United States,2025.0,166044,Health Care,Biotechnology: Biological Products (No Diagnostic Substances)
CMPS,COMPASS Pathways Plc American Depository Shares,$11.26,-0.45,-3.843%,1519,United Kingdom,2020.0,3625522,Health Care,Biotechnology: Pharmaceutical Preparations
NTLA,Intellia Therapeutics Inc. Common Stock,$10.73,-0.37,-3.333%,1499,United States,2016.0,3460017,Health Care,Biotechnology: In Vitro & In Vivo Diagnostic Substances
SEPN,Septerna Inc. Common Stock,$33.10,-0.37,-1.105%,1492,United States,2024.0,242047,Health Care,Biotechnology: Pharmaceutical Preparations
AVBP,ArriVent BioPharma Inc. Common Stock,$31.73,0.19,0.602%,1477,United States,2024.0,474980,Health Care,Biotechnology: Pharmaceutical Preparations
VIR,Vir Biotechnology Inc. Common Stock,$8.69,-0.65,-6.959%,1465,United States,2019.0,2151279,Health Care,Biotechnology: Biological Products (No Diagnostic Substances)
XNCR,Xencor Inc. Common Stock,$19.44,-0.09,-0.461%,1441,United States,2013.0,633024,Health Care,Biotechnology: Pharmaceutical Preparations
XERS,Xeris Biopharma Holdings Inc. Common Stock,$8.32,-0.09,-1.07%,1436,United States,2018.0,1175902,Health Care,Biotechnology: Pharmaceutical Preparations
HROW,Harrow Inc. Common Stock,$38.45,-3.43,-8.19%,1433,United States,,888678,Health Care,Biotechnology: Pharmaceutical Preparations
NNNN,Anbio Biotechnology Class A Ordinary Shares,$9.90,0.16,1.643%,1424,Germany,2025.0,17014,Health Care,Biotechnology: In Vitro & In Vivo Diagnostic Substances
MLTX,MoonLake Immunotherapeutics Class A Ordinary Shares,$19.02,-0.34,-1.756%,1400,United States,2020.0,650768,Health Care,Biotechnology: Pharmaceutical Preparations
PRGO,Perrigo Company plc Ordinary Shares,$10.09,-0.01,-0.099%,1396,United States,,2545022,Health Care,Biotechnology: Pharmaceutical Preparations
PAHC,Phibro Animal Health Corporation Class A Common Stock,$34.035,-0.005,-0.015%,1380,United States,2014.0,137289,Health Care,Biotechnology: Pharmaceutical Preparations
AKTS,Aktis Oncology Inc. Common stock,$23.89,-0.12,-0.50%,1320,United States,2026.0,193815,Health Care,Biotechnology: Pharmaceutical Preparations
MNKD,MannKind Corporation Common Stock,$4.13,0.24,6.17%,1275,United States,2004.0,9439463,Health Care,Biotechnology: Pharmaceutical Preparations
ORIC,Oric Pharmaceuticals Inc. Common Stock,$12.10,1.21,11.111%,1252,United States,2020.0,3613276,Health Care,Biotechnology: Pharmaceutical Preparations
ARDX,Ardelyx Inc. Common Stock,$5.03,-0.1,-1.949%,1242,United States,2014.0,1719462,Health Care,Biotechnology: Pharmaceutical Preparations
AVLN,Avalyn Pharma Inc. Common Stock,$27.95,-1.78,-5.987%,1239,United States,2026.0,139589,Health Care,Biotechnology: Pharmaceutical Preparations
TRAX,First Tracks Biotherapeutics Inc. Ordinary Shares ,$35.52,-2.12,-5.632%,1239,United States,,495477,Health Care,Biotechnology: Pharmaceutical Preparations
NVAX,Novavax Inc. Common Stock,$7.46,-0.365,-4.665%,1226,United States,,3177001,Health Care,Biotechnology: Biological Products (No Diagnostic Substances)
IMTX,Immatics N.V. Ordinary Shares,$9.08,-0.21,-2.26%,1217,Germany,,290501,Health Care,Biotechnology: Biological Products (No Diagnostic Substances)
INBX,Inhibrx Biosciences Inc. Common Stock,$81.55,-3.45,-4.059%,1196,United States,,164763,Health Care,Biotechnology: Biological Products (No Diagnostic Substances)
ETON,Eton Pharmaceuticals Inc. Common Stock,$42.59,-1.55,-3.512%,1166,United States,2018.0,385782,Health Care,Biotechnology: Pharmaceutical Preparations
COLL,Collegium Pharmaceutical Inc. Common Stock,$35.20,-0.39,-1.096%,1141,United States,2015.0,254202,Health Care,Biotechnology: Pharmaceutical Preparations
CAPR,Capricor Therapeutics Inc. Common Stock,$19.70,-0.13,-0.656%,1140,United States,,2463020,Health Care,Biotechnology: Pharmaceutical Preparations
SVRA,Savara Inc. Common Stock,$5.51,-0.24,-4.174%,1129,United States,,1550306,Health Care,Biotechnology: Pharmaceutical Preparations
SPTX,Seaport Therapeutics Inc. Common Stock,$21.10,-0.84,-3.829%,1129,United States,2026.0,53536,Health Care,Biotechnology: Pharmaceutical Preparations
FBRX,Forte Biosciences Inc. Common Stock,$54.78,-4.92,-8.241%,1121,United States,2017.0,575873,Health Care,Biotechnology: Pharmaceutical Preparations
SDGR,Schrodinger Inc. Common Stock,$14.97,-0.16,-1.058%,1118,United States,2020.0,980672,Health Care,Biotechnology: Pharmaceutical Preparations
WVE,Wave Life Sciences Ltd. Ordinary Shares,$5.81,0.03,0.519%,1117,Singapore,2015.0,2067614,Health Care,Biotechnology: Pharmaceutical Preparations
CRVS,Corvus Pharmaceuticals Inc. Common Stock,$13.07,-0.61,-4.459%,1099,United States,2016.0,955925,Health Care,Biotechnology: Pharmaceutical Preparations
QDEL,QuidelOrtho Corporation Common Stock,$16.05,-0.53,-3.197%,1094,United States,,913060,Health Care,Biotechnology: In Vitro & In Vivo Diagnostic Substances
MGTX,MeiraGTx Holdings plc Ordinary Shares,$11.77,-0.33,-2.727%,1090,United States,2018.0,497333,Health Care,Biotechnology: Biological Products (No Diagnostic Substances)
IVA,Inventiva S.A. American Depository Shares,$4.46,-0.05,-1.109%,1053,France,2020.0,667375,Health Care,Biotechnology: Pharmaceutical Preparations
CGEM,Cullinan Therapeutics Inc. Common Stock,$17.10,-0.18,-1.042%,1050,United States,2021.0,316664,Health Care,Biotechnology: Biological Products (No Diagnostic Substances)
VOR,Vor Biopharma Inc. Common Stock,$19.26,0.28,1.475%,1043,United States,2021.0,639002,Health Care,Biotechnology: Biological Products (No Diagnostic Substances)
ANRO,Alto Neuroscience Inc. Common Stock,$26.78,-0.07,-0.261%,1040,United States,2024.0,295592,Health Care,Biotechnology: Pharmaceutical Preparations
OLMA,Olema Pharmaceuticals Inc. Common Stock,$11.70,-0.04,-0.341%,1021,United States,2020.0,806845,Health Care,Biotechnology: Pharmaceutical Preparations
PCRX,Pacira BioSciences Inc. Common Stock,$25.88,-0.05,-0.193%,1018,United States,2011.0,425457,Health Care,Biotechnology: Pharmaceutical Preparations
LXRX,Lexicon Pharmaceuticals Inc. Common Stock,$2.29,-0.01,-0.435%,1017,United States,,1681145,Health Care,Biotechnology: Pharmaceutical Preparations
LBRX,LB Pharmaceuticals Inc Common Stock,$35.01,0.39,1.127%,1003,United States,2025.0,333844,Health Care,Biotechnology: Pharmaceutical Preparations
JBIO,Jade Biosciences Inc. Common Stock,$20.08,0.46,2.345%,991,United States,2021.0,684578,Health Care,Biotechnology: Pharmaceutical Preparations
AVTX,Avalo Therapeutics Inc. Common Stock,$18.44,0.68,3.829%,975,United States,2015.0,800243,Health Care,Biotechnology: Pharmaceutical Preparations
BIOA,BioAge Labs Inc. Common Stock,$21.77,-0.13,-0.594%,967,United States,2024.0,1031136,Health Care,Biotechnology: Pharmaceutical Preparations
ALVO,Alvotech Ordinary Shares,$3.06,-0.12,-3.774%,955,Luxembourg,,584219,Health Care,Biotechnology: Biological Products (No Diagnostic Substances)
JANX,Janux Therapeutics Inc. Common Stock,$15.33,-0.39,-2.481%,934,United States,2021.0,550026,Health Care,Biotechnology: Pharmaceutical Preparations
KURA,Kura Oncology Inc. Common Stock,$10.39,-0.06,-0.574%,922,United States,,1137971,Health Care,Biotechnology: Pharmaceutical Preparations
OPK,OPKO Health Inc. Common Stock,$1.22,0.05,4.274%,921,United States,,2549128,Health Care,Biotechnology: Pharmaceutical Preparations
PHAT,Phathom Pharmaceuticals Inc. Common Stock,$11.44,-0.16,-1.379%,912,United States,2019.0,936455,Health Care,Biotechnology: Pharmaceutical Preparations
ANL,Adlai Nortye Ltd. American Depositary Shares,$12.50,-0.72,-5.446%,910,Cayman Islands,2023.0,130577,Health Care,Biotechnology: Pharmaceutical Preparations
GERN,Geron Corporation Common Stock,$1.42,-0.03,-2.069%,910,United States,1996.0,3290562,Health Care,Biotechnology: Pharmaceutical Preparations
ODTX,Odyssey Therapeutics Inc. Common Stock,$18.66,0.99,5.603%,896,United States,2026.0,161444,Health Care,Biotechnology: Biological Products (No Diagnostic Substances)
PHAR,Pharming Group N.V. ADS each representing 10 ordinary shares,$12.615,-0.555,-4.214%,890,Netherlands,,5375,Health Care,Biotechnology: Pharmaceutical Preparations
SANA,Sana Biotechnology Inc. Common Stock,$3.18,-0.03,-0.935%,884,United States,2021.0,2309584,Health Care,Biotechnology: Biological Products (No Diagnostic Substances)
TBPH,Theravance Biopharma Inc. Ordinary Shares,$16.86,0.0,0.00%,869,Cayman Islands,,652205,Health Care,Biotechnology: Pharmaceutical Preparations
ABUS,Arbutus Biopharma Corporation Common Stock,$4.38,-0.09,-2.013%,865,Canada,,876408,Health Care,Biotechnology: Pharmaceutical Preparations
ANNX,Annexon Inc. Common Stock,$5.22,-0.08,-1.509%,855,United States,2020.0,2732902,Health Care,Biotechnology: Pharmaceutical Preparations
AMPH,Amphastar Pharmaceuticals Inc. Common Stock,$18.72,-0.15,-0.795%,825,United States,2014.0,445701,Health Care,Biotechnology: Pharmaceutical Preparations
REPL,Replimune Group Inc. Common Stock,$9.70,-0.76,-7.266%,814,United States,2018.0,3267079,Health Care,Biotechnology: Biological Products (No Diagnostic Substances)
DBVT,DBV Technologies S.A. American Depositary Shares,$13.63,-0.23,-1.659%,807,France,2014.0,190914,Health Care,Biotechnology: Biological Products (No Diagnostic Substances)
CYRX,CryoPort Inc. Common Stock,$15.37,-0.66,-4.117%,774,United States,,589853,Health Care,Biotechnology: Pharmaceutical Preparations
SLDB,Solid Biosciences Inc. Common Stock,$7.83,-0.15,-1.88%,770,United States,2018.0,1088408,Health Care,Biotechnology: Biological Products (No Diagnostic Substances)
MNPR,Monopar Therapeutics Inc. Common Stock,$109.87,4.17,3.945%,736,United States,2019.0,229806,Health Care,Biotechnology: Pharmaceutical Preparations
CLYM,Climb Bio Inc. Common Stock,$12.84,0.08,0.627%,735,United States,2021.0,665932,Health Care,Biotechnology: Pharmaceutical Preparations
DSGN,Design Therapeutics Inc. Common Stock,$11.78,0.15,1.29%,735,United States,2021.0,417087,Health Care,Biotechnology: Pharmaceutical Preparations
ACRS,Aclaris Therapeutics Inc. Common Stock,$5.23,-0.25,-4.562%,730,United States,2015.0,760703,Health Care,Biotechnology: Pharmaceutical Preparations
FTH,Faeth Therapeutics Inc. Common Stock,$28.29,0.53,1.909%,729,United States,2021.0,129161,Health Care,Biotechnology: Pharmaceutical Preparations
AURA,Aura Biosciences Inc. Common Stock,$7.05,-0.15,-2.083%,729,United States,2021.0,325844,Health Care,Biotechnology: Biological Products (No Diagnostic Substances)
OMER,Omeros Corporation Common Stock,$9.79,-0.49,-4.767%,708,United States,2009.0,796723,Health Care,Biotechnology: Pharmaceutical Preparations
BBOT,BridgeBio Oncology Therapeutics Inc. Common Stock  ,$8.82,0.1,1.147%,706,United States,2024.0,186056,Health Care,Biotechnology: Pharmaceutical Preparations
CTMX,CytomX Therapeutics Inc. Common Stock,$3.24,-0.09,-2.703%,705,United States,2015.0,1519817,Health Care,Biotechnology: Pharmaceutical Preparations
CADL,Candel Therapeutics Inc. Common Stock,$9.56,-0.3,-3.043%,700,United States,2021.0,1011938,Health Care,Biotechnology: Biological Products (No Diagnostic Substances)
DRUG,Bright Minds Biosciences Inc. Common Stock,$71.33,0.04,0.056%,699,Canada,,345935,Health Care,Biotechnology: Pharmaceutical Preparations
RIGL,Rigel Pharmaceuticals Inc. Common Stock,$36.74,-0.08,-0.217%,679,United States,2000.0,485323,Health Care,Biotechnology: Pharmaceutical Preparations
NGNE,Neurogene Inc. Common Stock ,$34.90,-0.67,-1.884%,667,Canada,2014.0,161745,Health Care,Biotechnology: Pharmaceutical Preparations
GYRE,Gyre Therapeutics Inc. Common Stock,$5.94,-0.07,-1.165%,662,United States,2006.0,33772,Health Care,Biotechnology: Pharmaceutical Preparations
OCS,Oculis Holding AG Ordinary shares,$11.13,-0.31,-2.71%,645,Switzerland,,375498,Health Care,Biotechnology: Pharmaceutical Preparations
FBIOP,Fortress Biotech Inc. 9.375% Series A Cumulative Redeemable Perpetual Preferred Stock,$18.89,0.04,0.212%,627,United States,,11492,Health Care,Biotechnology: Pharmaceutical Preparations
ACHV,Achieve Life Sciences Inc. Common Shares,$6.10,-0.07,-1.135%,626,United States,,927013,Health Care,Biotechnology: In Vitro & In Vivo Diagnostic Substances
MDXG,MiMedx Group Inc Common Stock,$4.20,0.07,1.695%,625,United States,,531898,Health Care,Biotechnology: Pharmaceutical Preparations
CRMD,CorMedix Inc. Common Stock,$7.87,-0.18,-2.236%,617,United States,,625288,Health Care,Biotechnology: Pharmaceutical Preparations
AGMB,AgomAb Therapeutics NV American Depositary Shares,$12.51,-0.46,-3.547%,616,Belgium,2026.0,59100,Health Care,Biotechnology: Biological Products (No Diagnostic Substances)
IRWD,Ironwood Pharmaceuticals Inc. Class A Common Stock,$3.71,-0.08,-2.111%,610,United States,2010.0,1108945,Health Care,Biotechnology: Pharmaceutical Preparations
NVCT,Nuvectis Pharma Inc. Common Stock,$19.31,-0.84,-4.169%,608,United States,2022.0,248243,Health Care,Biotechnology: Pharmaceutical Preparations
ALLO,Allogene Therapeutics Inc. Common Stock,$1.74,-0.08,-4.396%,600,United States,2018.0,4856094,Health Care,Biotechnology: Biological Products (No Diagnostic Substances)
IMMX,Immix Biopharma Inc. Common Stock,$8.52,-0.28,-3.182%,594,United States,2021.0,2318752,Health Care,Biotechnology: Pharmaceutical Preparations
SPRY,ARS Pharmaceuticals Inc. Common Stock,$5.94,-0.06,-1.00%,589,United States,2020.0,3484949,Health Care,Biotechnology: Pharmaceutical Preparations
CBIO,Crescent Biopharma Inc. Common Stock,$16.30,-0.73,-4.287%,581,United States,2014.0,257010,Health Care,Biotechnology: Pharmaceutical Preparations
TECX,Tectonic Therapeutic Inc. Common Stock,$30.37,-1.24,-3.923%,573,United States,2018.0,99115,Health Care,Biotechnology: Biological Products (No Diagnostic Substances)
STTK,Shattuck Labs Inc. Common Stock,$7.43,0.34,4.795%,569,United States,2020.0,1467809,Health Care,Biotechnology: Pharmaceutical Preparations
ZVRA,Zevra Therapeutics Inc. Common Stock,$9.525,-2.995,-23.922%,563,United States,,6936270,Health Care,Biotechnology: Pharmaceutical Preparations
RLMD,Relmada Therapeutics Inc. Common Stock,$5.18,-0.02,-0.385%,543,United States,,1649995,Health Care,Biotechnology: Pharmaceutical Preparations
ALT,Altimmune Inc. Common Stock,$2.77,-0.07,-2.465%,538,United States,,1906888,Health Care,Biotechnology: Pharmaceutical Preparations
PRME,Prime Medicine Inc. Common Stock,$2.95,-0.02,-0.673%,532,United States,2022.0,2375220,Health Care,Biotechnology: Biological Products (No Diagnostic Substances)
VSTM,Verastem Inc. Common Stock,$6.05,-0.13,-2.104%,531,United States,2012.0,2531745,Health Care,Biotechnology: Pharmaceutical Preparations
MYGN,Myriad Genetics Inc. Common Stock,$5.61,-0.09,-1.579%,529,United States,1995.0,867662,Health Care,Biotechnology: In Vitro & In Vivo Diagnostic Substances
FDMT,4D Molecular Therapeutics Inc. Common Stock,$10.07,-0.31,-2.987%,526,United States,2020.0,682449,Health Care,Biotechnology: Biological Products (No Diagnostic Substances)
CTNM,Contineum Therapeutics Inc. Class A Common Stock,$14.06,-0.31,-2.157%,525,United States,2024.0,122847,Health Care,Biotechnology: Pharmaceutical Preparations
ARVN,Arvinas Inc. Common Stock,$8.03,-0.09,-1.108%,518,United States,2018.0,385677,Health Care,Biotechnology: Pharmaceutical Preparations
SLN,Silence Therapeutics Plc American Depository Share,$11.02,-0.43,-3.755%,515,United Kingdom,,341376,Health Care,Biotechnology: Pharmaceutical Preparations
RGNX,REGENXBIO Inc. Common Stock,$9.73,-0.52,-5.073%,503,United States,2015.0,974339,Health Care,Biotechnology: Biological Products (No Diagnostic Substances)
ZURA,Zura Bio Limited Class A Ordinary Shares,$5.23,-0.06,-1.134%,496,Cayman Islands,,366213,Health Care,Biotechnology: Biological Products (No Diagnostic Substances)
EIKN,Eikon Therapeutics Inc. Common Stock,$8.90,-0.72,-7.484%,481,United States,2026.0,243851,Health Care,Biotechnology: Biological Products (No Diagnostic Substances)
RZLT,Rezolute Inc. Common Stock (NV),$4.99,-0.32,-6.026%,480,United States,,1146791,Health Care,Biotechnology: Pharmaceutical Preparations
HELP,Cybin Inc. Common Stock,$7.62,-0.11,-1.423%,472,Canada,,1229857,Health Care,Biotechnology: Pharmaceutical Preparations
AQST,Aquestive Therapeutics Inc. Common Stock,$3.68,-0.09,-2.387%,461,United States,2018.0,2881441,Health Care,Biotechnology: Pharmaceutical Preparations
PRTA,Prothena Corporation plc Ordinary Shares,$8.75,0.22,2.579%,458,United States,,576856,Health Care,Biotechnology: Pharmaceutical Preparations
DNA,Ginkgo Bioworks Holdings Inc. Class A Common Stock,$7.36,-0.57,-7.188%,457,United States,2021.0,771196,Health Care,Biotechnology: Biological Products (No Diagnostic Substances)
VALN,Valneva SE American Depositary Shares,$4.78,0.0,0.00%,453,France,2021.0,6030,Health Care,Biotechnology: Biological Products (No Diagnostic Substances)
PROK,ProKidney Corp. Class A Ordinary Shares,$1.50,-0.02,-1.316%,453,United States,2021.0,1713607,Health Care,Biotechnology: Biological Products (No Diagnostic Substances)
QTTB,Q32 Bio Inc. Common Stock,$15.15,-0.23,-1.495%,450,United States,2018.0,178848,Health Care,Biotechnology: Pharmaceutical Preparations
KYTX,Kyverna Therapeutics Inc. Common Stock,$7.41,0.12,1.646%,450,United States,2024.0,850751,Health Care,Biotechnology: Biological Products (No Diagnostic Substances)
CABA,Cabaletta Bio Inc. Common Stock,$2.69,-0.03,-1.103%,438,United States,2019.0,1662391,Health Care,Biotechnology: Biological Products (No Diagnostic Substances)
SGMT,Sagimet Biosciences Inc. Series A Common Stock,$7.07,0.06,0.856%,436,United States,2023.0,910913,Health Care,Biotechnology: Pharmaceutical Preparations
OVID,Ovid Therapeutics Inc. Common Stock,$2.33,-0.07,-2.917%,434,United States,2017.0,984946,Health Care,Biotechnology: Pharmaceutical Preparations
LRMR,Larimar Therapeutics Inc. Common Stock,$4.00,-0.01,-0.249%,415,United States,2014.0,1230912,Health Care,Biotechnology: Pharmaceutical Preparations
SOPH,SOPHiA GENETICS SA Ordinary Shares,$5.72,-0.33,-5.455%,410,Switzerland,2021.0,192595,Health Care,Biotechnology: Biological Products (No Diagnostic Substances)
OCGN,Ocugen Inc. Common Stock,$1.21,-0.06,-4.724%,409,United States,2014.0,4117996,Health Care,Biotechnology: Biological Products (No Diagnostic Substances)
EVMN,Evommune Inc. Common Stock,$11.36,0.04,0.353%,409,United States,2025.0,274140,Health Care,Biotechnology: Pharmaceutical Preparations
KMDA,Kamada Ltd. Ordinary Shares,$7.06,0.1,1.437%,407,Israel,2013.0,17812,Health Care,Biotechnology: Pharmaceutical Preparations
ASMB,Assembly Biosciences Inc. Common Stock,$25.55,0.33,1.308%,406,United States,2010.0,142155,Health Care,Biotechnology: Pharmaceutical Preparations
PBYI,Puma Biotechnology Inc Common Stock,$7.98,-0.03,-0.375%,406,United States,,205718,Health Care,Biotechnology: Pharmaceutical Preparations
BNTC,Benitec Biopharma Inc. Common Stock,$11.47,0.03,0.262%,394,United States,2015.0,161897,Health Care,Biotechnology: Pharmaceutical Preparations
EOLS,Evolus Inc. Common Stock,$5.98,-0.01,-0.167%,393,United States,2018.0,696881,Health Care,Biotechnology: Pharmaceutical Preparations
AUTL,Autolus Therapeutics plc American Depositary Share,$1.45,-0.07,-4.605%,385,United Kingdom,2018.0,717016,Health Care,Biotechnology: Biological Products (No Diagnostic Substances)
TENX,Tenax Therapeutics Inc. Common Stock,$14.53,-0.11,-0.751%,385,United States,,1160156,Health Care,Biotechnology: Pharmaceutical Preparations
IPSC,Century Therapeutics Inc. Common Stock,$2.11,-0.06,-2.765%,380,United States,2021.0,677441,Health Care,Biotechnology: Biological Products (No Diagnostic Substances)
STRO,Sutro Biopharma Inc. Common Stock,$22.88,-0.72,-3.051%,379,United States,2018.0,328094,Health Care,Biotechnology: Biological Products (No Diagnostic Substances)
AVIR,Atea Pharmaceuticals Inc. Common Stock,$4.73,-0.02,-0.421%,378,United States,2020.0,381472,Health Care,Biotechnology: Pharmaceutical Preparations
CCCC,C4 Therapeutics Inc. Common Stock,$3.40,-0.25,-6.849%,375,United States,2020.0,2584047,Health Care,Biotechnology: Biological Products (No Diagnostic Substances)
EBS,Emergent BioSolutions Inc. Common Stock,$7.26,-0.24,-3.20%,374,United States,2006.0,553920,Health Care,Biotechnology: Pharmaceutical Preparations
CMPX,Compass Therapeutics Inc. Common Stock,$2.07,-0.05,-2.358%,372,United States,,1589697,Health Care,Biotechnology: Biological Products (No Diagnostic Substances)
ENTA,Enanta Pharmaceuticals Inc. Common Stock,$12.78,-0.17,-1.313%,371,United States,2013.0,104660,Health Care,Biotechnology: Pharmaceutical Preparations
LXEO,Lexeo Therapeutics Inc. Common Stock,$4.66,-0.05,-1.062%,365,United States,2023.0,656876,Health Care,Biotechnology: Biological Products (No Diagnostic Substances)
XFOR,X4 Pharmaceuticals Inc. Common Stock,$3.85,-0.14,-3.509%,363,United States,2017.0,573627,Health Care,Biotechnology: Biological Products (No Diagnostic Substances)
DMAC,DiaMedica Therapeutics Inc. Common Stock,$6.735,-0.085,-1.246%,362,United States,2018.0,177076,Health Care,Biotechnology: Pharmaceutical Preparations
NATR,Nature's Sunshine Products Inc. Common Stock,$20.40,-0.12,-0.585%,358,United States,,90373,Health Care,Biotechnology: Pharmaceutical Preparations
UPB,Upstream Bio Inc. Common Stock,$6.41,0.01,0.156%,348,United States,2024.0,626440,Health Care,Biotechnology: Pharmaceutical Preparations
RCKT,Rocket Pharmaceuticals Inc. Common Stock,$3.19,-0.09,-2.744%,348,United States,2015.0,1154786,Health Care,Biotechnology: Pharmaceutical Preparations
FENC,Fennec Pharmaceuticals Inc. Common Stock,$9.99,-0.16,-1.576%,348,United States,,90009,Health Care,Biotechnology: Biological Products (No Diagnostic Substances)
INDP,Indaptus Therapeutics Inc. Common Stock,$2.61,-0.16,-5.776%,347,United States,,55173,Health Care,Biotechnology: Pharmaceutical Preparations
ABEO,Abeona Therapeutics Inc. Common Stock,$6.05,-0.33,-5.172%,344,United States,,1172003,Health Care,Biotechnology: Pharmaceutical Preparations
PALI,Palisade Bio Inc. Common Stock,$1.95,-0.07,-3.465%,338,United States,,2333342,Health Care,Biotechnology: Biological Products (No Diagnostic Substances)
AKBA,Akebia Therapeutics Inc. Common Stock,$1.22,0.0,0.00%,327,United States,2014.0,1495164,Health Care,Biotechnology: Pharmaceutical Preparations
VNDA,Vanda Pharmaceuticals Inc. Common Stock,$5.18,-0.18,-3.358%,311,United States,2006.0,769018,Health Care,Biotechnology: Pharmaceutical Preparations
LYEL,Lyell Immunopharma Inc. Common Stock,$12.63,-0.15,-1.174%,309,United States,2021.0,90660,Health Care,Biotechnology: Pharmaceutical Preparations
ZNTL,Zentalis Pharmaceuticals Inc. Common Stock,$4.33,-0.12,-2.697%,308,United States,2020.0,1212603,Health Care,Biotechnology: Pharmaceutical Preparations
IKT,Inhibikase Therapeutics Inc. Common Stock,$2.33,0.0,0.00%,307,United States,2020.0,2156758,Health Care,Biotechnology: Biological Products (No Diagnostic Substances)
ORGO,Organogenesis Holdings Inc. Class A Common Stock,$2.39,-0.04,-1.646%,307,United States,2016.0,1179191,Health Care,Biotechnology: Pharmaceutical Preparations
PRLD,Prelude Therapeutics Incorporated Common Stock,$3.83,-0.1,-2.545%,305,United States,2020.0,284219,Health Care,Biotechnology: Pharmaceutical Preparations
CLLS,Cellectis S.A. American Depositary Shares,$2.84,0.07,2.527%,285,France,2015.0,23675,Health Care,Biotechnology: Pharmaceutical Preparations
FHTX,Foghorn Therapeutics Inc. Common Stock,$4.85,-0.22,-4.339%,284,United States,2020.0,122085,Health Care,Biotechnology: Pharmaceutical Preparations
AMRN,Amarin Corporation plc,$13.55,-0.05,-0.368%,284,Ireland,,54946,Health Care,Biotechnology: Pharmaceutical Preparations
FATE,Fate Therapeutics Inc. Common Stock,$2.41,-0.11,-4.365%,280,United States,2013.0,1043726,Health Care,Biotechnology: Biological Products (No Diagnostic Substances)
IMRX,Immuneering Corporation Class A Common Stock,$4.32,-0.07,-1.595%,279,United States,2021.0,465258,Health Care,Biotechnology: Pharmaceutical Preparations
NMRA,Neumora Therapeutics Inc. Common Stock,$1.49,-0.07,-4.487%,276,United States,2023.0,665737,Health Care,Biotechnology: Biological Products (No Diagnostic Substances)
ELDN,Eledon Pharmaceuticals Inc. Common Stock,$3.58,-0.16,-4.278%,276,United States,2014.0,1280202,Health Care,Biotechnology: Pharmaceutical Preparations
ALXO,ALX Oncology Holdings Inc. Common Stock,$2.03,0.01,0.495%,273,United States,2020.0,1011361,Health Care,Biotechnology: Pharmaceutical Preparations
BCYC,Bicycle Therapeutics plc American Depositary Shares,$3.87,-0.29,-6.971%,270,United Kingdom,2019.0,572012,Health Care,Biotechnology: Pharmaceutical Preparations
SABS,SAB Biotherapeutics Inc. Common Stock,$3.51,-0.07,-1.955%,268,United States,2021.0,954273,Health Care,Biotechnology: Biological Products (No Diagnostic Substances)
AGEN,Agenus Inc. Common Stock,$5.98,-0.21,-3.393%,267,United States,2000.0,1249013,Health Care,Biotechnology: Biological Products (No Diagnostic Substances)
TKNO,Alpha Teknova Inc. Common Stock,$4.97,-0.23,-4.423%,266,United States,2021.0,129765,Health Care,Biotechnology: In Vitro & In Vivo Diagnostic Substances
OTLK,Outlook Therapeutics Inc. Common Stock,$1.405,0.085,6.439%,262,United States,2016.0,57275806,Health Care,Biotechnology: Biological Products (No Diagnostic Substances)
LCTX,Lineage Cell Therapeutics Inc. Common Stock,$1.03,-0.04,-3.738%,256,United States,,1230728,Health Care,Biotechnology: Biological Products (No Diagnostic Substances)
EDIT,Editas Medicine Inc. Common Stock,$2.60,-0.13,-4.762%,254,United States,2016.0,1515563,Health Care,Biotechnology: Biological Products (No Diagnostic Substances)
VRXA,Veraxa Biotech AG Ordinary Shares,$1.80,-0.06,-3.226%,254,Switzerland,,174899,Health Care,Biotechnology: Pharmaceutical Preparations
IRD,Opus Genetics Inc. Common Stock,$3.08,0.16,5.479%,254,United States,,1089224,Health Care,Biotechnology: Pharmaceutical Preparations
TTRX,Turn Therapeutics Inc. Common Stock,$8.54,-0.94,-9.916%,254,United States,,99777,Health Care,Biotechnology: Pharmaceutical Preparations
FULC,Fulcrum Therapeutics Inc. Common Stock,$3.72,-0.04,-1.064%,247,United States,2019.0,572850,Health Care,Biotechnology: Pharmaceutical Preparations
ARTV,Artiva Biotherapeutics Inc. Common Stock,$10.03,-0.1,-0.987%,247,United States,2024.0,568084,Health Care,Biotechnology: Biological Products (No Diagnostic Substances)
PRQR,ProQR Therapeutics N.V. Ordinary Shares,$1.72,-0.07,-3.911%,242,Netherlands,2014.0,567271,Health Care,Biotechnology: Pharmaceutical Preparations
MGNX,MacroGenics Inc. Common Stock,$3.70,-0.31,-7.731%,235,United States,2013.0,2653558,Health Care,Biotechnology: Pharmaceutical Preparations
OCSAW,Oculis Holding AG Warrants,$4.00,0.0,0.00%,231,Switzerland,,3231,Health Care,Biotechnology: Pharmaceutical Preparations
RNAC,Cartesian Therapeutics Inc. Common Stock,$7.88,-0.04,-0.505%,231,United States,2016.0,143291,Health Care,Biotechnology: Pharmaceutical Preparations
SLGL,Sol-Gel Technologies Ltd. Ordinary Shares,$81.96,1.41,1.75%,230,Israel,2018.0,24522,Health Care,Biotechnology: Pharmaceutical Preparations
SRZN,Surrozen Inc. Common Stock,$19.73,-1.43,-6.758%,229,United States,,184253,Health Care,Biotechnology: Biological Products (No Diagnostic Substances)
GALT,Galectin Therapeutics Inc. Common Stock,$3.47,0.02,0.58%,228,United States,,313374,Health Care,Biotechnology: Pharmaceutical Preparations
TRDA,Entrada Therapeutics Inc. Common Stock,$5.85,-0.2,-3.306%,227,United States,2021.0,566340,Health Care,Biotechnology: Pharmaceutical Preparations
ACIU,AC Immune SA Common Stock,$2.23,-0.01,-0.446%,226,Switzerland,2016.0,384404,Health Care,Biotechnology: Pharmaceutical Preparations
TARA,Protara Therapeutics Inc.  Common Stock,$4.02,-0.02,-0.495%,225,United States,2014.0,434629,Health Care,Biotechnology: Biological Products (No Diagnostic Substances)
SIGA,SIGA Technologies Inc. Common Stock,$3.11,-0.04,-1.27%,223,United States,,877487,Health Care,Biotechnology: Pharmaceutical Preparations
AVXL,Anavex Life Sciences Corp. Common Stock,$2.40,-0.08,-3.226%,222,United States,,1012561,Health Care,Biotechnology: Biological Products (No Diagnostic Substances)
CHRS,Coherus Oncology Inc. Common Stock,$1.41,-0.02,-1.399%,217,United States,2014.0,446407,Health Care,Biotechnology: Biological Products (No Diagnostic Substances)
CGEN,Compugen Ltd. Ordinary Shares,$2.28,-0.06,-2.564%,215,Israel,2000.0,200072,Health Care,Biotechnology: Biological Products (No Diagnostic Substances)
ADAG,Adagene Inc. American Depositary Shares,$3.20,-0.17,-5.045%,211,China,2021.0,127408,Health Care,Biotechnology: Pharmaceutical Preparations
NBP,NovaBridge Biosciences American Depositary Shares,$1.77,0.0,0.00%,204,China,2020.0,199400,Health Care,Biotechnology: Pharmaceutical Preparations
MSLE,Satellos Bioscience Inc. Common Stock,$9.78,0.16,1.663%,203,Canada,,41668,Health Care,Biotechnology: Pharmaceutical Preparations
KROS,Keros Therapeutics Inc. Common Stock,$10.06,-0.08,-0.789%,199,United States,2020.0,140650,Health Care,Biotechnology: Pharmaceutical Preparations
WHWK,Whitehawk Therapeutics Inc. Common Stock,$3.71,-0.12,-3.133%,199,United States,,408285,Health Care,Biotechnology: Pharmaceutical Preparations
RNA,Atrium Therapeutics Inc. Common Stock,$11.49,-0.42,-3.526%,196,United States,,120952,Health Care,Biotechnology: Pharmaceutical Preparations
GLSI,Greenwich LifeSciences Inc. Common Stock,$12.98,-0.21,-1.592%,190,United States,2020.0,113821,Health Care,Biotechnology: Pharmaceutical Preparations
PLX,Protalix BioTherapeutics Inc. (DE) Common Stock,$2.37,0.0,0.00%,190,Israel,,212190,Health Care,Biotechnology: Biological Products (No Diagnostic Substances)
NERV,Minerva Neurosciences Inc Common Stock,$4.04,-0.41,-9.213%,188,United States,2014.0,172538,Health Care,Biotechnology: Pharmaceutical Preparations
DTIL,Precision BioSciences Inc. Common Stock,$7.29,-0.04,-0.546%,188,United States,2019.0,192298,Health Care,Biotechnology: Biological Products (No Diagnostic Substances)
VYGR,Voyager Therapeutics Inc. Common Stock,$3.10,0.01,0.324%,187,United States,2015.0,484476,Health Care,Biotechnology: Biological Products (No Diagnostic Substances)
IMUX,Immunic Inc. Common Stock,$13.39,-0.89,-6.232%,182,United States,2014.0,155847,Health Care,Biotechnology: Pharmaceutical Preparations
IVVD,Invivyd Inc. Common Stock,$0.6114,0.0022,0.361%,180,United States,2021.0,3063897,Health Care,Biotechnology: Biological Products (No Diagnostic Substances)
MENS,Jyong Biotech Ltd. Ordinary Shares,$2.36,-0.35,-12.915%,179,Taiwan,2025.0,57856,Health Care,Biotechnology: Pharmaceutical Preparations
ANTX,AN2 Therapeutics Inc. Common Stock,$4.92,0.0,0.00%,177,United States,2022.0,128477,Health Care,Biotechnology: Pharmaceutical Preparations
EVO,Evotec SE American Depositary Shares,$1.94,-0.04,-2.02%,172,Germany,2021.0,33595,Health Care,Biotechnology: Pharmaceutical Preparations
ARMP,Armata Pharmaceuticals Inc. Common Stock,$4.66,-0.56,-10.728%,171,United States,,63438,Health Care,Biotechnology: Biological Products (No Diagnostic Substances)
TRIB,Trinity Biotech plc American Depositary Shares,$8.445,-0.5131,-5.728%,171,Ireland,1992.0,24191,Health Care,Biotechnology: In Vitro & In Vivo Diagnostic Substances
LENZ,LENZ Therapeutics Inc. Common Stock,$5.48,0.43,8.515%,171,United States,2021.0,1429512,Health Care,Biotechnology: Biological Products (No Diagnostic Substances)
DERM,Journey Medical Corporation Common Stock,$6.19,-0.39,-5.927%,170,United States,2021.0,313192,Health Care,Biotechnology: Pharmaceutical Preparations
CRBP,Corbus Pharmaceuticals Holdings Inc. Common Stock,$9.17,-0.15,-1.609%,169,United States,,172721,Health Care,Biotechnology: Pharmaceutical Preparations
TNYA,Tenaya Therapeutics Inc. Common Stock,$0.775,0.0019,0.246%,168,United States,2021.0,1795538,Health Care,Biotechnology: Biological Products (No Diagnostic Substances)
KPTI,Karyopharm Therapeutics Inc. Common Stock,$7.41,0.32,4.513%,167,United States,2013.0,900216,Health Care,Biotechnology: Pharmaceutical Preparations
OKUR,OnKure Therapeutics Inc. Class A Common Stock,$4.12,-0.1,-2.37%,166,United States,2021.0,186010,Health Care,Biotechnology: Pharmaceutical Preparations
IPHA,Innate Pharma S.A. ADS,$1.78,0.02,1.136%,166,France,2019.0,2542,Health Care,Biotechnology: Biological Products (No Diagnostic Substances)
PYXS,Pyxis Oncology Inc. Common Stock,$2.61,-0.07,-2.612%,165,United States,2021.0,854824,Health Care,Biotechnology: Pharmaceutical Preparations
ALEC,Alector Inc. Common Stock,$1.48,-0.01,-0.671%,164,United States,2019.0,325302,Health Care,Biotechnology: Biological Products (No Diagnostic Substances)
ORMP,Oramed Pharmaceuticals Inc. Common Stock,$4.03,-0.13,-3.125%,164,Israel,,134468,Health Care,Biotechnology: Pharmaceutical Preparations
LFCR,Lifecore Biomedical Inc. Common Stock,$4.33,-0.1,-2.257%,162,United States,,106844,Health Care,Biotechnology: Pharmaceutical Preparations
NKTX,Nkarta Inc. Common Stock,$2.27,-0.03,-1.304%,162,United States,2020.0,699216,Health Care,Biotechnology: Pharmaceutical Preparations
MOLN,Molecular Partners AG American Depositary Shares,$3.89,-0.08,-2.015%,157,Switzerland,2021.0,1047,Health Care,Biotechnology: Biological Products (No Diagnostic Substances)
EQ,Equillium Inc. Common Stock,$2.49,-0.2,-7.435%,157,United States,2018.0,197975,Health Care,Biotechnology: Pharmaceutical Preparations
TNXP,Tonix Pharmaceuticals Holding Corp. Common Stock,$9.88,-0.74,-6.968%,157,United States,,714365,Health Care,Biotechnology: Pharmaceutical Preparations
ARCT,Arcturus Therapeutics Holdings Inc. Common Stock,$5.53,-0.26,-4.491%,157,Israel,2013.0,431698,Health Care,Biotechnology: Pharmaceutical Preparations
CRBU,Caribou Biosciences Inc. Common Stock,$1.57,-0.06,-3.681%,155,United States,2021.0,946748,Health Care,Biotechnology: Biological Products (No Diagnostic Substances)
KRRO,Korro Bio Inc. Common Stock,$10.64,-0.89,-7.719%,153,United States,2019.0,146653,Health Care,Biotechnology: Pharmaceutical Preparations
ABOS,Acumen Pharmaceuticals Inc. Common Stock,$2.13,-0.04,-1.843%,153,United States,2021.0,226098,Health Care,Biotechnology: Biological Products (No Diagnostic Substances)
IMDX,Insight Molecular Diagnostics Inc. Common Stock,$4.74,-0.22,-4.435%,153,United States,,74360,Health Care,Biotechnology: In Vitro & In Vivo Diagnostic Substances
CNTN,Canton Strategic Holdings Inc. Common Stock,$1.94,-0.12,-5.825%,149,United States,2022.0,774899,Health Care,Biotechnology: Pharmaceutical Preparations
UNCY,Unicycive Therapeutics Inc. Common Stock,$5.40,-0.06,-1.099%,147,United States,2021.0,497570,Health Care,Biotechnology: Pharmaceutical Preparations
ADCT,ADC Therapeutics SA Common Shares,$1.15,-0.07,-5.738%,146,Switzerland,2020.0,720887,Health Care,Biotechnology: Pharmaceutical Preparations
MIST,Milestone Pharmaceuticals Inc. Common Shares,$1.16,-0.04,-3.333%,144,Canada,2019.0,871198,Health Care,Biotechnology: Pharmaceutical Preparations
KZIA,Kazia Therapeutics Limited American Depositary Shares,$12.26,-0.78,-5.982%,140,Australia,,317956,Health Care,Biotechnology: Pharmaceutical Preparations
AARD,Aardvark Therapeutics Inc. Common Stock,$6.32,-0.07,-1.095%,138,United States,2025.0,121874,Health Care,Biotechnology: Pharmaceutical Preparations
HUMA,Humacyte Inc. Common Stock,$0.6248,-0.0138,-2.161%,138,United States,2020.0,2547226,Health Care,Biotechnology: Biological Products (No Diagnostic Substances)
CRDL,Cardiol Therapeutics Inc. Class A Common Shares,$1.18,-0.05,-4.065%,136,Canada,,679851,Health Care,Biotechnology: Biological Products (No Diagnostic Substances)
NRXP,NRX Pharmaceuticals Inc. Common Stock,$3.75,-0.36,-8.759%,135,United States,2017.0,783630,Health Care,Biotechnology: Pharmaceutical Preparations
CNTB,Connect Biopharma Holdings Limited Ordinary Shares,$2.14,-0.06,-2.727%,134,China,2021.0,327012,Health Care,Biotechnology: Pharmaceutical Preparations
CUE,Cue Biopharma Inc. Common Stock,$32.12,-0.97,-2.931%,134,United States,2018.0,148271,Health Care,Biotechnology: Pharmaceutical Preparations
HURA,TuHURA Biosciences Inc. Common Stock,$2.11,-0.04,-1.86%,134,United States,,203932,Health Care,Biotechnology: Pharmaceutical Preparations
PEPG,PepGen Inc. Common Stock,$1.93,-0.17,-8.095%,133,United States,2022.0,734805,Health Care,Biotechnology: Pharmaceutical Preparations
OGI,Organigram Global Inc. Common Shares,$0.9347,0.0151,1.642%,131,Canada,,198012,Health Care,Biotechnology: Pharmaceutical Preparations
GNLX,Genelux Corporation Common Stock,$2.89,-0.07,-2.365%,129,United States,2023.0,153617,Health Care,Biotechnology: Pharmaceutical Preparations
IFRX,InflaRx N.V. Common Stock,$1.74,0.01,0.578%,125,Germany,2017.0,823304,Health Care,Biotechnology: Pharmaceutical Preparations
ANIX,Anixa Biosciences Inc. Common Stock,$3.70,-0.05,-1.333%,125,United States,,339114,Health Care,Biotechnology: Pharmaceutical Preparations
VTVT,vTv Therapeutics Inc. Class A Common Stock,$30.73,-0.93,-2.937%,121,United States,2015.0,176027,Health Care,Biotechnology: Pharmaceutical Preparations
ENGN,enGene Therapeutics Inc. Common Stock,$1.82,-0.07,-3.704%,121,Canada,,665605,Health Care,Biotechnology: Biological Products (No Diagnostic Substances)
SPRB,Spruce Biosciences Inc. Common Stock,$43.08,-1.91,-4.245%,118,United States,2020.0,106600,Health Care,Biotechnology: Pharmaceutical Preparations
BGM,BGM Group Ltd. Class A Ordinary Shares,$0.2897,-0.001,-0.344%,116,China,2021.0,46048,Health Care,Biotechnology: Pharmaceutical Preparations
MBOT,Microbot Medical Inc. Common Stock,$1.71,-0.05,-2.841%,114,Israel,,369417,Health Care,Biotechnology: Biological Products (No Diagnostic Substances)
TLSA,Tiziana Life Sciences Ltd. Common Shares,$0.8925,-0.1275,-12.50%,113,United Kingdom,2018.0,324085,Health Care,Biotechnology: Pharmaceutical Preparations
FBIO,Fortress Biotech Inc. Common Stock,$3.34,-0.09,-2.624%,110,United States,,413941,Health Care,Biotechnology: Pharmaceutical Preparations
PMN,ProMIS Neurosciences Inc. Common Shares (ON),$12.20,-0.41,-3.251%,109,Canada,,92296,Health Care,Biotechnology: Pharmaceutical Preparations
RANI,Rani Therapeutics Holdings Inc. Class A Common Stock,$0.8509,-0.0391,-4.393%,105,United States,2021.0,1442289,Health Care,Biotechnology: Pharmaceutical Preparations
ENTX,Entera Bio Ltd. Ordinary Shares,$2.05,-0.08,-3.756%,101,Israel,2018.0,163307,Health Care,Biotechnology: Biological Products (No Diagnostic Substances)
BDTX,Black Diamond Therapeutics Inc. Common Stock,$1.76,-0.08,-4.348%,100,United States,2020.0,623297,Health Care,Biotechnology: Biological Products (No Diagnostic Substances)
ICCC,ImmuCell Corporation Common Stock,$11.03,0.1,0.915%,99,United States,1987.0,8710,Health Care,Biotechnology: In Vitro & In Vivo Diagnostic Substances
CPIX,Cumberland Pharmaceuticals Inc. Common Stock,$6.61,-0.375,-5.369%,99,United States,2009.0,123385,Health Care,Biotechnology: Pharmaceutical Preparations
COYA,Coya Therapeutics Inc. Common Stock,$4.25,-0.13,-2.968%,99,United States,2022.0,159111,Health Care,Biotechnology: Pharmaceutical Preparations
PLYX,Polaryx Therapeutics Inc. Common Stock,$2.05,-0.06,-2.844%,97,United States,,89924,Health Care,Biotechnology: Pharmaceutical Preparations
ONCY,Oncolytics Biotech Inc. Common Stock,$0.8122,-0.0361,-4.256%,96,Canada,,824177,Health Care,Biotechnology: Pharmaceutical Preparations
ALDX,Aldeyra Therapeutics Inc. Common Stock,$1.52,-0.03,-1.935%,91,United States,2014.0,1124997,Health Care,Biotechnology: Pharmaceutical Preparations
NMAD,Nomad Power Solutions Inc. Common Stock,$4.84,-0.03,-0.616%,91,United States,,190606,Health Care,Biotechnology: Pharmaceutical Preparations
BMEA,Biomea Fusion Inc. Common Stock,$1.25,-0.01,-0.794%,90,United States,2021.0,398418,Health Care,Biotechnology: Pharmaceutical Preparations
PTHS,Pelthos Therapeutics Inc. Common Stock,$25.92,-2.48,-8.732%,90,,2024.0,206214,Health Care,Biotechnology: Biological Products (No Diagnostic Substances)
NTHI,NeOnc Technologies Holdings Inc. Common Stock,$3.43,-0.2,-5.51%,88,United States,,56156,Health Care,Biotechnology: Pharmaceutical Preparations
KLRS,Kalaris Therapeutics Inc. Common Stock,$3.73,-0.19,-4.847%,88,United States,2020.0,157471,Health Care,Biotechnology: Biological Products (No Diagnostic Substances)
HRTX,Heron Therapeutics Inc. Common Stock,$0.4558,-0.0032,-0.697%,86,United States,,1159352,Health Care,Biotechnology: Pharmaceutical Preparations
VRCA,Verrica Pharmaceuticals Inc. Common Stock,$5.02,-0.42,-7.721%,86,United States,2018.0,16753,Health Care,Biotechnology: Pharmaceutical Preparations
RLYB,Rallybio Corporation Common Stock,$16.31,-0.08,-0.488%,86,United States,2021.0,41593,Health Care,Biotechnology: Pharmaceutical Preparations
CSBR,Champions Oncology Inc. Common Stock,$6.13,0.13,2.167%,85,United States,,11287,Health Care,Biotechnology: Biological Products (No Diagnostic Substances)
APUS,Apimeds Pharmaceuticals US Inc. Common Stock,$5.65,-0.883,-13.516%,85,,2025.0,27874,Health Care,Biotechnology: Pharmaceutical Preparations
CGTX,Cognition Therapeutics Inc. Common Stock,$0.9195,-0.0407,-4.239%,82,United States,2021.0,443493,Health Care,Biotechnology: Biological Products (No Diagnostic Substances)
ATHE,Alterity Therapeutics Limited American Depositary Shares,$4.54,-0.15,-3.198%,82,Australia,,17860,Health Care,Biotechnology: Pharmaceutical Preparations
LFVN,Lifevantage Corporation Common Stock (Delaware),$6.53,0.26,4.147%,82,United States,,56491,Health Care,Biotechnology: Pharmaceutical Preparations
ZYBT,Zhengye Biotechnology Holding Limited Class A Ordinary Shares,$1.73,-0.07,-3.889%,81,China,2025.0,1633733,Health Care,Biotechnology: Pharmaceutical Preparations
TELO,Telomir Pharmaceuticals Inc. Common Stock,$1.15,-0.01,-0.862%,79,United States,2024.0,82039,Health Care,Biotechnology: Pharmaceutical Preparations
FRMM,Forum Markets Incorporated Common Stock,$5.73,0.06,1.058%,76,United States,2017.0,144393,Health Care,Biotechnology: Pharmaceutical Preparations
GNTA,Genenta Science S.p.A. American Depositary Shares,$1.59,-0.06,-3.636%,76,Italy,2021.0,47750,Health Care,Biotechnology: Biological Products (No Diagnostic Substances)
MAIA,MAIA Biotechnology Inc. Common Stock,$1.24,-0.04,-3.125%,75,,2022.0,403376,Health Care,Biotechnology: Pharmaceutical Preparations
GANX,Gain Therapeutics Inc. Common Stock,$1.75,-0.07,-3.846%,74,United States,2021.0,471974,Health Care,Biotechnology: Pharmaceutical Preparations
PYPD,PolyPid Ltd. Ordinary Shares,$3.90,-0.34,-8.019%,74,Israel,2020.0,286401,Health Care,Biotechnology: Pharmaceutical Preparations
ACET,Adicet Bio Inc. Common Stock,$7.79,-0.63,-7.482%,72,United States,2018.0,71217,Health Care,Biotechnology: Pharmaceutical Preparations
ATRA,Atara Biotherapeutics Inc. Common Stock,$7.90,-0.27,-3.305%,71,United States,2014.0,75240,Health Care,Biotechnology: Biological Products (No Diagnostic Substances)
IBIO,iBio Inc. Common Stock,$1.43,0.03,2.143%,71,United States,,1212740,Health Care,Biotechnology: Pharmaceutical Preparations
TLPH,Talphera Inc. Common Stock,$1.35,-0.02,-1.46%,70,United States,2011.0,89529,Health Care,Biotechnology: Pharmaceutical Preparations
ENLV,Enlivex Ltd. Ordinary Shares,$4.20,-0.16,-3.67%,70,Israel,2014.0,106578,Health Care,Biotechnology: Pharmaceutical Preparations
ELTX,Elicio Therapeutics Inc. Common Stock,$3.00,-0.15,-4.762%,69,United States,2021.0,247265,Health Care,Biotechnology: Pharmaceutical Preparations
LONA,LeonaBio Inc. Common Stock,$7.39,0.15,2.072%,69,United States,2020.0,9201,Health Care,Biotechnology: Biological Products (No Diagnostic Substances)
XBIT,XBiotech Inc. Common Stock,$2.27,-0.01,-0.439%,69,United States,2015.0,22166,Health Care,Biotechnology: Pharmaceutical Preparations
CLNN,Clene Inc. Common Stock,$5.39,-0.09,-1.642%,68,United States,,48264,Health Care,Biotechnology: Pharmaceutical Preparations
ACRV,Acrivon Therapeutics Inc. Common Stock,$1.60,-0.07,-4.192%,68,United States,2022.0,257807,Health Care,Biotechnology: Pharmaceutical Preparations
SPRO,Spero Therapeutics Inc. Common Stock,$1.19,0.03,2.586%,68,United States,2017.0,11754601,Health Care,Biotechnology: Pharmaceutical Preparations
PLRX,Pliant Therapeutics Inc. Common Stock,$1.09,0.01,0.926%,67,United States,2020.0,307560,Health Care,Biotechnology: Pharmaceutical Preparations
OSTX,OS Therapies Incorporated Common Stock,$1.52,-0.04,-2.564%,67,,2024.0,240717,Health Care,Biotechnology: Pharmaceutical Preparations
RNTX,Rein Therapeutics Inc. Common Stock,$0.7913,-0.0088,-1.10%,67,United States,2017.0,342091,Health Care,Biotechnology: Pharmaceutical Preparations
CYPH,Cypherpunk Technologies Inc. Common Stock,$0.6215,-0.0395,-5.976%,66,United States,,806410,Health Care,Biotechnology: Pharmaceutical Preparations
PMVP,PMV Pharmaceuticals Inc. Common Stock,$1.24,-0.09,-6.767%,66,United States,2020.0,132024,Health Care,Biotechnology: Pharmaceutical Preparations
GOSS,Gossamer Bio Inc. Common Stock,$0.136,-0.0065,-4.561%,66,United States,2019.0,10645289,Health Care,Biotechnology: Pharmaceutical Preparations
CPHI,China Pharma Holdings Inc. Common Stock,$1.52,-0.33,-17.838%,65,China,,3523310,Health Care,Biotechnology: Pharmaceutical Preparations
MNOV,Medicinova Inc Common Stock,$1.32,0.01,0.763%,64,United States,,25881,Health Care,Biotechnology: Pharmaceutical Preparations
CRDF,Cardiff Oncology Inc. Common Stock,$0.8269,-0.0112,-1.336%,64,United States,,1191621,Health Care,Biotechnology: Biological Products (No Diagnostic Substances)
IMA,ImageneBio Inc. Common Stock,$5.59,0.02,0.359%,63,United States,2021.0,9246,Health Care,Biotechnology: Biological Products (No Diagnostic Substances)
HYFT,MindWalk Holdings Corp. Common Stock,$1.36,0.18,15.254%,63,Canada,,982190,Health Care,Biotechnology: Pharmaceutical Preparations
CING,Cingulate Inc. Common Stock,$4.64,-0.2,-4.132%,62,United States,2021.0,78027,Health Care,Biotechnology: Pharmaceutical Preparations
XTNT,Xtant Medical Holdings Inc. Common Stock,$0.4287,-0.0013,-0.302%,60,United States,,52849,Health Care,Biotechnology: Biological Products (No Diagnostic Substances)
DOMH,Dominari Holdings Inc. Common Stock,$2.64,-0.08,-2.941%,59,United States,,84001,Health Care,Biotechnology: Pharmaceutical Preparations
SCLX,Scilex Holding Company Common Stock,$6.84,-0.55,-7.442%,58,United States,2021.0,128902,Health Care,Biotechnology: Biological Products (No Diagnostic Substances)
ANVS,Annovis Bio Inc. Common Stock,$1.66,-0.09,-5.143%,57,United States,2020.0,1034218,Health Care,Biotechnology: Pharmaceutical Preparations
INCR,Intercure Ltd. Ordinary Shares,$0.966,0.013,1.364%,57,Israel,,13235,Health Care,Biotechnology: Pharmaceutical Preparations
BOLD,Boundless Bio Inc. Common Stock,$2.57,0.05,1.984%,57,United States,2024.0,194553,Health Care,Biotechnology: Pharmaceutical Preparations
XLO,Xilio Therapeutics Inc. Common Stock,$8.65,0.34,4.091%,56,United States,2021.0,19578,Health Care,Biotechnology: Pharmaceutical Preparations
IMMP,Immutep Limited American Depositary Shares,$0.3845,-0.0079,-2.013%,56,Australia,,226632,Health Care,Biotechnology: Pharmaceutical Preparations
CNTX,Context Therapeutics Inc. Common Stock,$0.6141,0.0218,3.681%,56,United States,2021.0,2079269,Health Care,Biotechnology: Pharmaceutical Preparations
SDEV,Stablecoin Development Corporation Common Stock,$1.10,-0.03,-2.655%,55,United States,,91174,Health Care,Biotechnology: Pharmaceutical Preparations
INKT,MiNK Therapeutics Inc. Common Stock,$11.07,0.71,6.853%,55,United States,2021.0,20416,Health Care,Biotechnology: Biological Products (No Diagnostic Substances)
OKYO,OKYO Pharma Limited Ordinary Shares,$1.55,0.07,4.73%,52,Guernsey,2022.0,45730,Health Care,Biotechnology: Biological Products (No Diagnostic Substances)
CTOR,Citius Oncology Inc. Common Stock,$0.5622,-0.016,-2.767%,52,United States,2022.0,55815,Health Care,Biotechnology: Pharmaceutical Preparations
TCRX,TScan Therapeutics Inc. Common Stock,$0.794,-0.0524,-6.191%,51,United States,2021.0,1060111,Health Care,Biotechnology: Biological Products (No Diagnostic Substances)
DWTX,Dogwood Therapeutics Inc. Common Stock,$1.50,-0.04,-2.597%,50,United States,2020.0,18790,Health Care,Biotechnology: Pharmaceutical Preparations
MCRB,Seres Therapeutics Inc. Common Stock,$4.965,-0.265,-5.067%,48,United States,2015.0,83028,Health Care,Biotechnology: Pharmaceutical Preparations
TIL,Instil Bio Inc. Common Stock,$7.13,-0.07,-0.972%,48,United States,2021.0,10776,Health Care,Biotechnology: Biological Products (No Diagnostic Substances)
IBO,Impact BioMedical Inc. Common Stock,$0.44,0.0097,2.254%,47,,2024.0,13262,Health Care,Biotechnology: Pharmaceutical Preparations
TCRT,Alaunos Therapeutics Inc. Common Stock,$1.94,0.02,1.042%,47,United States,,14059,Health Care,Biotechnology: Pharmaceutical Preparations
BYSI,BeyondSpring Inc. Ordinary Shares,$1.12,0.04,3.704%,46,United States,2017.0,36017,Health Care,Biotechnology: Pharmaceutical Preparations
ATYR,aTyr Pharma Inc. Common Stock,$0.4733,-0.0248,-4.979%,46,United States,2015.0,825751,Health Care,Biotechnology: Biological Products (No Diagnostic Substances)
ALVOW,Alvotech Warrant,$0.15,0.0,0.00%,46,Luxembourg,,1098,Health Care,Biotechnology: Biological Products (No Diagnostic Substances)
EDSA,Edesa Biotech Inc. Common Shares,$5.25,-0.41,-7.244%,46,United States,,51453,Health Care,Biotechnology: Pharmaceutical Preparations
MGX,Metagenomi Therapeutics Inc. Common Stock,$1.205,-0.015,-1.23%,45,United States,2024.0,64399,Health Care,Biotechnology: Biological Products (No Diagnostic Substances)
RADX,Radiopharm Theranostics Limited American Depositary Shares,$3.55,-0.74,-17.249%,45,Australia,,1533578,Health Care,Biotechnology: Pharmaceutical Preparations
MREO,Mereo BioPharma Group plc American Depositary Shares,$0.2878,-0.0032,-1.10%,44,United Kingdom,,389512,Health Care,Biotechnology: Pharmaceutical Preparations
INMB,INmune Bio Inc. Common stock,$1.62,-0.1,-5.814%,43,United States,2019.0,186104,Health Care,Biotechnology: Biological Products (No Diagnostic Substances)
DYAI,Dyadic International Inc. Common Stock,$1.19,-0.02,-1.653%,43,United States,,105188,Health Care,Biotechnology: Biological Products (No Diagnostic Substances)
EXOZ,eXoZymes Inc. Common Stock,$4.71,0.01,0.213%,43,United States,2024.0,5835,Health Care,Biotechnology: Biological Products (No Diagnostic Substances)
FLNA,Filana Therapeutics Inc. Common Stock,$0.8909,-0.0413,-4.43%,43,United States,,262209,Health Care,Biotechnology: Pharmaceutical Preparations
ELUT,Elutia Inc. Class A Common Stock,$0.93,-0.0025,-0.268%,41,United States,2020.0,67749,Health Care,Biotechnology: Biological Products (No Diagnostic Substances)
RNXT,RenovoRx Inc. Common Stock,$0.8653,0.0108,1.264%,39,United States,2021.0,148232,Health Care,Biotechnology: Pharmaceutical Preparations
APLM,Apollomics Inc. Class A Ordinary Shares,$18.21,-0.65,-3.446%,39,United States,,13129,Health Care,Biotechnology: Pharmaceutical Preparations
PDSB,PDS Biotechnology Corporation Common Stock,$0.6814,-0.0191,-2.727%,38,United States,2015.0,202057,Health Care,Biotechnology: Pharmaceutical Preparations
HYPD,Hyperion DeFi Inc. Common Stock,$2.51,-0.13,-4.924%,38,United States,2018.0,268038,Health Care,Biotechnology: Pharmaceutical Preparations
SCYX,SCYNEXIS Inc. Common Stock,$3.73,-0.23,-5.808%,37,United States,2014.0,91048,Health Care,Biotechnology: Pharmaceutical Preparations
MIRA,MIRA Pharmaceuticals Inc. Common Stock,$0.8818,-0.0461,-4.968%,37,United States,2023.0,88668,Health Care,Biotechnology: Pharmaceutical Preparations
NSRX,Nasus Pharma Ltd. Ordinary Shares,$3.12,0.027,0.873%,36,,2025.0,37213,Health Care,Biotechnology: Pharmaceutical Preparations
VERU,Veru Inc. Common Stock,$2.25,-0.06,-2.597%,36,United States,,101743,Health Care,Biotechnology: Pharmaceutical Preparations
CRVO,CervoMed Inc. Common Stock,$2.66,-0.01,-0.375%,35,United States,,116959,Health Care,Biotechnology: Pharmaceutical Preparations
LTRN,Lantern Pharma Inc. Common Stock,$2.75,-0.12,-4.181%,35,United States,2020.0,63742,Health Care,Biotechnology: Pharmaceutical Preparations
IXHL,Incannex Healthcare Inc. Common Stock,$2.95,-0.21,-6.646%,35,Australia,,98348,Health Care,Biotechnology: Pharmaceutical Preparations
NNVC,NanoViricides Inc. Common Stock,$1.48,-0.05,-3.268%,34,United States,,308402,Health Care,Biotechnology: Pharmaceutical Preparations
ESLA,Estrella Immunopharma Inc. Common Stock,$0.78,0.0156,2.041%,33,United States,2021.0,78744,Health Care,Biotechnology: Biological Products (No Diagnostic Substances)
LITS,Lite Strategy Inc. Common Stock,$0.9884,-0.0034,-0.343%,33,United States,2003.0,161975,Health Care,Biotechnology: Pharmaceutical Preparations
TVRD,Tvardi Therapeutics Inc. Common Stock,$2.51,-0.05,-1.953%,31,United States,2014.0,333563,Health Care,Biotechnology: Pharmaceutical Preparations
SER,Serina Therapeutics Inc. Common Stock,$2.07,-0.02,-0.957%,31,,2018.0,44328,Health Care,Biotechnology: Pharmaceutical Preparations
BCTX,BriaCell Therapeutics Corp. Common Shares,$3.58,-0.14,-3.763%,31,Canada,,63896,Health Care,Biotechnology: Pharmaceutical Preparations
GRCE,Grace Therapeutics Inc. Common Stock,$2.33,-0.02,-0.851%,31,Canada,,127097,Health Care,Biotechnology: Pharmaceutical Preparations
ABVC,ABVC BioPharma Inc. Common Stock,$1.15,-0.05,-4.167%,29,United States,,84441,Health Care,Biotechnology: Pharmaceutical Preparations
ACTU,Actuate Therapeutics Inc. Common stock,$1.18,-0.08,-6.349%,28,United States,2024.0,93486,Health Care,Biotechnology: Pharmaceutical Preparations
KYNB,Kyntra Bio Inc. Common Stock,$7.03,-0.04,-0.566%,28,United States,2014.0,2693,Health Care,Biotechnology: Pharmaceutical Preparations
PLRZ,Polyrizon Ltd. Ordinary Shares,$14.68,-0.63,-4.115%,27,Israel,2024.0,119865,Health Care,Biotechnology: Pharmaceutical Preparations
BTAI,BioXcel Therapeutics Inc. Common Stock,$0.8475,-0.0228,-2.62%,26,United States,2018.0,258505,Health Care,Biotechnology: Pharmaceutical Preparations
RMTI,Rockwell Medical Inc. Common Stock,$6.63,0.105,1.609%,26,United States,1998.0,8943,Health Care,Biotechnology: Pharmaceutical Preparations
ATNM,Actinium Pharmaceuticals Inc. (Delaware) Common Stock,$0.86,-0.031,-3.479%,26,United States,,113159,Health Care,Biotechnology: Pharmaceutical Preparations
IGC,IGC Pharma Inc. Common Stock,$0.264,-0.001,-0.377%,25,United States,,200983,Health Care,Biotechnology: Pharmaceutical Preparations
QCLS,Q/C Technologies Inc. Common Stock,$3.23,-0.12,-3.582%,25,United States,2014.0,97887,Health Care,Biotechnology: In Vitro & In Vivo Diagnostic Substances
ALGS,Aligos Therapeutics Inc. Common Stock,$4.08,-0.61,-13.006%,25,United States,2020.0,202278,Health Care,Biotechnology: Biological Products (No Diagnostic Substances)
ENGNW,enGene Therapeutics Inc. Warrants,$0.36,0.0,0.00%,24,Canada,,2001,Health Care,Biotechnology: Biological Products (No Diagnostic Substances)
TAOX,Tao Synergies Inc. Common Stock,$3.29,-0.38,-10.354%,24,United States,,130240,Health Care,Biotechnology: Pharmaceutical Preparations
EVAX,Evaxion A/S American Depositary Share,$2.96,-0.09,-2.951%,24,Denmark,2021.0,3357,Health Care,Biotechnology: Biological Products (No Diagnostic Substances)
QUCY,Quantum Cyber N.V. Ordinary Shares,$1.08,-0.03,-2.703%,24,Germany,2021.0,582117,Health Care,Biotechnology: Pharmaceutical Preparations
BRNS,Barinthus Biotherapeutics plc American Depositary Shares,$0.602,0.0019,0.317%,24,United Kingdom,2021.0,17145,Health Care,Biotechnology: Pharmaceutical Preparations
GRML,Greenland Mines Ltd. Common Stock,$0.1926,-0.0079,-3.94%,23,United States,2022.0,6253775,Health Care,Biotechnology: Biological Products (No Diagnostic Substances)
VRXAW,Veraxa Biotech AG Warrants,$0.1687,0.0137,8.839%,23,Switzerland,,2043,Health Care,Biotechnology: Pharmaceutical Preparations
TXMD,TherapeuticsMD Inc. Common Stock,$2.06,0.0,0.00%,23,United States,,31106,Health Care,Biotechnology: Pharmaceutical Preparations
AYTU,Aytu BioPharma Inc.  Common Stock,$2.16,0.0,0.00%,23,United States,,10411,Health Care,Biotechnology: Pharmaceutical Preparations
CALC,CalciMedica Inc. Common Stock,$0.7599,0.044,6.146%,23,United States,2023.0,269677,Health Care,Biotechnology: Pharmaceutical Preparations
SKYE,Skye Bioscience Inc. Common Stock,$0.6519,-0.0231,-3.422%,22,United States,,45976,Health Care,Biotechnology: Pharmaceutical Preparations
NRSN,NeuroSense Therapeutics Ltd. Ordinary Shares,$0.6021,-0.0529,-8.076%,21,Israel,2021.0,161001,Health Care,Biotechnology: Pharmaceutical Preparations
CELU,Celularity Inc. Class A Common Stock,$0.75,-0.01,-1.316%,21,United States,2019.0,48116,Health Care,Biotechnology: Pharmaceutical Preparations
GRDX,GridAI Technologies Corp. Common Stock,$3.04,-0.31,-9.254%,21,United States,2016.0,256932,Health Care,Biotechnology: Pharmaceutical Preparations
CVM,Cel-Sci Corporation Common Stock,$1.18,-0.01,-0.84%,20,United States,1997.0,144925,Health Care,Biotechnology: Biological Products (No Diagnostic Substances)
NCEL,NewcelX Ltd. Ordinary Shares,$3.755,-0.045,-1.184%,20,Switzerland,2021.0,6086,Health Care,Biotechnology: Pharmaceutical Preparations
MRKR,Marker Therapeutics Inc. Common Stock,$1.22,-0.05,-3.937%,20,United States,,57912,Health Care,Biotechnology: Pharmaceutical Preparations
HOWL,Werewolf Therapeutics Inc. Common Stock,$0.427,0.0668,18.545%,20,United States,2021.0,2979975,Health Care,Biotechnology: Pharmaceutical Preparations
MDCX,Medicus Pharma Ltd. Common Stock  ,$0.37,-0.0142,-3.696%,20,Canada,,1031188,Health Care,Biotechnology: Pharmaceutical Preparations
NEUP,Neuphoria Therapeutics Inc. Common Stock,$3.64,-0.28,-7.143%,19,United States,2021.0,392159,Health Care,Biotechnology: Pharmaceutical Preparations
PLUR,Pluri Inc. Common Stock,$1.78,-0.015,-0.836%,19,Israel,,9363,Health Care,Biotechnology: Biological Products (No Diagnostic Substances)
CLRB,Cellectar Biosciences Inc.  Common Stock,$2.41,-0.06,-2.429%,19,United States,,36067,Health Care,Biotechnology: Pharmaceutical Preparations
JSPR,Jasper Therapeutics Inc. Common Stock,$0.6884,-0.0407,-5.582%,19,United States,2020.0,667914,Health Care,Biotechnology: Biological Products (No Diagnostic Substances)
DARE,Dare Bioscience Inc. Common Stock,$1.28,0.02,1.587%,19,United States,2014.0,197171,Health Care,Biotechnology: Pharmaceutical Preparations
MDCXW,Medicus Pharma Ltd. Warrant,$0.3501,0.0,0.00%,19,Canada,,26,Health Care,Biotechnology: Pharmaceutical Preparations
ATOS,Atossa Therapeutics Inc. Common Stock,$2.295,-0.115,-4.772%,19,United States,2012.0,40698,Health Care,Biotechnology: Pharmaceutical Preparations
QNTM,Quantum Biopharma Ltd. Class B Subordinate Voting Shares,$2.99,0.15,5.282%,19,Canada,,37261,Health Care,Biotechnology: Pharmaceutical Preparations
LGVN,Longeveron Inc. Class A Common Stock,$0.60,-0.0072,-1.186%,18,United States,2021.0,159241,Health Care,Biotechnology: Pharmaceutical Preparations
TVGN,Tevogen Bio Holdings Inc. Common Stock,$4.49,0.08,1.814%,18,United States,2022.0,8444,Health Care,Biotechnology: Biological Products (No Diagnostic Substances)
GRMLW,Greenland Mines Ltd Warrant,$0.155,0.002,1.307%,18,United States,2022.0,1310,Health Care,Biotechnology: Biological Products (No Diagnostic Substances)
ALLR,Allarity Therapeutics Inc. Common Stock,$1.19,-0.03,-2.459%,18,United States,,43893,Health Care,Biotechnology: Pharmaceutical Preparations
QNCX,Quince Therapeutics Inc. Common Stock,$17.855,-0.425,-2.325%,17,United States,2019.0,14937,Health Care,Biotechnology: Biological Products (No Diagnostic Substances)
RKTO,Rocket One Inc. Common Stock,$0.791,-0.0488,-5.811%,17,United States,2019.0,560658,Health Care,Biotechnology: Pharmaceutical Preparations
LPCN,Lipocine Inc. Common Stock,$2.08,-0.11,-5.023%,17,United States,,35749,Health Care,Biotechnology: Pharmaceutical Preparations
AIXC,AIxCrypto Holdings Inc. Common Stock,$0.8212,0.0512,6.649%,16,United States,2015.0,38158,Health Care,Biotechnology: Pharmaceutical Preparations
VYNE,VYNE Therapeutics Inc. Common Stock,$0.509,-0.012,-2.303%,16,United States,2018.0,2946226,Health Care,Biotechnology: Pharmaceutical Preparations
AKTX,Akari Therapeutics plc ADS,$8.70,-0.6,-6.452%,15,United Kingdom,,28098,Health Care,Biotechnology: Pharmaceutical Preparations
CYCN,Cyclerion Therapeutics Inc. Common Stock,$3.50,-0.12,-3.315%,15,United States,,73382,Health Care,Biotechnology: Pharmaceutical Preparations
NXTC,NextCure Inc. Common Stock,$4.24,0.06,1.435%,15,United States,2019.0,281419,Health Care,Biotechnology: Pharmaceutical Preparations
PASG,Passage Bio Inc. Common Stock,$4.94,0.04,0.816%,15,United States,2020.0,95415,Health Care,Biotechnology: Biological Products (No Diagnostic Substances)
KTTA,Pasithea Therapeutics Corp. Common Stock,$0.455,-0.0252,-5.248%,15,United States,2021.0,325174,Health Care,Biotechnology: Pharmaceutical Preparations
CTXR,Citius Pharmaceuticals Inc. Common Stock,$0.5203,-0.011,-2.07%,14,United States,,176719,Health Care,Biotechnology: Pharmaceutical Preparations
GTBP,GT Biopharma Inc. Common Stock,$0.3243,-0.0109,-3.252%,14,United States,,415640,Health Care,Biotechnology: Pharmaceutical Preparations
TPST,Tempest Therapeutics Inc. Common Stock,$0.9259,-0.0147,-1.563%,14,United States,,252063,Health Care,Biotechnology: Pharmaceutical Preparations
LEXX,Lexaria Bioscience Corp. Common Stock,$0.559,-0.0112,-1.964%,13,Canada,,7291,Health Care,Biotechnology: Pharmaceutical Preparations
BFRI,Biofrontera Inc. Common Stock,$1.09,0.0,0.00%,13,United States,2021.0,165761,Health Care,Biotechnology: Pharmaceutical Preparations
PTN,Palatin Technologies Inc. Common Stock,$7.7052,-0.3294,-4.10%,13,United States,,8628,Health Care,Biotechnology: Pharmaceutical Preparations
RGNT,Regentis Biomaterials Ltd. Ordinary Shares,$1.96,0.01,0.513%,13,,2025.0,71890,Health Care,Biotechnology: Pharmaceutical Preparations
SNTI,Senti Biosciences Holdings Inc. Common Stock,$0.4038,-0.0228,-5.345%,12,United States,2021.0,190277,Health Care,Biotechnology: Biological Products (No Diagnostic Substances)
PHIO,Phio Pharmaceuticals Corp. Common Stock,$1.04,-0.03,-2.804%,12,United States,,81891,Health Care,Biotechnology: Pharmaceutical Preparations
COCP,Cocrystal Pharma Inc. Common Stock,$0.9001,-0.02,-2.174%,12,United States,,38188,Health Care,Biotechnology: Pharmaceutical Preparations
VNRX,VolitionRX Limited Common Stock,$1.00,-0.08,-7.407%,12,Singapore,2015.0,176136,Health Care,Biotechnology: In Vitro & In Vivo Diagnostic Substances
KALA,KALA BIO Inc. Common Stock,$0.6342,0.0239,3.916%,12,United States,2017.0,124358,Health Care,Biotechnology: Pharmaceutical Preparations
INTS,Intensity Therapeutics Inc. Common stock,$4.45,0.02,0.451%,12,United States,2023.0,3465,Health Care,Biotechnology: Biological Products (No Diagnostic Substances)
BLRX,BioLineRx Ltd. American Depositary Shares,$2.82,-0.04,-1.399%,12,Israel,,2696,Health Care,Biotechnology: Pharmaceutical Preparations
KPRX,Kiora Pharmaceuticals Inc.  Common Stock,$2.55,0.05,2.00%,11,United States,,130654,Health Care,Biotechnology: Pharmaceutical Preparations
INAB,IN8bio Inc. Common Stock,$1.20,0.01,0.84%,11,United States,2021.0,30216,Health Care,Biotechnology: Biological Products (No Diagnostic Substances)
GDTC,CytoMed Therapeutics Limited Ordinary Shares,$0.99,0.11,12.50%,11,Singapore,2023.0,3154130,Health Care,Biotechnology: Pharmaceutical Preparations
MBRX,Moleculin Biotech Inc. Common Stock,$2.12,0.04,1.923%,11,United States,2016.0,44380,Health Care,Biotechnology: Pharmaceutical Preparations
XCUR,Exicure Inc. Common Stock,$1.76,0.05,2.924%,11,United States,,52900,Health Care,Biotechnology: Pharmaceutical Preparations
AEON,AEON Biopharma Inc. Class A Common Stock,$0.2507,-0.0093,-3.577%,11,United States,,283921,Health Care,Biotechnology: Pharmaceutical Preparations
PBM,Psyence Biomedical Ltd. Common Shares,$2.95,0.13,4.61%,11,Canada,,41495,Health Care,Biotechnology: Pharmaceutical Preparations
TOVX,Theriva Biologics Inc. Common Stock,$0.2229,0.0059,2.719%,10,United States,,705439,Health Care,Biotechnology: Pharmaceutical Preparations
BFRG,Bullfrog AI Holdings Inc. Common Stock,$0.586,-0.0155,-2.577%,10,United States,2023.0,158411,Health Care,Biotechnology: Pharmaceutical Preparations
BIVI,BioVie Inc. Class A Common Stock,$1.37,-0.07,-4.861%,10,United States,,112047,Health Care,Biotechnology: Pharmaceutical Preparations
LNAI,Lunai Bioworks Inc. Common Stock,$2.33,0.01,0.431%,10,United States,,13309,Health Care,Biotechnology: Pharmaceutical Preparations
CMMB,Chemomab Therapeutics Ltd. American Depositary Share,$1.36,-0.04,-2.857%,9,Israel,2019.0,42221,Health Care,Biotechnology: Pharmaceutical Preparations
VTGN,Vistagen Therapeutics Inc. Common Stock,$0.2264,0.0004,0.177%,9,United States,,1150624,Health Care,Biotechnology: Pharmaceutical Preparations
ASBP,Aspire Biopharma Holdings Inc. Common Stock,$7.26,0.05,0.693%,9,United States,2022.0,28234,Health Care,Biotechnology: Pharmaceutical Preparations
BCDA,BioCardia Inc. Common Stock,$0.8501,-0.0549,-6.066%,9,United States,,129565,Health Care,Biotechnology: Biological Products (No Diagnostic Substances)
CRIS,Curis Inc. Common Stock,$4.89,0.22,4.711%,9,United States,,108820,Health Care,Biotechnology: Biological Products (No Diagnostic Substances)
SNGX,Soligenix Inc. Common Stock,$0.3713,0.0028,0.76%,8,United States,,151071,Health Care,Biotechnology: Pharmaceutical Preparations
CUPR,Cuprina Holdings (Cayman) Limited Class A Ordinary Shares,$3.335,0.025,0.755%,8,Singapore,2025.0,12901,Health Care,Biotechnology: Pharmaceutical Preparations
IMRN,Immuron Limited American Depositary Shares,$1.11,-0.06,-5.128%,8,Australia,2017.0,18780,Health Care,Biotechnology: Pharmaceutical Preparations
BCTXL,BriaCell Therapeutics Corp. Warrant expiring 2031,$0.95,0.07,7.955%,8,Canada,,142,Health Care,Biotechnology: Pharmaceutical Preparations
LIMN,Liminatus Pharma Inc. Class A Common Stock,$0.1109,-0.0078,-6.571%,7,United States,,2890535,Health Care,Biotechnology: Biological Products (No Diagnostic Substances)
MTVA,MetaVia Inc. Common Stock,$1.48,-0.03,-1.987%,7,United States,2016.0,69884,Health Care,Biotechnology: Pharmaceutical Preparations
TRAW,Traws Pharma Inc. Common Stock,$0.4881,-0.0319,-6.135%,7,United States,2013.0,182211,Health Care,Biotechnology: Pharmaceutical Preparations
PCSA,Processa Pharmaceuticals Inc. Common Stock,$2.60,-0.27,-9.408%,7,United States,,129490,Health Care,Biotechnology: Pharmaceutical Preparations
CNSP,CNS Pharmaceuticals Inc. Common Stock,$5.23,-0.18,-3.327%,7,United States,2019.0,7790,Health Care,Biotechnology: Pharmaceutical Preparations
BOLT,Bolt Biotherapeutics Inc. Common Stock,$3.83,0.02,0.525%,7,United States,2021.0,4180,Health Care,Biotechnology: Pharmaceutical Preparations
ADXN,Addex Therapeutics Ltd American Depositary Shares,$5.885,0.0,0.00%,7,Switzerland,,209,Health Care,Biotechnology: Pharmaceutical Preparations
XTLB,XTL Biopharmaceuticals Ltd. American Depositary Shares,$2.94,0.04,1.379%,7,Israel,,1423,Health Care,Biotechnology: Pharmaceutical Preparations
GELS,Gelteq Limited Ordinary Shares,$0.7008,-0.0422,-5.68%,7,Australia,2024.0,119925,Health Care,Biotechnology: Pharmaceutical Preparations
APRE,Aprea Therapeutics Inc. Common stock,$0.632,0.001,0.158%,7,United States,2019.0,18331,Health Care,Biotechnology: Pharmaceutical Preparations
XBIO,Xenetic Biosciences Inc. Common Stock,$2.64,-0.045,-1.676%,6,United States,,56307,Health Care,Biotechnology: Pharmaceutical Preparations
ACXP,Acurx Pharmaceuticals Inc. Common Stock,$1.42,-0.03,-2.069%,6,United States,2021.0,73736,Health Care,Biotechnology: Pharmaceutical Preparations
CANF,Can-Fite Biopharma Ltd American Depositary Shares each representing two (2) Ordinary Shares,$3.19,-0.04,-1.238%,6,Israel,,33389,Health Care,Biotechnology: Pharmaceutical Preparations
CVKD,Cadrenal Therapeutics Inc. Common Stock,$2.04,0.01,0.493%,6,United States,2023.0,80141,Health Care,Biotechnology: Pharmaceutical Preparations
KAPA,Kairos Pharma Ltd. Common Stock,$0.285,-0.0129,-4.33%,6,,2024.0,1477672,Health Care,Biotechnology: Pharmaceutical Preparations
NIKI,Niki BioSolutions Inc. Common Stock,$8.38,-0.2,-2.331%,6,Hong Kong,2018.0,50260,Health Care,Biotechnology: Pharmaceutical Preparations
ALZN,Alzamend Neuro Inc. Common Stock,$1.33,0.07,5.556%,6,United States,2021.0,49449,Health Care,Biotechnology: Pharmaceutical Preparations
PMCB,PharmaCyte  Biotech Inc. Common Stock,$0.6001,-0.0047,-0.777%,6,United States,,82138,Health Care,Biotechnology: Biological Products (No Diagnostic Substances)
PULM,Pulmatrix Inc. Common Stock,$1.65,-0.12,-6.78%,6,United States,2014.0,14876,Health Care,Biotechnology: Pharmaceutical Preparations
IMNN,Imunon Inc. Common Stock,$1.51,-0.15,-9.036%,6,United States,,91632,Health Care,Biotechnology: Pharmaceutical Preparations
AIM,AIM ImmunoTech Inc. Common Stock,$0.249,-0.001,-0.40%,6,,,269191,Health Care,Biotechnology: Biological Products (No Diagnostic Substances)
RNAZ,TransCode Therapeutics Inc. Common Stock,$5.93,-1.32,-18.207%,6,United States,2021.0,24566,Health Care,Biotechnology: Pharmaceutical Preparations
SNOA,Sonoma Pharmaceuticals Inc. Common Stock,$1.14,-0.02,-1.724%,5,United States,2007.0,59075,Health Care,Biotechnology: Pharmaceutical Preparations
JUNS,Jupiter Neurosciences Inc. Common Stock,$0.121,-0.032,-20.915%,5,United States,2024.0,6863683,Health Care,Biotechnology: Pharmaceutical Preparations
CURX,Curanex Pharmaceuticals Inc Common Stock,$0.1879,-0.0121,-6.05%,5,United States,2025.0,58695,Health Care,Biotechnology: Pharmaceutical Preparations
ADIL,Adial Pharmaceuticals Inc Common Stock,$2.78,0.1,3.731%,5,United States,2018.0,38052,Health Care,Biotechnology: Pharmaceutical Preparations
BCAB,BioAtla Inc. Common Stock,$3.37,-0.09,-2.601%,5,United States,2020.0,41620,Health Care,Biotechnology: Biological Products (No Diagnostic Substances)
APVO,Aptevo Therapeutics Inc. Common Stock,$4.39,0.02,0.458%,5,United States,,2547,Health Care,Biotechnology: Pharmaceutical Preparations
ENVB,Enveric Biosciences Inc. Common Stock,$1.29,-0.03,-2.273%,5,United States,,103482,Health Care,Biotechnology: Pharmaceutical Preparations
BGMS,Bio Green Med Solution Inc. Common Stock,$0.915,0.0399,4.559%,5,United States,,43703,Health Care,Biotechnology: Pharmaceutical Preparations
DRMA,Dermata Therapeutics Inc. Common Stock,$1.32,0.06,4.762%,5,United States,2021.0,83117,Health Care,Biotechnology: Pharmaceutical Preparations
NCNA,NuCana plc American Depositary Share,$1.29,-0.04,-3.008%,5,United Kingdom,2017.0,4499,Health Care,Biotechnology: Pharmaceutical Preparations
ENSC,Ensysce Biosciences Inc. Common Stock,$0.2614,-0.0112,-4.109%,4,United States,,363817,Health Care,Biotechnology: Pharmaceutical Preparations
PPCB,Propanc Biopharma Inc. Common Stock,$1.37,-0.08,-5.517%,4,Australia,,13250,Health Care,Biotechnology: Pharmaceutical Preparations
INM,InMed Pharmaceuticals Inc. Common Shares,$1.71,-0.14,-7.568%,4,Canada,,328230,Health Care,Biotechnology: Pharmaceutical Preparations
JAGX,Jaguar Health Inc. Common Stock,$0.9633,-0.0667,-6.476%,4,United States,2015.0,161402,Health Care,Biotechnology: Pharmaceutical Preparations
ERNA,Ernexa Therapeutics Inc. Common Stock,$3.93,-0.06,-1.504%,4,United States,,31577,Health Care,Biotechnology: Pharmaceutical Preparations
REVB,Revelation Biosciences Inc. Common Stock,$1.06,-0.01,-0.935%,4,United States,2020.0,31811,Health Care,Biotechnology: Pharmaceutical Preparations
ELAB,PMGC Holdings Inc. Common Stock,$0.90,-0.0489,-5.153%,4,United States,2023.0,356905,Health Care,Biotechnology: Pharmaceutical Preparations
FBLG,FibroBiologics Inc. Common Stock,$0.712,-0.0235,-3.195%,4,United States,,52377,Health Care,Biotechnology: Pharmaceutical Preparations
LABT,Lakewood-Amedex Biotherapeutics Inc. Common Stock,$2.64,-0.42,-13.725%,4,United States,,293696,Health Care,Biotechnology: Pharmaceutical Preparations
CDIO,Cardio Diagnostics Holdings Inc. Common stock,$1.55,-0.0799,-4.902%,4,United States,2022.0,1232127,Health Care,Biotechnology: In Vitro & In Vivo Diagnostic Substances
BMRA,Biomerica Inc. Common Stock,$1.585,-0.015,-0.938%,4,United States,,17393,Health Care,Biotechnology: In Vitro & In Vivo Diagnostic Substances
SBFM,Sunshine Biopharma Inc. Common Stock,$1.66,-0.05,-2.924%,3,Canada,,23405,Health Care,Biotechnology: Pharmaceutical Preparations
ZSTK,ZeroStack Corp. Common Stock,$1.45,-0.09,-5.844%,3,Canada,2021.0,15223,Health Care,Biotechnology: Pharmaceutical Preparations
MBIO,Mustang Bio Inc. Common Stock,$0.562,-0.0081,-1.421%,3,United States,,16214,Health Care,Biotechnology: Pharmaceutical Preparations
XRTX,XORTX Therapeutics Inc. Common Shares,$2.025,-0.075,-3.571%,3,Canada,,52969,Health Care,Biotechnology: Pharmaceutical Preparations
GLMD,Galmed Pharmaceuticals Ltd. Ordinary Shares,$0.5129,-0.0401,-7.251%,3,Israel,2014.0,21723,Health Care,Biotechnology: Pharmaceutical Preparations
SPRC,SciSparc Ltd. Ordinary Shares,$5.33,-0.39,-6.818%,3,Israel,,11555,Health Care,Biotechnology: Pharmaceutical Preparations
CAPS,Capstone Holding Corp. Common Stock,$0.2304,-0.0144,-5.882%,3,United States,,87522,Health Care,Biotechnology: Pharmaceutical Preparations
PRFX,PRF Technologies Ltd. Ordinary Shares,$1.135,-0.015,-1.304%,3,Israel,2020.0,94582,Health Care,Biotechnology: Pharmaceutical Preparations
BIVIW,BioVie Inc. Warrant,$0.40,0.0,0.00%,3,United States,,3537,Health Care,Biotechnology: Pharmaceutical Preparations
LIMNW,Liminatus Pharma Inc. Warrants,$0.0494,-0.0206,-29.429%,3,United States,,2520,Health Care,Biotechnology: Biological Products (No Diagnostic Substances)
SXTP,60 Degrees Pharmaceuticals Inc. Common Stock,$1.48,-0.01,-0.671%,3,United States,2023.0,58583,Health Care,Biotechnology: Pharmaceutical Preparations
ONCO,Onconetix Inc. Common Stock,$0.8212,0.0316,4.002%,3,United States,2022.0,104736,Health Care,Biotechnology: Pharmaceutical Preparations
RDHL,Redhill Biopharma Ltd. American Depositary Shares,$0.6333,-0.0349,-5.223%,3,Israel,,20221,Health Care,Biotechnology: Pharmaceutical Preparations
CHGA,Change Agents Corporation Common Stock,$0.2355,-0.0143,-5.725%,3,United States,,434693,Health Care,Biotechnology: Biological Products (No Diagnostic Substances)
ARTL,Artelo Biosciences Inc. Common Stock,$1.02,-0.04,-3.774%,3,United States,,63132,Health Care,Biotechnology: Pharmaceutical Preparations
HCWB,HCW Biologics Inc. Common Stock,$2.50,-0.38,-13.194%,3,United States,2021.0,56227,Health Care,Biotechnology: Pharmaceutical Preparations
GNPX,Genprex Inc. Common Stock,$7.81,0.32,4.272%,3,United States,2018.0,12936,Health Care,Biotechnology: Pharmaceutical Preparations
GOVX,GeoVax Labs Inc. Common Stock,$0.7312,-0.1088,-12.952%,2,United States,,422905,Health Care,Biotechnology: Pharmaceutical Preparations
NRSNW,NeuroSense Therapeutics Ltd. Warrant,$0.06,-0.0001,-0.166%,2,Israel,2021.0,556,Health Care,Biotechnology: Pharmaceutical Preparations
HUMAW,Humacyte Inc. Warrant,$0.01,0.0001,1.01%,2,United States,2020.0,11661,Health Care,Biotechnology: Biological Products (No Diagnostic Substances)
DCOY,Decoy Therapeutics Inc. Common Stock,$5.04,0.1,2.024%,2,United States,2015.0,9641,Health Care,Biotechnology: Pharmaceutical Preparations
AZTR,Azitra Inc Common Stock,$0.1263,-0.0007,-0.551%,2,,2023.0,349934,Health Care,Biotechnology: Pharmaceutical Preparations
PHGE,BiomX Inc. COmmon Stock,$0.189,-0.0093,-4.69%,2,,2019.0,11869791,Health Care,Biotechnology: Biological Products (No Diagnostic Substances)
BFRGW,Bullfrog AI Holdings Inc. Warrants,$0.1249,0.0149,13.545%,2,United States,2023.0,743,Health Care,Biotechnology: Pharmaceutical Preparations
OGEN,Oragenics Inc. Common Stock,$0.511,0.0059,1.168%,2,United States,,12869,Health Care,Biotechnology: Pharmaceutical Preparations
SXTC,China SXT Pharmaceuticals Inc. Class A Ordinary Shares,$0.0638,-0.2688,-80.818%,2,China,2019.0,312145000,Health Care,Biotechnology: Pharmaceutical Preparations
UPC,Universe Pharmaceuticals Inc. Class A Ordinary Shares,$3.39,-0.4,-10.554%,2,China,2021.0,43454,Health Care,Biotechnology: Pharmaceutical Preparations
VRAX,Virax Biolabs Group Limited Ordinary Shares,$3.19,0.0,0.00%,2,United Kingdom,2022.0,86288,Health Care,Biotechnology: In Vitro & In Vivo Diagnostic Substances
GRI,GRI Bio Inc. Common Stock,$1.45,-0.05,-3.333%,2,United States,2021.0,29767,Health Care,Biotechnology: Pharmaceutical Preparations
SLXN,Silexion Therapeutics Corp Ordinary Shares,$2.27,-0.11,-4.622%,2,Israel,,10742,Health Care,Biotechnology: Biological Products (No Diagnostic Substances)
VIVS,VivoSim Labs Inc. Common Stock,$0.4189,-0.0311,-6.911%,1,United States,,1410315,Health Care,Biotechnology: Biological Products (No Diagnostic Substances)
SABSW,SAB Biotherapeutics Inc. Warrant,$0.0149,-0.0003,-1.974%,1,United States,2021.0,9797,Health Care,Biotechnology: Biological Products (No Diagnostic Substances)
SHPH,Shuttle Pharmaceuticals Holdings Inc. Common Stock,$2.89,-0.1,-3.344%,1,United States,2022.0,87608,Health Care,Biotechnology: Pharmaceutical Preparations
SCLXW,Scilex Holding Company Warrant,$0.1937,-0.0139,-6.696%,1,United States,2021.0,5668,Health Care,Biotechnology: Biological Products (No Diagnostic Substances)
BDRX,Biodexa Pharmaceuticals plc American Depositary Shs,$1.65,-0.03,-1.786%,1,United Kingdom,,63547,Health Care,Biotechnology: Pharmaceutical Preparations
MTNB,Matinas Biopharma Holdings Inc. Common Stock,$0.2414,-0.0078,-3.13%,1,United States,2017.0,25509448,Health Care,Biotechnology: Pharmaceutical Preparations
PPBT,Purple Biotech Ltd. American Depositary Shares,$1.43,0.04,2.878%,1,Israel,2015.0,9653,Health Care,Biotechnology: Pharmaceutical Preparations
BTTC,Black Titan Corporation Ordinary Shares,$0.8933,-0.0052,-0.579%,1,Malaysia,,23309,Health Care,Biotechnology: Biological Products (No Diagnostic Substances)
CMND,Clearmind Medicine Inc. Common Shares,$1.61,-0.05,-3.012%,1,Canada,,32938,Health Care,Biotechnology: Pharmaceutical Preparations
SCNI,Scinai Immunotherapeutics Ltd. American Depositary Shares,$0.23,-0.0171,-6.92%,1,Israel,2015.0,35206,Health Care,Biotechnology: Biological Products (No Diagnostic Substances)
CLDI,Calidi Biotherapeutics Inc. Common Stock,$0.10,-0.005,-4.762%,1,,2021.0,39902258,Health Care,Biotechnology: Biological Products (No Diagnostic Substances)
CDT,CDT Equity Inc. Common Stock,$3.06,-0.21,-6.422%,1,United States,2022.0,28411,Health Care,Biotechnology: Pharmaceutical Preparations
SLXNW,Silexion Therapeutics Corp Warrant,$0.0465,-0.0035,-7.00%,0,Israel,,39624,Health Care,Biotechnology: Biological Products (No Diagnostic Substances)
SCTX,Scribe Therapeutics Inc. Common Stock,$21.65,6.65,44.333%,0,United States,,985561,Health Care,Biotechnology: Biological Products (No Diagnostic Substances)
SBFMW,Sunshine Biopharma Inc. Warrant,$0.0611,0.0,0.00%,0,Canada,,4090,Health Care,Biotechnology: Pharmaceutical Preparations
ASBPW,Aspire Biopharma Holdings Inc. Warrant,$0.0215,0.0005,2.381%,0,United States,2022.0,206,Health Care,Biotechnology: Pharmaceutical Preparations
REVBW,Revelation Biosciences Inc. Warrant,$0.01,0.0001,1.01%,0,United States,2020.0,141,Health Care,Biotechnology: Pharmaceutical Preparations
RCKTW,Rocket Pharmaceuticals Inc. Warrant,$0.003,0.0003,11.111%,0,United States,,4061,Health Care,Biotechnology: Pharmaceutical Preparations
APLMW,Apollomics Inc. Warrant,$0.019,0.0003,1.604%,0,United States,,675,Health Care,Biotechnology: Pharmaceutical Preparations
ERNAW,Ernexa Therapeutics Inc. Warrants,$0.078,0.01,14.706%,0,United States,,8681,Health Care,Biotechnology: Pharmaceutical Preparations
CDTTW,CDT Equity Inc. Warrant,$0.0114,0.0014,14.00%,0,United States,2022.0,3456,Health Care,Biotechnology: Pharmaceutical Preparations
SXTPW,60 Degrees Pharmaceuticals Inc. Warrant,$0.0306,0.0037,13.755%,0,United States,2023.0,100,Health Care,Biotechnology: Pharmaceutical Preparations
EMIS,Emmis Acquisition Corp. Class A Ordinary Shares,$10.18,0.0,0.00%,0,United States,2025.0,7,Health Care,Biotechnology: Pharmaceutical Preparations
IPEX,Inflection Point Acquisition Corp. V Class A Ordinary Shares,$10.53,-0.015,-0.142%,0,United States,2025.0,5140,Health Care,Biotechnology: Pharmaceutical Preparations
PBMWW,Psyence Biomedical Ltd. Warrant,$0.0318,-0.0001,-0.313%,0,Canada,,1904,Health Care,Biotechnology: Pharmaceutical Preparations
SRZNW,Surrozen Inc. Warrant,$0.0154,-0.0002,-1.282%,0,United States,,1001,Health Care,Biotechnology: Biological Products (No Diagnostic Substances)
BCTXZ,BriaCell Therapeutics Corp. Warrant expiring 2030,$0.0997,0.0003,0.302%,0,Canada,,16467,Health Care,Biotechnology: Pharmaceutical Preparations
BFRIW,Biofrontera Inc. Warrants,$0.035,0.0119,51.515%,0,United States,2021.0,407,Health Care,Biotechnology: Pharmaceutical Preparations
JSPRW,Japer Therapeutics Inc. Warrants,$0.0121,-0.0009,-6.923%,0,United States,2020.0,9278,Health Care,Biotechnology: Biological Products (No Diagnostic Substances)
CINGW,Cingulate Inc. Warrants,$0.0167,-0.0022,-11.64%,0,United States,2021.0,12287,Health Care,Biotechnology: Pharmaceutical Preparations
BKHA,Black Hawk Acquisition Corporation Class A Ordinary Shares,$12.10,-0.25,-2.024%,0,United States,2024.0,117,Health Care,Biotechnology: Biological Products (No Diagnostic Substances)
BKHAR,Black Hawk Acquisition Corporation Rights,$1.64,0.035,2.181%,0,United States,2024.0,345,Health Care,Biotechnology: Biological Products (No Diagnostic Substances)
KTTAW,Pasithea Therapeutics Corp. Warrant,$0.0096,0.0025,35.211%,0,United States,2021.0,200,Health Care,Biotechnology: Pharmaceutical Preparations
CDIOW,Cardio Diagnostics Holdings Inc. Warrant,$0.0146,0.0026,21.667%,0,United States,2022.0,752,Health Care,Biotechnology: In Vitro & In Vivo Diagnostic Substances
DRMAW,Dermata Therapeutics Inc. Warrant,$0.0099,-0.0005,-4.808%,0,United States,2021.0,200,Health Care,Biotechnology: Pharmaceutical Preparations
TVGNW,Tevogen Bio Holdings Inc. Warrant,$0.0514,0.0006,1.181%,0,United States,2022.0,502788,Health Care,Biotechnology: Biological Products (No Diagnostic Substances)
