Symbol,Name,Last Sale,Net Change,% Change,Market Cap,Country,IPO Year,Volume,Sector,Industry
LLY,Eli Lilly and Company Common Stock,$1185.71,-6.23,-0.523%,1116176,United States,,2897025,Health Care,Biotechnology: Pharmaceutical Preparations
JNJ,Johnson & Johnson Common Stock,$259.24,2.26,0.879%,624742,United States,,6531049,Health Care,Biotechnology: Pharmaceutical Preparations
ABBV,AbbVie Inc. Common Stock,$246.04,2.17,0.89%,434781,United States,2012.0,4929913,Health Care,Biotechnology: Pharmaceutical Preparations
MRK,Merck & Company Inc. Common Stock (new),$128.58,0.21,0.164%,317570,United States,,7347395,Health Care,Biotechnology: Pharmaceutical Preparations
NVS,Novartis AG Common Stock,$156.33,2.12,1.375%,298301,Switzerland,,1309131,Health Care,Biotechnology: Pharmaceutical Preparations
AZN,AstraZeneca PLC Ordinary Shares,$161.42,0.35,0.217%,250318,United Kingdom,2026.0,3720296,Health Care,Biotechnology: Pharmaceutical Preparations
AMGN,Amgen Inc. Common Stock,$410.945,6.095,1.505%,222170,United States,1983.0,1821471,Health Care,Biotechnology: Biological Products (No Diagnostic Substances)
NVO,Novo Nordisk A/S Common Stock,$47.26,1.29,2.806%,209263,Denmark,,12069662,Health Care,Biotechnology: Pharmaceutical Preparations
ABT,Abbott Laboratories Common Stock,$107.81,-0.15,-0.139%,186552,United States,,6606045,Health Care,Biotechnology: Pharmaceutical Preparations
GILD,Gilead Sciences Inc. Common Stock,$133.21,2.35,1.796%,165389,United States,1992.0,8201754,Health Care,Biotechnology: Biological Products (No Diagnostic Substances)
PFE,Pfizer Inc. Common Stock,$26.76,0.56,2.137%,152523,United States,,42715920,Health Care,Biotechnology: Pharmaceutical Preparations
BMY,Bristol-Myers Squibb Company Common Stock,$64.72,0.57,0.889%,132204,United States,,7211782,Health Care,Biotechnology: Pharmaceutical Preparations
VRTX,Vertex Pharmaceuticals Incorporated Common Stock,$496.07,12.04,2.487%,125734,United States,1991.0,992442,Health Care,Biotechnology: Pharmaceutical Preparations
GSK,GSK plc American Depositary Shares (Each representing two Ordinary Shares),$52.96,0.79,1.514%,107250,United Kingdom,2022.0,2521684,Health Care,Biotechnology: Pharmaceutical Preparations
SNY,Sanofi ADS,$43.46,0.57,1.329%,105992,France,,2766402,Health Care,Biotechnology: Pharmaceutical Preparations
REGN,Regeneron Pharmaceuticals Inc. Common Stock,$784.36,12.25,1.587%,80753,United States,1991.0,837572,Health Care,Biotechnology: Pharmaceutical Preparations
TAK,Takeda Pharmaceutical Company Limited American Depositary Shares (each representing 1/2 of a share of Common Stock),$17.45,0.43,2.526%,55139,Japan,2018.0,4233564,Health Care,Biotechnology: Pharmaceutical Preparations
ARGX,argenx SE American Depositary Shares,$865.04,-10.26,-1.172%,53686,Netherlands,2017.0,250175,Health Care,Biotechnology: Biological Products (No Diagnostic Substances)
IDXX,IDEXX Laboratories Inc. Common Stock,$586.67,-3.33,-0.564%,46218,United States,1991.0,594846,Health Care,Biotechnology: In Vitro & In Vivo Diagnostic Substances
RVMD,Revolution Medicines Inc. Common Stock,$205.15,7.34,3.711%,43971,United States,2020.0,1665492,Health Care,Biotechnology: Biological Products (No Diagnostic Substances)
TEVA,Teva Pharmaceutical Industries Limited American Depositary Shares,$35.36,0.55,1.58%,41204,Israel,,4271722,Health Care,Biotechnology: Pharmaceutical Preparations
ONC,BeOne Medicines Ltd. American Depositary Shares,$348.27,18.47,5.60%,39598,Cayman Islands,2016.0,638115,Health Care,Biotechnology: Pharmaceutical Preparations
RPRX,Royalty Pharma plc Class A Ordinary Shares ,$56.77,-0.49,-0.856%,32642,United States,2020.0,4159532,Health Care,Biotechnology: Pharmaceutical Preparations
BIIB,Biogen Inc. Common Stock,$207.94,1.66,0.805%,30723,United States,,840505,Health Care,Biotechnology: Biological Products (No Diagnostic Substances)
ZTS,Zoetis Inc. Class A Common Stock,$72.66,-4.61,-5.966%,30461,United States,2013.0,12773162,Health Care,Biotechnology: Pharmaceutical Preparations
ALNY,Alnylam Pharmaceuticals Inc. Common Stock,$219.20,3.08,1.425%,29330,United States,2004.0,1735964,Health Care,Biotechnology: Pharmaceutical Preparations
INSM,Insmed Incorporated Common Stock,$131.10,-1.45,-1.094%,28416,United States,,4904085,Health Care,Biotechnology: Pharmaceutical Preparations
ROIV,Roivant Sciences Ltd. Common Shares,$36.34,1.22,3.474%,26261,United Kingdom,,6743481,Health Care,Biotechnology: Pharmaceutical Preparations
MRNA,Moderna Inc. Common Stock,$59.17,5.31,9.859%,23622,United States,2018.0,6811490,Health Care,Biotechnology: Biological Products (No Diagnostic Substances)
BNTX,BioNTech SE American Depositary Share,$93.67,2.48,2.72%,23530,Germany,2019.0,1427912,Health Care,Biotechnology: Biological Products (No Diagnostic Substances)
UTHR,United Therapeutics Corporation Common Stock,$538.84,5.9,1.107%,23111,United States,1999.0,1199123,Health Care,Biotechnology: Pharmaceutical Preparations
VTRS,Viatris Inc. Common Stock,$16.43,0.14,0.859%,19133,United States,,13015715,Health Care,Biotechnology: Pharmaceutical Preparations
JAZZ,Jazz Pharmaceuticals plc Common Stock (Ireland),$256.56,-0.09,-0.035%,16654,Ireland,2007.0,970821,Health Care,Biotechnology: Pharmaceutical Preparations
NBIX,Neurocrine Biosciences Inc. Common Stock,$163.41,3.59,2.246%,16610,United States,1996.0,971135,Health Care,Biotechnology: Biological Products (No Diagnostic Substances)
BBIO,BridgeBio Pharma Inc. Common Stock,$84.48,1.68,2.029%,16533,United States,2019.0,2148281,Health Care,Biotechnology: Pharmaceutical Preparations
ASND,Ascendis Pharma A/S Ordinary Share,$255.41,5.56,2.225%,15829,Denmark,2015.0,325596,Health Care,Biotechnology: Pharmaceutical Preparations
EXEL,Exelixis Inc. Common Stock,$54.07,1.87,3.582%,13397,United States,2000.0,3550167,Health Care,Biotechnology: Biological Products (No Diagnostic Substances)
ARWR,Arrowhead Pharmaceuticals Inc. Common Stock,$87.65,1.82,2.12%,12380,United States,,948382,Health Care,Biotechnology: Pharmaceutical Preparations
BMRN,BioMarin Pharmaceutical Inc. Common Stock,$63.81,2.35,3.824%,12333,United States,1999.0,4365326,Health Care,Biotechnology: Pharmaceutical Preparations
HALO,Halozyme Therapeutics Inc. Common Stock,$103.12,17.36,20.243%,12231,United States,,7690980,Health Care,Biotechnology: Biological Products (No Diagnostic Substances)
CORT,Corcept Therapeutics Incorporated Common Stock,$110.77,2.82,2.612%,11974,United States,2004.0,769036,Health Care,Biotechnology: Pharmaceutical Preparations
MDGL,Madrigal Pharmaceuticals Inc. Common Stock,$510.04,-0.32,-0.063%,11784,United States,2007.0,347594,Health Care,Biotechnology: Pharmaceutical Preparations
TECH,Bio-Techne Corp Common Stock,$72.29,0.39,0.542%,11318,United States,,5577481,Health Care,Biotechnology: Biological Products (No Diagnostic Substances)
ABVX,Abivax SA American Depositary Shares,$130.93,0.93,0.715%,11272,France,2023.0,1094334,Health Care,Biotechnology: Pharmaceutical Preparations
SMMT,Summit Therapeutics Inc. Common Stock ,$13.96,0.42,3.102%,11136,United States,2015.0,2180309,Health Care,Biotechnology: Pharmaceutical Preparations
ELAN,Elanco Animal Health Incorporated Common Stock,$22.12,-2.08,-8.595%,11051,United States,2018.0,22075131,Health Care,Biotechnology: Pharmaceutical Preparations
AXSM,Axsome Therapeutics Inc. Common Stock,$212.74,2.61,1.242%,10947,United States,2015.0,1024411,Health Care,Biotechnology: Pharmaceutical Preparations
RDY,Dr. Reddy's Laboratories Ltd Common Stock,$12.22,0.11,0.908%,10199,India,,2564110,Health Care,Biotechnology: Pharmaceutical Preparations
APGE,Apogee Therapeutics Inc. Common Stock,$134.84,0.35,0.26%,10165,United States,2023.0,1495249,Health Care,Biotechnology: Biological Products (No Diagnostic Substances)
PRAX,Praxis Precision Medicines Inc. Common Stock,$360.76,-9.4,-2.539%,10057,United States,2020.0,454993,Health Care,Biotechnology: Pharmaceutical Preparations
KRYS,Krystal Biotech Inc. Common Stock,$326.45,3.76,1.165%,9662,United States,2017.0,160163,Health Care,Biotechnology: Biological Products (No Diagnostic Substances)
CYTK,Cytokinetics Incorporated Common Stock,$76.76,-4.61,-5.665%,9551,United States,2004.0,3604538,Health Care,Biotechnology: Pharmaceutical Preparations
PTGX,Protagonist Therapeutics Inc. Common Stock,$145.87,-0.31,-0.212%,9438,United States,2016.0,321142,Health Care,Biotechnology: Pharmaceutical Preparations
IONS,Ionis Pharmaceuticals Inc. Common Stock,$56.56,2.07,3.799%,9399,United States,,2009227,Health Care,Biotechnology: Pharmaceutical Preparations
SYRE,Spyre Therapeutics Inc. Common Stock,$104.91,1.49,1.441%,9250,United States,2016.0,526628,Health Care,Biotechnology: Pharmaceutical Preparations
RGEN,Repligen Corporation Common Stock,$163.90,4.46,2.797%,9249,United States,1986.0,950570,Health Care,Biotechnology: Biological Products (No Diagnostic Substances)
KYMR,Kymera Therapeutics Inc. Common Stock,$107.52,1.11,1.043%,8940,United States,2020.0,463602,Health Care,Biotechnology: Biological Products (No Diagnostic Substances)
CRNX,Crinetics Pharmaceuticals Inc. Common Stock,$84.08,0.16,0.191%,8917,United States,2018.0,1941812,Health Care,Biotechnology: Pharmaceutical Preparations
QGEN,Qiagen N.V. Common Shares,$42.30,0.57,1.366%,8716,Netherlands,2026.0,3796330,Health Care,Biotechnology: Biological Products (No Diagnostic Substances)
PCVX,Vaxcyte Inc. Common Stock,$58.07,-0.82,-1.392%,8641,United States,2020.0,1296311,Health Care,Biotechnology: Biological Products (No Diagnostic Substances)
ALKS,Alkermes plc Ordinary Shares,$49.17,0.8,1.654%,8248,Ireland,1991.0,1110995,Health Care,Biotechnology: Pharmaceutical Preparations
IMVT,Immunovant Inc. Common Stock,$39.95,0.21,0.528%,8245,United States,2019.0,906196,Health Care,Biotechnology: Biological Products (No Diagnostic Substances)
IBRX,ImmunityBio Inc. Common Stock,$7.64,0.32,4.372%,8097,United States,2015.0,9379514,Health Care,Biotechnology: Biological Products (No Diagnostic Substances)
LQDA,Liquidia Corporation Common Stock,$90.22,0.8,0.895%,8023,United States,2018.0,562174,Health Care,Biotechnology: Pharmaceutical Preparations
RYTM,Rhythm Pharmaceuticals Inc. Common Stock,$115.63,3.53,3.149%,7961,United States,2017.0,672828,Health Care,Biotechnology: Pharmaceutical Preparations
TGTX,TG Therapeutics Inc. Common Stock,$49.76,0.21,0.424%,7616,United States,,1766961,Health Care,Biotechnology: Pharmaceutical Preparations
TWST,Twist Bioscience Corporation Common Stock,$115.67,6.59,6.041%,7253,United States,2018.0,1561832,Health Care,Biotechnology: Biological Products (No Diagnostic Substances)
COGT,Cogent Biosciences Inc. Common Stock,$42.39,0.59,1.411%,7243,United States,2018.0,1855824,Health Care,Biotechnology: Pharmaceutical Preparations
CGON,CG Oncology Inc. Common stock,$75.10,0.25,0.334%,6624,United States,2024.0,610843,Health Care,Biotechnology: Biological Products (No Diagnostic Substances)
LNTH,Lantheus Holdings Inc. Common Stock,$100.95,-0.12,-0.119%,6572,United States,2015.0,2079653,Health Care,Biotechnology: In Vitro & In Vivo Diagnostic Substances
MIRM,Mirum Pharmaceuticals Inc. Common Stock,$100.65,6.535,6.944%,6535,United States,2019.0,850795,Health Care,Biotechnology: Pharmaceutical Preparations
BLTE,Belite Bio Inc American Depositary Shares,$163.05,2.38,1.481%,6414,United States,2022.0,126444,Health Care,Biotechnology: Pharmaceutical Preparations
SRRK,Scholar Rock Holding Corporation Common Stock,$52.92,0.28,0.532%,6341,United States,2018.0,958657,Health Care,Biotechnology: Biological Products (No Diagnostic Substances)
ERAS,Erasca Inc. Common Stock,$18.41,0.14,0.766%,6300,United States,2021.0,2094930,Health Care,Biotechnology: Pharmaceutical Preparations
XENE,Xenon Pharmaceuticals Inc. Common Shares,$63.36,-1.19,-1.844%,6124,Canada,2014.0,720266,Health Care,Biotechnology: Pharmaceutical Preparations
PTCT,PTC Therapeutics Inc. Common Stock,$73.31,2.46,3.472%,6118,United States,2013.0,963179,Health Care,Biotechnology: Pharmaceutical Preparations
DNTH,Dianthus Therapeutics Inc. Common Stock,$108.92,-1.0,-0.91%,6092,United States,2018.0,570503,Health Care,Biotechnology: Pharmaceutical Preparations
ORKA,Oruka Therapeutics Inc. Common Stock,$98.82,0.4,0.406%,5960,United States,,308697,Health Care,Biotechnology: In Vitro & In Vivo Diagnostic Substances
KNSA,Kiniksa Pharmaceuticals International plc Class A Ordinary Shares,$76.06,-0.45,-0.588%,5934,United States,2018.0,219841,Health Care,Biotechnology: Pharmaceutical Preparations
LGND,Ligand Pharmaceuticals Incorporated Common Stock,$293.15,-6.99,-2.329%,5875,United States,,313686,Health Care,Biotechnology: Pharmaceutical Preparations
AMRX,Amneal Pharmaceuticals Inc. Class A Common Stock,$18.14,0.07,0.387%,5787,United States,,1089805,Health Care,Biotechnology: Pharmaceutical Preparations
TVTX,Travere Therapeutics Inc. Common Stock,$61.32,-1.13,-1.809%,5780,United States,,1226514,Health Care,Biotechnology: Pharmaceutical Preparations
GRFS,Grifols S.A. American Depositary Shares,$7.94,0.11,1.405%,5459,Spain,,400488,Health Care,Biotechnology: Pharmaceutical Preparations
CRSP,CRISPR Therapeutics AG Common Shares,$53.52,1.88,3.641%,5174,Switzerland,2016.0,1283378,Health Care,Biotechnology: Biological Products (No Diagnostic Substances)
ACAD,ACADIA Pharmaceuticals Inc. Common Stock,$29.21,0.76,2.671%,5033,United States,1985.0,1782697,Health Care,Biotechnology: Pharmaceutical Preparations
DYN,Dyne Therapeutics Inc. Common Stock,$26.25,0.37,1.43%,4902,United States,2020.0,1991045,Health Care,Biotechnology: Pharmaceutical Preparations
INDV,Indivior Pharmaceuticals Inc. Common Stock,$38.82,0.15,0.388%,4843,United Kingdom,,1687068,Health Care,Biotechnology: Pharmaceutical Preparations
MANE,Veradermics Incorporated Common Stock,$114.39,5.74,5.283%,4779,,2026.0,542291,Health Care,Biotechnology: Pharmaceutical Preparations
EWTX,Edgewise Therapeutics Inc. Common Stock,$43.52,-0.9,-2.026%,4682,United States,2021.0,1477517,Health Care,Biotechnology: Pharmaceutical Preparations
ELVN,Enliven Therapeutics Inc. Common Stock,$60.46,0.19,0.315%,4429,United States,2020.0,696110,Health Care,Biotechnology: Pharmaceutical Preparations
PBLS,Parabilis Medicines Inc. Common Stock,$34.98,-0.6,-1.686%,4153,United States,2026.0,279798,Health Care,Biotechnology: Pharmaceutical Preparations
GMAB,Genmab A/S ADS,$31.25,1.42,4.76%,4014,Denmark,2019.0,3507479,Health Care,Biotechnology: Pharmaceutical Preparations
VKTX,Viking Therapeutics Inc. Common Stock,$34.26,0.96,2.883%,3996,United States,2015.0,1398194,Health Care,Biotechnology: Pharmaceutical Preparations
ADPT,Adaptive Biotechnologies Corporation Common Stock,$24.93,1.33,5.636%,3978,United States,2019.0,2495277,Health Care,Biotechnology: Biological Products (No Diagnostic Substances)
DNLI,Denali Therapeutics Inc. Common Stock,$24.83,0.1,0.404%,3940,United States,2017.0,1749301,Health Care,Biotechnology: Biological Products (No Diagnostic Substances)
TNGX,Tango Therapeutics Inc.,$27.07,-1.93,-6.655%,3915,United States,2020.0,3230897,Health Care,Biotechnology: Pharmaceutical Preparations
TLX,Telix Pharmaceuticals Limited American Depositary Shares,$11.52,0.88,8.271%,3902,Australia,,212061,Health Care,Biotechnology: Pharmaceutical Preparations
LEGN,Legend Biotech Corporation American Depositary Shares,$20.75,1.47,7.624%,3854,United States,2020.0,2610903,Health Care,Biotechnology: Pharmaceutical Preparations
RLAY,Relay Therapeutics Inc. Common Stock,$19.77,0.02,0.101%,3787,United States,2020.0,2315224,Health Care,Biotechnology: Biological Products (No Diagnostic Substances)
GPCR,Structure Therapeutics Inc. American Depositary Shares,$53.14,0.52,0.988%,3776,United States,2023.0,329493,Health Care,Biotechnology: Pharmaceutical Preparations
AKTS,Aktis Oncology Inc. Common stock,$24.13,0.69,2.944%,3730,United States,2026.0,154856,Health Care,Biotechnology: Pharmaceutical Preparations
RCUS,Arcus Biosciences Inc. Common Stock,$28.62,0.29,1.024%,3644,United States,2018.0,1061503,Health Care,Biotechnology: Pharmaceutical Preparations
IDYA,IDEAYA Biosciences Inc. Common Stock,$37.02,0.78,2.152%,3572,United States,2019.0,602346,Health Care,Biotechnology: Pharmaceutical Preparations
OGN,Organon & Co. Common Stock ,$13.60,0.05,0.369%,3571,United States,2021.0,3332683,Health Care,Biotechnology: Pharmaceutical Preparations
ALMS,Alumis Inc. Common Stock,$27.60,-0.2,-0.719%,3518,United States,2024.0,843492,Health Care,Biotechnology: Pharmaceutical Preparations
NAMS,NewAmsterdam Pharma Company N.V. Ordinary Shares,$27.96,0.29,1.048%,3342,Netherlands,,572009,Health Care,Biotechnology: Pharmaceutical Preparations
VCRE,Vicore Pharma Holding AB American Depositary Shares,$11.825,0.0,0.00%,3329,Sweden,,776,Health Care,Biotechnology: Pharmaceutical Preparations
CLDX,Celldex Therapeutics Inc.,$41.71,0.15,0.361%,3273,United States,,808959,Health Care,Biotechnology: In Vitro & In Vivo Diagnostic Substances
MBX,MBX Biosciences Inc. Common Stock,$67.82,0.71,1.058%,3228,United States,2024.0,545552,Health Care,Biotechnology: Pharmaceutical Preparations
QURE,uniQure N.V. Ordinary Shares,$46.42,1.06,2.337%,3219,Netherlands,2014.0,1827903,Health Care,Biotechnology: Pharmaceutical Preparations
ARQT,Arcutis Biotherapeutics Inc. Common Stock,$25.29,-1.14,-4.313%,3178,United States,2020.0,2449060,Health Care,Biotechnology: Pharmaceutical Preparations
IRON,Disc Medicine Inc. Common Stock,$77.44,0.0,0.00%,2973,United States,,307563,Health Care,Biotechnology: Pharmaceutical Preparations
KOD,Kodiak Sciences Inc Common Stock,$45.37,-0.03,-0.066%,2839,United States,2018.0,510735,Health Care,Biotechnology: Biological Products (No Diagnostic Substances)
BEAM,Beam Therapeutics Inc. Common Stock,$27.48,0.23,0.844%,2838,United States,2020.0,1324319,Health Care,Biotechnology: Biological Products (No Diagnostic Substances)
IMNM,Immunome Inc. Common Stock,$25.03,-0.79,-3.06%,2834,United States,2020.0,881164,Health Care,Biotechnology: Pharmaceutical Preparations
IOVA,Iovance Biotherapeutics Inc. Common Stock,$6.34,0.13,2.093%,2830,United States,,30927435,Health Care,Biotechnology: Biological Products (No Diagnostic Substances)
TARS,Tarsus Pharmaceuticals Inc. Common Stock,$64.79,-0.54,-0.827%,2787,United States,2020.0,983180,Health Care,Biotechnology: Biological Products (No Diagnostic Substances)
SUPN,Supernus Pharmaceuticals Inc. Common Stock,$47.64,0.88,1.882%,2769,United States,2012.0,702653,Health Care,Biotechnology: Pharmaceutical Preparations
ATAI,AtaiBeckley Inc. Common Stock,$7.25,0.07,0.975%,2669,Germany,2008.0,6406920,Health Care,Biotechnology: Pharmaceutical Preparations
NRIX,Nurix Therapeutics Inc. Common stock,$25.53,0.31,1.229%,2649,United States,2020.0,729515,Health Care,Biotechnology: Pharmaceutical Preparations
TRVI,Trevi Therapeutics Inc. Common Stock,$18.51,0.01,0.054%,2628,United States,2019.0,2194694,Health Care,Biotechnology: Pharmaceutical Preparations
ZLAB,Zai Lab Limited American Depositary Shares,$23.32,2.44,11.686%,2620,China,2017.0,2046174,Health Care,Biotechnology: Pharmaceutical Preparations
PBH,Prestige Consumer Healthcare Inc. Common Stock,$54.85,0.42,0.772%,2598,United States,2005.0,597767,Health Care,Biotechnology: Pharmaceutical Preparations
PGEN,Precigen Inc. Common Stock,$7.23,0.32,4.631%,2588,United States,,5754997,Health Care,Biotechnology: Pharmaceutical Preparations
NKTR,Nektar Therapeutics  Common Stock,$76.48,3.03,4.125%,2583,United States,,899131,Health Care,Biotechnology: Pharmaceutical Preparations
RARE,Ultragenyx Pharmaceutical Inc. Common Stock,$25.91,0.09,0.349%,2554,United States,2014.0,3829266,Health Care,Biotechnology: Pharmaceutical Preparations
AMLX,Amylyx Pharmaceuticals Inc. Common Stock,$22.82,-1.37,-5.663%,2537,United States,2022.0,2678348,Health Care,Biotechnology: Pharmaceutical Preparations
NEOG,Neogen Corporation Common Stock,$11.47,0.17,1.504%,2501,United States,1989.0,1520362,Health Care,Biotechnology: In Vitro & In Vivo Diagnostic Substances
RVMDW,Revolution Medicines Inc. Warrant,$11.50,0.91,8.593%,2464,United States,,85133,Health Care,Biotechnology: Biological Products (No Diagnostic Substances)
PHVS,Pharvaris N.V. Ordinary Shares,$34.91,0.46,1.335%,2432,Netherlands,2021.0,696534,Health Care,Biotechnology: Pharmaceutical Preparations
VRDN,Viridian Therapeutics Inc. Common Stock,$23.59,1.08,4.798%,2431,United States,2014.0,1659837,Health Care,Biotechnology: Pharmaceutical Preparations
KLRA,Kailera Therapeutics Inc. Common Stock,$18.66,-0.21,-1.113%,2417,United States,2026.0,276248,Health Care,Biotechnology: Pharmaceutical Preparations
BCRX,BioCryst Pharmaceuticals Inc. Common Stock,$9.38,0.08,0.86%,2396,United States,1994.0,4383247,Health Care,Biotechnology: Biological Products (No Diagnostic Substances)
VERA,Vera Therapeutics Inc. Class A Common Stock,$32.89,0.87,2.717%,2360,United States,2021.0,1515236,Health Care,Biotechnology: Pharmaceutical Preparations
BHC,Bausch Health Companies Inc. Common Stock,$6.25,0.34,5.753%,2337,Canada,,4231229,Health Care,Biotechnology: Pharmaceutical Preparations
COAG,Hemab Therapeutics Holdings Inc. Common Stock,$49.66,-2.5,-4.793%,2319,United States,2026.0,415720,Health Care,Biotechnology: Biological Products (No Diagnostic Substances)
VCEL,Vericel Corporation Common Stock,$45.09,0.34,0.76%,2308,United States,,472928,Health Care,Biotechnology: Biological Products (No Diagnostic Substances)
SION,Sionna Therapeutics Inc. Common Stock,$51.04,1.43,2.882%,2304,United States,2025.0,746267,Health Care,Biotechnology: Pharmaceutical Preparations
NUVB,Nuvation Bio Inc. Class A Common Stock,$6.60,0.49,8.02%,2298,United States,2020.0,5773676,Health Care,Biotechnology: Pharmaceutical Preparations
URGN,UroGen Pharma Ltd. Ordinary Shares,$46.96,1.36,2.982%,2295,Israel,2017.0,1026529,Health Care,Biotechnology: Pharmaceutical Preparations
PVLA,Palvella Therapeutics Inc. Common Stock,$157.77,2.84,1.833%,2273,United States,,182325,Health Care,Biotechnology: Pharmaceutical Preparations
MLYS,Mineralys Therapeutics Inc. Common Stock,$27.35,0.36,1.334%,2256,United States,2023.0,386178,Health Care,Biotechnology: Pharmaceutical Preparations
HRMY,Harmony Biosciences Holdings Inc. Common Stock,$38.41,-0.34,-0.877%,2236,United States,2020.0,994549,Health Care,Biotechnology: Pharmaceutical Preparations
SLS,SELLAS Life Sciences Group Inc. Common Stock,$12.01,0.31,2.65%,2234,United States,,5106740,Health Care,Biotechnology: Pharmaceutical Preparations
ADMA,ADMA Biologics Inc Common Stock,$9.90,-0.16,-1.59%,2217,United States,,3303169,Health Care,Biotechnology: Biological Products (No Diagnostic Substances)
BHVN,Biohaven Ltd. Common Shares ,$14.66,0.24,1.664%,2206,United States,2022.0,1121775,Health Care,Biotechnology: Pharmaceutical Preparations
BRVE,Braveheart Bio Inc. Common Stock,$30.00,0.2,0.671%,2203,United States,2026.0,566671,Health Care,Biotechnology: Pharmaceutical Preparations
RAPP,Rapport Therapeutics Inc. Common Stock,$45.49,-0.86,-1.855%,2182,United States,2024.0,246124,Health Care,Biotechnology: Pharmaceutical Preparations
HCM,HUTCHMED (China) Limited American Depositary Shares,$12.51,0.68,5.748%,2182,Hong Kong,2016.0,43360,Health Care,Biotechnology: Pharmaceutical Preparations
STOK,Stoke Therapeutics Inc. Common Stock,$32.71,0.78,2.443%,2110,United States,2019.0,866618,Health Care,Biotechnology: Pharmaceutical Preparations
GHRS,GH Research PLC Ordinary Shares,$30.27,-0.37,-1.208%,2075,Ireland,2021.0,337206,Health Care,Biotechnology: Pharmaceutical Preparations
AUPH,Aurinia Pharmaceuticals Inc Ordinary Shares,$15.85,-0.28,-1.736%,2059,Canada,,1545239,Health Care,Biotechnology: Pharmaceutical Preparations
MESO,Mesoblast Limited American Depositary Shares,$15.94,0.32,2.049%,2057,Australia,2015.0,80943,Health Care,Biotechnology: Biological Products (No Diagnostic Substances)
ZBIO,Zenas BioPharma Inc. Common Stock,$32.43,0.26,0.808%,2047,United States,2024.0,264069,Health Care,Biotechnology: Pharmaceutical Preparations
ABCL,AbCellera Biologics Inc. Common Shares,$6.93,0.4,6.126%,2042,Canada,2020.0,6464785,Health Care,Biotechnology: Pharmaceutical Preparations
NAMSW,NewAmsterdam Pharma Company N.V. Warrant,$17.00,1.0,6.25%,2032,Netherlands,,1000,Health Care,Biotechnology: Pharmaceutical Preparations
OCUL,Ocular Therapeutix Inc. Common Stock,$9.19,0.45,5.149%,2018,United States,2014.0,2015179,Health Care,Biotechnology: Pharmaceutical Preparations
AGIO,Agios Pharmaceuticals Inc. Common Stock,$32.27,0.32,1.002%,1926,United States,2013.0,1399693,Health Care,Biotechnology: Pharmaceutical Preparations
TSHA,Taysha Gene Therapies Inc. Common Stock,$6.56,0.22,3.47%,1885,United States,2020.0,1929638,Health Care,Biotechnology: Biological Products (No Diagnostic Substances)
CMPS,COMPASS Pathways Plc American Depository Shares,$13.54,-0.01,-0.074%,1874,United Kingdom,2020.0,3391461,Health Care,Biotechnology: Pharmaceutical Preparations
NBTX,Nanobiotix S.A. American Depositary Shares,$38.22,0.43,1.138%,1850,France,2020.0,107405,Health Care,Biotechnology: Pharmaceutical Preparations
BCAX,Bicara Therapeutics Inc. Common Stock,$28.06,0.55,1.999%,1843,United States,2024.0,570582,Health Care,Biotechnology: Pharmaceutical Preparations
DMRA,Damora Therapeutics Inc. Ordinary Shares,$29.92,0.04,0.134%,1841,Denmark,2020.0,197373,Health Care,Biotechnology: Pharmaceutical Preparations
GENB,Generate Biomedicines Inc. Common Stock,$14.35,0.46,3.312%,1839,United States,2026.0,505833,Health Care,Biotechnology: Pharmaceutical Preparations
SNDX,Syndax Pharmaceuticals Inc. Common Stock,$20.40,0.64,3.239%,1821,United States,2016.0,1247590,Health Care,Biotechnology: Pharmaceutical Preparations
KARD,Kardigan Inc. Common Stock,$20.50,0.14,0.688%,1797,United States,2026.0,159600,Health Care,Biotechnology: Pharmaceutical Preparations
PRGO,Perrigo Company plc Ordinary Shares,$12.84,0.3,2.392%,1781,United States,,2107081,Health Care,Biotechnology: Pharmaceutical Preparations
LKFT,Lakefront Biotherapeutics American Depositary Shares,$27.00,0.87,3.33%,1779,Belgium,2015.0,139066,Health Care,Biotechnology: Pharmaceutical Preparations
SRPT,Sarepta Therapeutics Inc. Common Stock (DE),$16.78,0.0,0.00%,1772,United States,,3064068,Health Care,Biotechnology: Pharmaceutical Preparations
AAPG,Ascentage Pharma Group International American Depository Shares,$18.985,1.895,11.088%,1771,China,2025.0,8693,Health Care,Biotechnology: Pharmaceutical Preparations
ANIP,ANI Pharmaceuticals Inc.,$78.25,-4.38,-5.301%,1757,United States,,1020119,Health Care,Biotechnology: Pharmaceutical Preparations
SEPN,Septerna Inc. Common Stock,$38.83,-0.7,-1.771%,1750,United States,2024.0,303774,Health Care,Biotechnology: Pharmaceutical Preparations
RXRX,Recursion Pharmaceuticals Inc. Class A Common Stock,$3.22,0.04,1.258%,1723,United States,2021.0,9321225,Health Care,Biotechnology: Biological Products (No Diagnostic Substances)
ZYME,Zymeworks Inc. Common Stock,$23.54,0.41,1.773%,1718,United States,,578128,Health Care,Biotechnology: Pharmaceutical Preparations
OBX,Obsidian Therapeutics Inc. Common Stock,$27.50,-0.85,-2.998%,1697,United States,,8861,Health Care,Biotechnology: Pharmaceutical Preparations
ANAB,AnaptysBio Inc. Common Stock,$56.61,1.84,3.36%,1676,United States,2017.0,546704,Health Care,Biotechnology: Pharmaceutical Preparations
NTLA,Intellia Therapeutics Inc. Common Stock,$11.94,0.7,6.228%,1668,United States,2016.0,4924772,Health Care,Biotechnology: In Vitro & In Vivo Diagnostic Substances
IMCR,Immunocore Holdings plc American Depositary Shares,$34.00,-0.5,-1.449%,1635,United Kingdom,2021.0,492098,Health Care,Biotechnology: Biological Products (No Diagnostic Substances)
MRVI,Maravai LifeSciences Holdings Inc. Class A Common Stock,$6.23,-0.02,-0.32%,1608,United States,2020.0,4077185,Health Care,Biotechnology: Pharmaceutical Preparations
MAZE,Maze Therapeutics Inc. Common Stock,$28.65,0.12,0.421%,1585,United States,2025.0,480743,Health Care,Biotechnology: Biological Products (No Diagnostic Substances)
TYRA,Tyra Biosciences Inc. Common Stock,$26.51,-0.45,-1.669%,1582,United States,2021.0,820647,Health Care,Biotechnology: Pharmaceutical Preparations
TRAX,First Tracks Biotherapeutics Inc. Ordinary Shares ,$45.33,0.02,0.044%,1581,United States,,629310,Health Care,Biotechnology: Pharmaceutical Preparations
FBRX,Forte Biosciences Inc. Common Stock,$76.79,-0.04,-0.052%,1572,United States,2017.0,1163873,Health Care,Biotechnology: Pharmaceutical Preparations
XNCR,Xencor Inc. Common Stock,$20.81,0.81,4.05%,1547,United States,2013.0,1124545,Health Care,Biotechnology: Pharmaceutical Preparations
NNNN,Anbio Biotechnology Class A Ordinary Shares,$10.61,0.86,8.821%,1526,Germany,2025.0,50209,Health Care,Biotechnology: In Vitro & In Vivo Diagnostic Substances
HROW,Harrow Inc. Common Stock,$40.44,0.52,1.303%,1507,United States,,322903,Health Care,Biotechnology: Pharmaceutical Preparations
AVLN,Avalyn Pharma Inc. Common Stock,$33.92,1.22,3.731%,1503,United States,2026.0,120919,Health Care,Biotechnology: Pharmaceutical Preparations
SLBT,SL Science Holding Limited Ordinary Shares,$2.67,-0.06,-2.198%,1497,Taiwan,,26372,Health Care,Biotechnology: Biological Products (No Diagnostic Substances)
VIR,Vir Biotechnology Inc. Common Stock,$8.82,0.055,0.627%,1492,United States,2019.0,1663133,Health Care,Biotechnology: Biological Products (No Diagnostic Substances)
INVA,Innoviva Inc. Common Stock,$20.51,-0.6,-2.842%,1481,United States,2004.0,1143309,Health Care,Biotechnology: Pharmaceutical Preparations
AVBP,ArriVent BioPharma Inc. Common Stock,$30.84,-0.17,-0.548%,1436,United States,2024.0,302098,Health Care,Biotechnology: Pharmaceutical Preparations
ORIC,Oric Pharmaceuticals Inc. Common Stock,$13.50,0.57,4.408%,1399,United States,2020.0,1308136,Health Care,Biotechnology: Pharmaceutical Preparations
PAHC,Phibro Animal Health Corporation Class A Common Stock,$34.29,-1.21,-3.408%,1390,United States,2014.0,231356,Health Care,Biotechnology: Pharmaceutical Preparations
LBRX,LB Pharmaceuticals Inc Common Stock,$48.00,-0.18,-0.374%,1376,United States,2025.0,269191,Health Care,Biotechnology: Pharmaceutical Preparations
XERS,Xeris Biopharma Holdings Inc. Common Stock,$7.93,0.57,7.745%,1369,United States,2018.0,2253135,Health Care,Biotechnology: Pharmaceutical Preparations
SDGR,Schrodinger Inc. Common Stock,$18.16,0.35,1.965%,1358,United States,2020.0,1370874,Health Care,Biotechnology: Pharmaceutical Preparations
MLTX,MoonLake Immunotherapeutics Class A Ordinary Shares,$18.26,0.23,1.276%,1344,United States,2020.0,902078,Health Care,Biotechnology: Pharmaceutical Preparations
GLUE,Monte Rosa Therapeutics Inc. Common Stock,$15.88,0.17,1.082%,1341,United States,2021.0,1031400,Health Care,Biotechnology: Biological Products (No Diagnostic Substances)
MNKD,MannKind Corporation Common Stock,$4.11,0.22,5.656%,1321,United States,2004.0,5040690,Health Care,Biotechnology: Pharmaceutical Preparations
NVAX,Novavax Inc. Common Stock,$7.95,0.21,2.713%,1307,United States,,5698135,Health Care,Biotechnology: Biological Products (No Diagnostic Substances)
INBX,Inhibrx Biosciences Inc. Common Stock,$88.66,2.87,3.345%,1300,United States,,407721,Health Care,Biotechnology: Biological Products (No Diagnostic Substances)
IMTX,Immatics N.V. Ordinary Shares,$9.65,0.23,2.442%,1294,Germany,,309347,Health Care,Biotechnology: Biological Products (No Diagnostic Substances)
VOR,Vor Biopharma Inc. Common Stock,$23.67,-0.03,-0.127%,1282,United States,2021.0,801032,Health Care,Biotechnology: Biological Products (No Diagnostic Substances)
SPTX,Seaport Therapeutics Inc. Common Stock,$23.62,0.53,2.295%,1264,United States,2026.0,112382,Health Care,Biotechnology: Pharmaceutical Preparations
ETON,Eton Pharmaceuticals Inc. Common Stock,$44.60,-1.58,-3.421%,1221,United States,2018.0,277169,Health Care,Biotechnology: Pharmaceutical Preparations
MGTX,MeiraGTx Holdings plc Ordinary Shares,$13.07,0.28,2.189%,1210,United States,2018.0,392291,Health Care,Biotechnology: Biological Products (No Diagnostic Substances)
WVE,Wave Life Sciences Ltd. Ordinary Shares,$6.10,0.08,1.329%,1201,Singapore,2015.0,4556078,Health Care,Biotechnology: Pharmaceutical Preparations
SVRA,Savara Inc. Common Stock,$5.83,0.04,0.691%,1194,United States,,1586219,Health Care,Biotechnology: Pharmaceutical Preparations
ALVO,Alvotech Ordinary Shares,$3.81,0.01,0.263%,1189,Luxembourg,,342037,Health Care,Biotechnology: Biological Products (No Diagnostic Substances)
CRVS,Corvus Pharmaceuticals Inc. Common Stock,$13.92,0.06,0.433%,1170,United States,2016.0,1370109,Health Care,Biotechnology: Pharmaceutical Preparations
IVA,Inventiva S.A. American Depository Shares,$4.80,0.14,3.004%,1134,France,2020.0,579083,Health Care,Biotechnology: Pharmaceutical Preparations
ANRO,Alto Neuroscience Inc. Common Stock,$28.67,0.2,0.702%,1114,United States,2024.0,336455,Health Care,Biotechnology: Pharmaceutical Preparations
LXRX,Lexicon Pharmaceuticals Inc. Common Stock,$2.47,0.11,4.661%,1097,United States,,3085765,Health Care,Biotechnology: Pharmaceutical Preparations
CGEM,Cullinan Therapeutics Inc. Common Stock,$17.73,-0.22,-1.226%,1089,United States,2021.0,361754,Health Care,Biotechnology: Biological Products (No Diagnostic Substances)
JBIO,Jade Biosciences Inc. Common Stock,$21.96,-0.28,-1.259%,1083,United States,2021.0,480845,Health Care,Biotechnology: Pharmaceutical Preparations
OLMA,Olema Pharmaceuticals Inc. Common Stock,$12.05,0.25,2.119%,1052,United States,2020.0,757211,Health Care,Biotechnology: Pharmaceutical Preparations
APMD,Apnimed Inc. Common Stock,$27.00,-0.88,-3.156%,1025,United States,2026.0,159913,Health Care,Biotechnology: Pharmaceutical Preparations
OPK,OPKO Health Inc. Common Stock,$1.37,0.05,3.788%,1022,United States,,2696690,Health Care,Biotechnology: Pharmaceutical Preparations
ODTX,Odyssey Therapeutics Inc. Common Stock,$21.17,-0.38,-1.763%,1016,United States,2026.0,97826,Health Care,Biotechnology: Biological Products (No Diagnostic Substances)
REPL,Replimune Group Inc. Common Stock,$12.06,-0.8,-6.221%,1013,United States,2018.0,8876081,Health Care,Biotechnology: Biological Products (No Diagnostic Substances)
PCRX,Pacira BioSciences Inc. Common Stock,$25.02,-0.56,-2.189%,997,United States,2011.0,603226,Health Care,Biotechnology: Pharmaceutical Preparations
ARDX,Ardelyx Inc. Common Stock,$4.00,-0.87,-17.864%,988,United States,2014.0,20067328,Health Care,Biotechnology: Pharmaceutical Preparations
SANA,Sana Biotechnology Inc. Common Stock,$3.52,0.11,3.226%,979,United States,2021.0,2150978,Health Care,Biotechnology: Biological Products (No Diagnostic Substances)
AVTX,Avalo Therapeutics Inc. Common Stock,$18.32,-0.38,-2.032%,969,United States,2015.0,729796,Health Care,Biotechnology: Pharmaceutical Preparations
ANL,Adlai Nortye Ltd. American Depositary Shares,$13.28,-0.56,-4.046%,967,Cayman Islands,2023.0,270006,Health Care,Biotechnology: Pharmaceutical Preparations
JANX,Janux Therapeutics Inc. Common Stock,$15.85,-0.25,-1.553%,966,United States,2021.0,689044,Health Care,Biotechnology: Pharmaceutical Preparations
OMER,Omeros Corporation Common Stock,$13.25,0.1,0.76%,958,United States,2009.0,1226959,Health Care,Biotechnology: Pharmaceutical Preparations
COLL,Collegium Pharmaceutical Inc. Common Stock,$29.47,0.36,1.237%,955,United States,2015.0,978494,Health Care,Biotechnology: Pharmaceutical Preparations
GERN,Geron Corporation Common Stock,$1.48,-0.09,-5.732%,950,United States,1996.0,8884964,Health Care,Biotechnology: Pharmaceutical Preparations
ATTO,Attovia Therapeutics Inc. Common Stock,$20.17,-0.21,-1.03%,919,United States,2026.0,237916,Health Care,Biotechnology: Biological Products (No Diagnostic Substances)
AMPH,Amphastar Pharmaceuticals Inc. Common Stock,$20.78,0.97,4.897%,916,United States,2014.0,1299943,Health Care,Biotechnology: Pharmaceutical Preparations
ABUS,Arbutus Biopharma Corporation Common Stock,$4.63,0.09,1.982%,914,Canada,,796127,Health Care,Biotechnology: Pharmaceutical Preparations
ANNX,Annexon Inc. Common Stock,$5.41,-0.19,-3.393%,886,United States,2020.0,2045969,Health Care,Biotechnology: Pharmaceutical Preparations
DSGN,Design Therapeutics Inc. Common Stock,$13.99,0.22,1.598%,875,United States,2021.0,418875,Health Care,Biotechnology: Pharmaceutical Preparations
TBPH,Theravance Biopharma Inc. Ordinary Shares,$16.93,0.01,0.059%,872,Cayman Islands,,2722748,Health Care,Biotechnology: Pharmaceutical Preparations
KURA,Kura Oncology Inc. Common Stock,$9.57,0.29,3.125%,849,United States,,749076,Health Care,Biotechnology: Pharmaceutical Preparations
QDEL,QuidelOrtho Corporation Common Stock,$12.285,-4.035,-24.724%,837,United States,,4889179,Health Care,Biotechnology: In Vitro & In Vivo Diagnostic Substances
AURA,Aura Biosciences Inc. Common Stock,$7.99,0.27,3.497%,826,United States,2021.0,538292,Health Care,Biotechnology: Biological Products (No Diagnostic Substances)
ACRS,Aclaris Therapeutics Inc. Common Stock,$5.91,-0.18,-2.956%,825,United States,2015.0,2388104,Health Care,Biotechnology: Pharmaceutical Preparations
SLDB,Solid Biosciences Inc. Common Stock,$8.39,-0.32,-3.674%,825,United States,2018.0,1054942,Health Care,Biotechnology: Biological Products (No Diagnostic Substances)
CLYM,Climb Bio Inc. Common Stock,$14.00,0.0,0.00%,801,United States,2021.0,910293,Health Care,Biotechnology: Pharmaceutical Preparations
MNPR,Monopar Therapeutics Inc. Common Stock,$119.21,-1.0,-0.832%,798,United States,2019.0,223323,Health Care,Biotechnology: Pharmaceutical Preparations
DBVT,DBV Technologies S.A. American Depositary Shares,$13.48,-0.26,-1.892%,798,France,2014.0,698716,Health Care,Biotechnology: Biological Products (No Diagnostic Substances)
DRUG,Bright Minds Biosciences Inc. Common Stock,$79.33,-1.47,-1.819%,778,Canada,,156423,Health Care,Biotechnology: Pharmaceutical Preparations
CADL,Candel Therapeutics Inc. Common Stock,$10.59,0.01,0.095%,775,United States,2021.0,798438,Health Care,Biotechnology: Biological Products (No Diagnostic Substances)
PHAR,Pharming Group N.V. ADS each representing 10 ordinary shares,$10.95,0.1,0.922%,773,Netherlands,,6394,Health Care,Biotechnology: Pharmaceutical Preparations
CYRX,CryoPort Inc. Common Stock,$15.12,0.41,2.787%,762,United States,,1069272,Health Care,Biotechnology: Pharmaceutical Preparations
CTMX,CytomX Therapeutics Inc. Common Stock,$3.46,0.09,2.671%,753,United States,2015.0,2461603,Health Care,Biotechnology: Pharmaceutical Preparations
RIGL,Rigel Pharmaceuticals Inc. Common Stock,$40.17,0.95,2.422%,750,United States,2000.0,315528,Health Care,Biotechnology: Pharmaceutical Preparations
BBOT,BridgeBio Oncology Therapeutics Inc. Common Stock  ,$9.33,0.55,6.264%,747,United States,2024.0,219424,Health Care,Biotechnology: Pharmaceutical Preparations
GYRE,Gyre Therapeutics Inc. Common Stock,$6.67,0.27,4.219%,743,United States,2006.0,67906,Health Care,Biotechnology: Pharmaceutical Preparations
OCS,Oculis Holding AG Ordinary shares,$12.68,0.3,2.423%,735,Switzerland,,370899,Health Care,Biotechnology: Pharmaceutical Preparations
HELP,Cybin Inc. Common Stock,$11.61,0.51,4.595%,719,Canada,,1733720,Health Care,Biotechnology: Pharmaceutical Preparations
AGMB,AgomAb Therapeutics NV American Depositary Shares,$14.50,1.0,7.407%,714,Belgium,2026.0,367403,Health Care,Biotechnology: Biological Products (No Diagnostic Substances)
IRWD,Ironwood Pharmaceuticals Inc. Class A Common Stock,$4.32,0.06,1.408%,711,United States,2010.0,1842597,Health Care,Biotechnology: Pharmaceutical Preparations
EVO,Evotec SE American Depositary Shares,$2.00,0.05,2.564%,711,Germany,2021.0,49377,Health Care,Biotechnology: Pharmaceutical Preparations
ALLO,Allogene Therapeutics Inc. Common Stock,$2.01,0.04,2.03%,693,United States,2018.0,3693705,Health Care,Biotechnology: Biological Products (No Diagnostic Substances)
PHAT,Phathom Pharmaceuticals Inc. Common Stock,$8.55,0.16,1.907%,691,United States,2019.0,2310502,Health Care,Biotechnology: Pharmaceutical Preparations
ZVRA,Zevra Therapeutics Inc. Common Stock,$11.56,-0.32,-2.694%,686,United States,,1262856,Health Care,Biotechnology: Pharmaceutical Preparations
NGNE,Neurogene Inc. Common Stock ,$35.69,0.09,0.253%,682,Canada,2014.0,103231,Health Care,Biotechnology: Pharmaceutical Preparations
ACHV,Achieve Life Sciences Inc. Common Shares,$6.65,0.1,1.527%,682,United States,,712571,Health Care,Biotechnology: In Vitro & In Vivo Diagnostic Substances
IMMX,Immix Biopharma Inc. Common Stock,$9.72,-0.34,-3.38%,678,United States,2021.0,1604693,Health Care,Biotechnology: Pharmaceutical Preparations
FBIOP,Fortress Biotech Inc. 9.375% Series A Cumulative Redeemable Perpetual Preferred Stock,$19.88,-0.06,-0.301%,660,United States,,4721,Health Care,Biotechnology: Pharmaceutical Preparations
FTH,Faeth Therapeutics Inc. Common Stock,$24.39,-0.09,-0.368%,630,United States,2021.0,202844,Health Care,Biotechnology: Pharmaceutical Preparations
CBIO,Crescent Biopharma Inc. Common Stock,$16.84,0.41,2.495%,625,United States,2014.0,150672,Health Care,Biotechnology: Pharmaceutical Preparations
NVCT,Nuvectis Pharma Inc. Common Stock,$18.95,0.12,0.637%,617,United States,2022.0,170921,Health Care,Biotechnology: Pharmaceutical Preparations
SPRY,ARS Pharmaceuticals Inc. Common Stock,$6.16,0.61,10.991%,611,United States,2020.0,2155103,Health Care,Biotechnology: Pharmaceutical Preparations
ALT,Altimmune Inc. Common Stock,$3.08,0.07,2.326%,598,United States,,4503684,Health Care,Biotechnology: Pharmaceutical Preparations
VSTM,Verastem Inc. Common Stock,$6.74,0.83,14.044%,592,United States,2012.0,4318270,Health Care,Biotechnology: Pharmaceutical Preparations
TECX,Tectonic Therapeutic Inc. Common Stock,$30.98,0.76,2.515%,584,United States,2018.0,271657,Health Care,Biotechnology: Biological Products (No Diagnostic Substances)
CRMD,CorMedix Inc. Common Stock,$7.44,-0.07,-0.932%,583,United States,,740879,Health Care,Biotechnology: Pharmaceutical Preparations
ARVN,Arvinas Inc. Common Stock,$8.75,0.07,0.806%,572,United States,2018.0,1218208,Health Care,Biotechnology: Pharmaceutical Preparations
ZURA,Zura Bio Limited Class A Ordinary Shares,$5.965,0.255,4.466%,566,Cayman Islands,,955910,Health Care,Biotechnology: Biological Products (No Diagnostic Substances)
CTNM,Contineum Therapeutics Inc. Class A Common Stock,$15.04,-0.31,-2.02%,565,United States,2024.0,528938,Health Care,Biotechnology: Pharmaceutical Preparations
FDMT,4D Molecular Therapeutics Inc. Common Stock,$10.75,0.2,1.896%,561,United States,2020.0,346922,Health Care,Biotechnology: Biological Products (No Diagnostic Substances)
AUTL,Autolus Therapeutics plc American Depositary Share,$2.11,0.11,5.50%,561,United Kingdom,2018.0,2034747,Health Care,Biotechnology: Biological Products (No Diagnostic Substances)
SLN,Silence Therapeutics Plc American Depository Share,$11.95,0.23,1.962%,559,United Kingdom,,316905,Health Care,Biotechnology: Pharmaceutical Preparations
SGMT,Sagimet Biosciences Inc. Series A Common Stock,$9.06,0.32,3.661%,559,United States,2023.0,1112009,Health Care,Biotechnology: Pharmaceutical Preparations
STTK,Shattuck Labs Inc. Common Stock,$7.27,0.11,1.536%,557,United States,2020.0,894459,Health Care,Biotechnology: Pharmaceutical Preparations
PRME,Prime Medicine Inc. Common Stock,$3.08,0.13,4.407%,556,United States,2022.0,1974694,Health Care,Biotechnology: Biological Products (No Diagnostic Substances)
RGNX,REGENXBIO Inc. Common Stock,$10.72,-0.56,-4.965%,554,United States,2015.0,1386072,Health Care,Biotechnology: Biological Products (No Diagnostic Substances)
MPLT,MapLight Therapeutics Inc. Common Stock,$12.17,-1.11,-8.358%,551,United States,2025.0,432523,Health Care,Biotechnology: Pharmaceutical Preparations
ARTV,Artiva Biotherapeutics Inc. Common Stock,$11.27,-0.31,-2.677%,550,United States,2024.0,214686,Health Care,Biotechnology: Biological Products (No Diagnostic Substances)
BIOA,BioAge Labs Inc. Common Stock,$11.72,0.45,3.993%,537,United States,2024.0,953046,Health Care,Biotechnology: Pharmaceutical Preparations
RLMD,Relmada Therapeutics Inc. Common Stock,$4.94,-0.43,-8.007%,518,United States,,2125019,Health Care,Biotechnology: Pharmaceutical Preparations
EVMN,Evommune Inc. Common Stock,$14.08,0.7,5.232%,507,United States,2025.0,374012,Health Care,Biotechnology: Pharmaceutical Preparations
TENX,Tenax Therapeutics Inc. Common Stock,$13.44,0.13,0.977%,502,United States,,2091627,Health Care,Biotechnology: Pharmaceutical Preparations
VALN,Valneva SE American Depositary Shares,$5.30,0.12,2.317%,502,France,2021.0,44239,Health Care,Biotechnology: Biological Products (No Diagnostic Substances)
EIKN,Eikon Therapeutics Inc. Common Stock,$9.29,0.08,0.869%,502,United States,2026.0,662408,Health Care,Biotechnology: Biological Products (No Diagnostic Substances)
EOLS,Evolus Inc. Common Stock,$7.59,0.18,2.429%,501,United States,2018.0,1631906,Health Care,Biotechnology: Pharmaceutical Preparations
DNA,Ginkgo Bioworks Holdings Inc. Class A Common Stock,$7.97,-0.53,-6.235%,495,United States,2021.0,1653126,Health Care,Biotechnology: Biological Products (No Diagnostic Substances)
PROK,ProKidney Corp. Class A Ordinary Shares,$1.64,0.0,0.00%,495,United States,2021.0,739056,Health Care,Biotechnology: Biological Products (No Diagnostic Substances)
AQST,Aquestive Therapeutics Inc. Common Stock,$3.94,0.02,0.51%,494,United States,2018.0,1859399,Health Care,Biotechnology: Pharmaceutical Preparations
OVID,Ovid Therapeutics Inc. Common Stock,$2.63,-0.02,-0.755%,490,United States,2017.0,914897,Health Care,Biotechnology: Pharmaceutical Preparations
KYTX,Kyverna Therapeutics Inc. Common Stock,$7.96,0.21,2.71%,483,United States,2024.0,431413,Health Care,Biotechnology: Biological Products (No Diagnostic Substances)
BNTC,Benitec Biopharma Inc. Common Stock,$13.63,0.5,3.808%,468,United States,2015.0,41154,Health Care,Biotechnology: Pharmaceutical Preparations
QTTB,Q32 Bio Inc. Common Stock,$15.60,-0.6,-3.704%,464,United States,2018.0,513489,Health Care,Biotechnology: Pharmaceutical Preparations
PRTA,Prothena Corporation plc Ordinary Shares,$8.76,0.18,2.098%,458,United States,,481882,Health Care,Biotechnology: Pharmaceutical Preparations
CABA,Cabaletta Bio Inc. Common Stock,$2.79,0.03,1.087%,454,United States,2019.0,2696008,Health Care,Biotechnology: Biological Products (No Diagnostic Substances)
PBYI,Puma Biotechnology Inc Common Stock,$8.91,0.79,9.729%,453,United States,,683368,Health Care,Biotechnology: Pharmaceutical Preparations
RZLT,Rezolute Inc. Common Stock (NV),$4.69,-0.01,-0.213%,451,United States,,986271,Health Care,Biotechnology: Pharmaceutical Preparations
EDIT,Editas Medicine Inc. Common Stock,$2.88,-0.02,-0.69%,442,United States,2016.0,1688526,Health Care,Biotechnology: Biological Products (No Diagnostic Substances)
XFOR,X4 Pharmaceuticals Inc. Common Stock,$4.64,0.47,11.271%,437,United States,2017.0,1597028,Health Care,Biotechnology: Biological Products (No Diagnostic Substances)
OCGN,Ocugen Inc. Common Stock,$1.28,0.04,3.226%,434,United States,2014.0,4533230,Health Care,Biotechnology: Biological Products (No Diagnostic Substances)
LRMR,Larimar Therapeutics Inc. Common Stock,$4.16,-0.04,-0.952%,432,United States,2014.0,631099,Health Care,Biotechnology: Pharmaceutical Preparations
ASMB,Assembly Biosciences Inc. Common Stock,$26.68,0.23,0.87%,424,United States,2010.0,119777,Health Care,Biotechnology: Pharmaceutical Preparations
STRO,Sutro Biopharma Inc. Common Stock,$25.38,1.23,5.093%,420,United States,2018.0,169393,Health Care,Biotechnology: Biological Products (No Diagnostic Substances)
AVIR,Atea Pharmaceuticals Inc. Common Stock,$5.25,0.26,5.21%,420,United States,2020.0,265009,Health Care,Biotechnology: Pharmaceutical Preparations
SCTX,Scribe Therapeutics Inc. Common Stock,$26.00,0.59,2.322%,420,United States,2026.0,120192,Health Care,Biotechnology: Biological Products (No Diagnostic Substances)
KMDA,Kamada Ltd. Ordinary Shares,$7.27,0.13,1.821%,419,Israel,2013.0,17727,Health Care,Biotechnology: Pharmaceutical Preparations
CCCC,C4 Therapeutics Inc. Common Stock,$3.73,0.09,2.473%,412,United States,2020.0,1501233,Health Care,Biotechnology: Biological Products (No Diagnostic Substances)
ABEO,Abeona Therapeutics Inc. Common Stock,$7.24,0.34,4.928%,412,United States,,1396776,Health Care,Biotechnology: Pharmaceutical Preparations
FENC,Fennec Pharmaceuticals Inc. Common Stock,$11.575,0.735,6.78%,403,United States,,226659,Health Care,Biotechnology: Biological Products (No Diagnostic Substances)
ENTA,Enanta Pharmaceuticals Inc. Common Stock,$13.77,0.43,3.223%,400,United States,2013.0,183002,Health Care,Biotechnology: Pharmaceutical Preparations
RCKT,Rocket Pharmaceuticals Inc. Common Stock,$3.61,0.07,1.977%,394,United States,2015.0,1320529,Health Care,Biotechnology: Pharmaceutical Preparations
UPB,Upstream Bio Inc. Common Stock,$7.25,0.38,5.531%,394,United States,2024.0,621848,Health Care,Biotechnology: Pharmaceutical Preparations
PRLD,Prelude Therapeutics Incorporated Common Stock,$4.90,0.22,4.701%,390,United States,2020.0,165710,Health Care,Biotechnology: Pharmaceutical Preparations
CMPX,Compass Therapeutics Inc. Common Stock,$2.15,0.16,8.04%,387,United States,,3826451,Health Care,Biotechnology: Biological Products (No Diagnostic Substances)
LXEO,Lexeo Therapeutics Inc. Common Stock,$4.81,0.26,5.714%,377,United States,2023.0,1080256,Health Care,Biotechnology: Biological Products (No Diagnostic Substances)
PALI,Palisade Bio Inc. Common Stock,$2.11,0.02,0.957%,366,United States,,885988,Health Care,Biotechnology: Biological Products (No Diagnostic Substances)
DMAC,DiaMedica Therapeutics Inc. Common Stock,$6.75,-0.02,-0.295%,363,United States,2018.0,109231,Health Care,Biotechnology: Pharmaceutical Preparations
LYEL,Lyell Immunopharma Inc. Common Stock,$14.71,0.5,3.519%,360,United States,2021.0,110983,Health Care,Biotechnology: Pharmaceutical Preparations
IPSC,Century Therapeutics Inc. Common Stock,$2.00,0.1,5.263%,360,United States,2021.0,522587,Health Care,Biotechnology: Biological Products (No Diagnostic Substances)
FHTX,Foghorn Therapeutics Inc. Common Stock,$6.07,0.5,8.977%,356,United States,2020.0,280913,Health Care,Biotechnology: Pharmaceutical Preparations
GALT,Galectin Therapeutics Inc. Common Stock,$3.45,0.23,7.143%,347,United States,,322107,Health Care,Biotechnology: Pharmaceutical Preparations
TKNO,Alpha Teknova Inc. Common Stock,$6.46,-0.07,-1.072%,346,United States,2021.0,151408,Health Care,Biotechnology: In Vitro & In Vivo Diagnostic Substances
CATX,Perspective Therapeutics Inc. Common Stock,$3.00,0.03,1.01%,342,United States,,1045781,Health Care,Biotechnology: Pharmaceutical Preparations
FATE,Fate Therapeutics Inc. Common Stock,$2.80,0.31,12.45%,326,United States,2013.0,4015208,Health Care,Biotechnology: Biological Products (No Diagnostic Substances)
IKT,Inhibikase Therapeutics Inc. Common Stock,$2.47,0.06,2.49%,326,United States,2020.0,386753,Health Care,Biotechnology: Biological Products (No Diagnostic Substances)
AGEN,Agenus Inc. Common Stock,$6.96,-0.53,-7.076%,311,United States,2000.0,1144975,Health Care,Biotechnology: Biological Products (No Diagnostic Substances)
MYGN,Myriad Genetics Inc. Common Stock,$3.26,0.08,2.516%,311,United States,1995.0,1440815,Health Care,Biotechnology: In Vitro & In Vivo Diagnostic Substances
TTRX,Turn Therapeutics Inc. Common Stock,$10.41,0.8,8.325%,310,United States,,88752,Health Care,Biotechnology: Pharmaceutical Preparations
AVXL,Anavex Life Sciences Corp. Common Stock,$3.34,0.06,1.829%,309,United States,,1045691,Health Care,Biotechnology: Biological Products (No Diagnostic Substances)
AMRN,Amarin Corporation plc,$14.36,0.1,0.701%,303,Ireland,,43818,Health Care,Biotechnology: Pharmaceutical Preparations
IRD,Opus Genetics Inc. Common Stock,$3.66,-0.06,-1.613%,302,United States,,915176,Health Care,Biotechnology: Pharmaceutical Preparations
NMRA,Neumora Therapeutics Inc. Common Stock,$1.63,-0.01,-0.61%,302,United States,2023.0,687288,Health Care,Biotechnology: Biological Products (No Diagnostic Substances)
ZNTL,Zentalis Pharmaceuticals Inc. Common Stock,$4.22,-0.78,-15.60%,300,United States,2020.0,1578343,Health Care,Biotechnology: Pharmaceutical Preparations
VNDA,Vanda Pharmaceuticals Inc. Common Stock,$5.00,-0.115,-2.248%,300,United States,2006.0,1306497,Health Care,Biotechnology: Pharmaceutical Preparations
SABS,SAB Biotherapeutics Inc. Common Stock,$3.90,0.05,1.299%,298,United States,2021.0,343659,Health Care,Biotechnology: Biological Products (No Diagnostic Substances)
SRZN,Surrozen Inc. Common Stock,$25.62,3.98,18.392%,297,United States,,371197,Health Care,Biotechnology: Biological Products (No Diagnostic Substances)
FULC,Fulcrum Therapeutics Inc. Common Stock,$3.89,0.12,3.183%,296,United States,2019.0,1460105,Health Care,Biotechnology: Pharmaceutical Preparations
BCYC,Bicycle Therapeutics plc American Depositary Shares,$4.17,0.2,5.038%,291,United Kingdom,2019.0,288714,Health Care,Biotechnology: Pharmaceutical Preparations
IMRX,Immuneering Corporation Class A Common Stock,$4.51,0.05,1.121%,291,United States,2021.0,720309,Health Care,Biotechnology: Pharmaceutical Preparations
JUNS,Jupiter Neurosciences Inc. Common Stock,$5.10,-0.5326,-9.456%,288,United States,2024.0,118634,Health Care,Biotechnology: Pharmaceutical Preparations
NATR,Nature's Sunshine Products Inc. Common Stock,$16.38,-3.96,-19.469%,288,United States,,768050,Health Care,Biotechnology: Pharmaceutical Preparations
ELDN,Eledon Pharmaceuticals Inc. Common Stock,$3.69,0.23,6.647%,284,United States,2014.0,929756,Health Care,Biotechnology: Pharmaceutical Preparations
CLLS,Cellectis S.A. American Depositary Shares,$2.835,0.145,5.39%,284,France,2015.0,24096,Health Care,Biotechnology: Pharmaceutical Preparations
ALXO,ALX Oncology Holdings Inc. Common Stock,$2.10,-0.01,-0.474%,282,United States,2020.0,8493084,Health Care,Biotechnology: Pharmaceutical Preparations
VRXA,Veraxa Biotech AG Ordinary Shares,$1.99,0.13,6.989%,281,Switzerland,,155796,Health Care,Biotechnology: Pharmaceutical Preparations
LCTX,Lineage Cell Therapeutics Inc. Common Stock,$1.10,-0.03,-2.655%,274,United States,,831841,Health Care,Biotechnology: Biological Products (No Diagnostic Substances)
ADAG,Adagene Inc. American Depositary Shares,$4.11,-0.03,-0.725%,271,China,2021.0,285416,Health Care,Biotechnology: Pharmaceutical Preparations
TRDA,Entrada Therapeutics Inc. Common Stock,$6.87,0.0,0.00%,267,United States,2021.0,457977,Health Care,Biotechnology: Pharmaceutical Preparations
CAMP,CAMP4 Therapeutics Corporation Common Stock,$4.24,-0.26,-5.778%,265,United States,2024.0,95164,Health Care,Biotechnology: Pharmaceutical Preparations
PRQR,ProQR Therapeutics N.V. Ordinary Shares,$1.875,-0.025,-1.316%,264,Netherlands,2014.0,558453,Health Care,Biotechnology: Pharmaceutical Preparations
RNAC,Cartesian Therapeutics Inc. Common Stock,$8.85,0.09,1.027%,260,United States,2016.0,83721,Health Care,Biotechnology: Pharmaceutical Preparations
OCSAW,Oculis Holding AG Warrants,$4.50,0.0,0.00%,260,Switzerland,,45,Health Care,Biotechnology: Pharmaceutical Preparations
MGNX,MacroGenics Inc. Common Stock,$4.04,0.03,0.748%,256,United States,2013.0,296666,Health Care,Biotechnology: Pharmaceutical Preparations
WHWK,Whitehawk Therapeutics Inc. Common Stock,$4.76,0.06,1.277%,256,United States,,600070,Health Care,Biotechnology: Pharmaceutical Preparations
AKBA,Akebia Therapeutics Inc. Common Stock,$0.9099,-0.0445,-4.663%,252,United States,2014.0,10925451,Health Care,Biotechnology: Pharmaceutical Preparations
EBS,Emergent BioSolutions Inc. Common Stock,$4.84,-0.47,-8.851%,249,United States,2006.0,3134277,Health Care,Biotechnology: Pharmaceutical Preparations
SLGL,Sol-Gel Technologies Ltd. Ordinary Shares,$88.00,1.1,1.266%,247,Israel,2018.0,46391,Health Care,Biotechnology: Pharmaceutical Preparations
ACIU,AC Immune SA Common Stock,$2.36,0.04,1.724%,240,Switzerland,2016.0,76957,Health Care,Biotechnology: Pharmaceutical Preparations
ORGO,Organogenesis Holdings Inc. Class A Common Stock,$1.86,-0.55,-22.822%,239,United States,2016.0,4853595,Health Care,Biotechnology: Pharmaceutical Preparations
PYXS,Pyxis Oncology Inc. Common Stock,$3.73,-0.02,-0.533%,236,United States,2021.0,1237907,Health Care,Biotechnology: Pharmaceutical Preparations
CAPR,Capricor Therapeutics Inc. Common Stock,$4.09,-0.09,-2.153%,236,United States,,3609179,Health Care,Biotechnology: Pharmaceutical Preparations
TARA,Protara Therapeutics Inc.  Common Stock,$4.12,0.02,0.488%,231,United States,2014.0,340326,Health Care,Biotechnology: Biological Products (No Diagnostic Substances)
CGEN,Compugen Ltd. Ordinary Shares,$2.41,0.11,4.783%,227,Israel,2000.0,275367,Health Care,Biotechnology: Biological Products (No Diagnostic Substances)
KROS,Keros Therapeutics Inc. Common Stock,$11.15,0.5,4.695%,221,United States,2020.0,319648,Health Care,Biotechnology: Pharmaceutical Preparations
IVVD,Invivyd Inc. Common Stock,$0.74,0.081,12.291%,218,United States,2021.0,3506198,Health Care,Biotechnology: Biological Products (No Diagnostic Substances)
SIGA,SIGA Technologies Inc. Common Stock,$3.05,-0.07,-2.244%,218,United States,,678847,Health Care,Biotechnology: Pharmaceutical Preparations
ANTX,AN2 Therapeutics Inc. Common Stock,$5.93,-0.15,-2.467%,213,United States,2022.0,124478,Health Care,Biotechnology: Pharmaceutical Preparations
RNA,Atrium Therapeutics Inc. Common Stock,$12.34,0.23,1.899%,211,United States,,103295,Health Care,Biotechnology: Pharmaceutical Preparations
ARCT,Arcturus Therapeutics Holdings Inc. Common Stock,$7.41,1.33,21.875%,210,Israel,2013.0,1461157,Health Care,Biotechnology: Pharmaceutical Preparations
GLSI,Greenwich LifeSciences Inc. Common Stock,$14.36,0.12,0.843%,210,United States,2020.0,88496,Health Care,Biotechnology: Pharmaceutical Preparations
MSLE,Satellos Bioscience Inc. Common Stock,$10.03,-0.04,-0.397%,208,Canada,,18165,Health Care,Biotechnology: Pharmaceutical Preparations
NBP,NovaBridge Biosciences American Depositary Shares,$1.75,0.05,2.941%,201,China,2020.0,178173,Health Care,Biotechnology: Pharmaceutical Preparations
NERV,Minerva Neurosciences Inc Common Stock,$4.27,-0.17,-3.829%,198,United States,2014.0,171015,Health Care,Biotechnology: Pharmaceutical Preparations
PLX,Protalix BioTherapeutics Inc. (DE) Common Stock,$2.46,0.02,0.82%,198,Israel,,666155,Health Care,Biotechnology: Biological Products (No Diagnostic Substances)
PEPG,PepGen Inc. Common Stock,$2.85,0.44,18.257%,197,United States,2022.0,3220268,Health Care,Biotechnology: Pharmaceutical Preparations
VYGR,Voyager Therapeutics Inc. Common Stock,$3.27,0.14,4.473%,197,United States,2015.0,469248,Health Care,Biotechnology: Biological Products (No Diagnostic Substances)
ALEC,Alector Inc. Common Stock,$1.78,-0.05,-2.732%,197,United States,2019.0,1247046,Health Care,Biotechnology: Biological Products (No Diagnostic Substances)
CHRS,Coherus Oncology Inc. Common Stock,$1.27,0.005,0.395%,196,United States,2014.0,1591198,Health Care,Biotechnology: Biological Products (No Diagnostic Substances)
IMUX,Immunic Inc. Common Stock,$14.30,-0.24,-1.651%,194,United States,2014.0,175502,Health Care,Biotechnology: Pharmaceutical Preparations
DTIL,Precision BioSciences Inc. Common Stock,$7.49,0.07,0.943%,193,United States,2019.0,240114,Health Care,Biotechnology: Biological Products (No Diagnostic Substances)
TNXP,Tonix Pharmaceuticals Holding Corp. Common Stock,$12.03,0.38,3.262%,191,United States,,386890,Health Care,Biotechnology: Pharmaceutical Preparations
KRRO,Korro Bio Inc. Common Stock,$13.25,1.13,9.323%,191,United States,2019.0,120216,Health Care,Biotechnology: Pharmaceutical Preparations
OTLK,Outlook Therapeutics Inc. Common Stock,$1.02,0.0475,4.884%,190,United States,2016.0,4541327,Health Care,Biotechnology: Biological Products (No Diagnostic Substances)
LFCR,Lifecore Biomedical Inc. Common Stock,$5.01,0.17,3.512%,189,United States,,159890,Health Care,Biotechnology: Pharmaceutical Preparations
CRBP,Corbus Pharmaceuticals Holdings Inc. Common Stock,$10.17,0.43,4.415%,188,United States,,357119,Health Care,Biotechnology: Pharmaceutical Preparations
ORMP,Oramed Pharmaceuticals Inc. Common Stock,$4.30,0.0,0.00%,178,Israel,,110539,Health Care,Biotechnology: Pharmaceutical Preparations
DERM,Journey Medical Corporation Common Stock,$6.43,-0.1,-1.531%,177,United States,2021.0,390887,Health Care,Biotechnology: Pharmaceutical Preparations
ABOS,Acumen Pharmaceuticals Inc. Common Stock,$2.44,0.16,7.018%,176,United States,2021.0,256311,Health Care,Biotechnology: Biological Products (No Diagnostic Substances)
ARMP,Armata Pharmaceuticals Inc. Common Stock,$4.71,0.01,0.213%,172,United States,,37510,Health Care,Biotechnology: Biological Products (No Diagnostic Substances)
AARD,Aardvark Therapeutics Inc. Common Stock,$7.90,0.6,8.219%,172,United States,2025.0,74653,Health Care,Biotechnology: Pharmaceutical Preparations
NKTX,Nkarta Inc. Common Stock,$2.41,0.12,5.24%,172,United States,2020.0,531241,Health Care,Biotechnology: Pharmaceutical Preparations
LENZ,LENZ Therapeutics Inc. Common Stock,$5.36,0.14,2.682%,168,United States,2021.0,452677,Health Care,Biotechnology: Biological Products (No Diagnostic Substances)
OKUR,OnKure Therapeutics Inc. Class A Common Stock,$4.14,-0.01,-0.241%,167,United States,2021.0,85014,Health Care,Biotechnology: Pharmaceutical Preparations
CRBU,Caribou Biosciences Inc. Common Stock,$1.65,0.01,0.61%,163,United States,2021.0,805424,Health Care,Biotechnology: Biological Products (No Diagnostic Substances)
CRDL,Cardiol Therapeutics Inc. Class A Common Shares,$1.42,0.06,4.412%,163,Canada,,327140,Health Care,Biotechnology: Biological Products (No Diagnostic Substances)
MOLN,Molecular Partners AG American Depositary Shares,$4.0501,0.0,0.00%,163,Switzerland,2021.0,145,Health Care,Biotechnology: Biological Products (No Diagnostic Substances)
IPHA,Innate Pharma S.A. ADS,$1.73,-0.055,-3.081%,162,France,2019.0,5017,Health Care,Biotechnology: Biological Products (No Diagnostic Substances)
TNYA,Tenaya Therapeutics Inc. Common Stock,$0.7268,0.001,0.138%,162,United States,2021.0,1588502,Health Care,Biotechnology: Biological Products (No Diagnostic Substances)
HUMA,Humacyte Inc. Common Stock,$0.7182,0.0086,1.212%,159,United States,2020.0,2270227,Health Care,Biotechnology: Biological Products (No Diagnostic Substances)
KZIA,Kazia Therapeutics Limited American Depositary Shares,$13.885,1.555,12.612%,158,Australia,,295178,Health Care,Biotechnology: Pharmaceutical Preparations
INDP,Indaptus Therapeutics Inc. Common Stock,$1.18,-0.07,-5.60%,157,United States,,130807,Health Care,Biotechnology: Pharmaceutical Preparations
IMDX,Insight Molecular Diagnostics Inc. Common Stock,$4.83,0.03,0.625%,155,United States,,41991,Health Care,Biotechnology: In Vitro & In Vivo Diagnostic Substances
MENS,Jyong Biotech Ltd. Ordinary Shares,$2.03,0.01,0.495%,154,Taiwan,2025.0,38875,Health Care,Biotechnology: Pharmaceutical Preparations
MIST,Milestone Pharmaceuticals Inc. Common Shares,$1.22,0.04,3.39%,151,Canada,2019.0,987237,Health Care,Biotechnology: Pharmaceutical Preparations
CNTN,Canton Strategic Holdings Inc. Common Stock,$1.87,0.01,0.538%,144,United States,2022.0,571312,Health Care,Biotechnology: Pharmaceutical Preparations
ADCT,ADC Therapeutics SA Common Shares,$1.13,0.0,0.00%,143,Switzerland,2020.0,534560,Health Care,Biotechnology: Pharmaceutical Preparations
ENTX,Entera Bio Ltd. Ordinary Shares,$2.87,0.05,1.773%,141,Israel,2018.0,244919,Health Care,Biotechnology: Biological Products (No Diagnostic Substances)
NGEN,NervGen Pharma Corp. Common stock,$1.71,-0.01,-0.581%,140,Canada,,277425,Health Care,Biotechnology: Pharmaceutical Preparations
OGI,Organigram Global Inc. Common Shares,$0.99,0.0,0.00%,139,Canada,,355782,Health Care,Biotechnology: Pharmaceutical Preparations
VTVT,vTv Therapeutics Inc. Class A Common Stock,$35.37,0.76,2.196%,139,United States,2015.0,147525,Health Care,Biotechnology: Pharmaceutical Preparations
UNCY,Unicycive Therapeutics Inc. Common Stock,$5.07,0.02,0.396%,138,United States,2021.0,508105,Health Care,Biotechnology: Pharmaceutical Preparations
CNTB,Connect Biopharma Holdings Limited Ordinary Shares,$2.205,0.015,0.685%,138,China,2021.0,334886,Health Care,Biotechnology: Pharmaceutical Preparations
HURA,TuHURA Biosciences Inc. Common Stock,$2.13,0.015,0.709%,135,United States,,66743,Health Care,Biotechnology: Pharmaceutical Preparations
IFRX,InflaRx N.V. Common Stock,$1.84,0.12,6.977%,133,Germany,2017.0,1167419,Health Care,Biotechnology: Pharmaceutical Preparations
EQ,Equillium Inc. Common Stock,$2.11,-0.01,-0.472%,133,United States,2018.0,406238,Health Care,Biotechnology: Pharmaceutical Preparations
PMN,ProMIS Neurosciences Inc. Common Shares (ON),$14.71,1.38,10.353%,131,Canada,,27675,Health Care,Biotechnology: Pharmaceutical Preparations
NRXP,NRX Pharmaceuticals Inc. Common Stock,$3.58,0.49,15.858%,129,United States,2017.0,5651994,Health Care,Biotechnology: Pharmaceutical Preparations
SPRB,Spruce Biosciences Inc. Common Stock,$46.87,0.45,0.969%,128,United States,2020.0,34002,Health Care,Biotechnology: Pharmaceutical Preparations
TLSA,Tiziana Life Sciences Ltd. Common Shares,$1.00,0.0257,2.638%,127,United Kingdom,2018.0,982129,Health Care,Biotechnology: Pharmaceutical Preparations
ENGN,enGene Therapeutics Inc. Common Stock,$1.80,0.0,0.00%,120,Canada,,346431,Health Care,Biotechnology: Biological Products (No Diagnostic Substances)
BGM,BGM Group Ltd. Class A Ordinary Shares,$0.3004,0.0043,1.452%,120,China,2021.0,19957,Health Care,Biotechnology: Pharmaceutical Preparations
GNLX,Genelux Corporation Common Stock,$2.66,-0.04,-1.481%,119,United States,2023.0,246824,Health Care,Biotechnology: Pharmaceutical Preparations
YARW,Yarrow Bioscience Inc. Common Stock,$41.43,-0.205,-0.492%,116,United States,2018.0,23713,Health Care,Biotechnology: Pharmaceutical Preparations
CPIX,Cumberland Pharmaceuticals Inc. Common Stock,$7.80,0.12,1.563%,116,United States,2009.0,33866,Health Care,Biotechnology: Pharmaceutical Preparations
ANIX,Anixa Biosciences Inc. Common Stock,$3.42,-0.01,-0.292%,116,United States,,153711,Health Care,Biotechnology: Pharmaceutical Preparations
CUE,Cue Biopharma Inc. Common Stock,$27.12,0.11,0.407%,113,United States,2018.0,57428,Health Care,Biotechnology: Pharmaceutical Preparations
PLYX,Polaryx Therapeutics Inc. Common Stock,$2.26,0.04,1.802%,112,United States,,69590,Health Care,Biotechnology: Pharmaceutical Preparations
COYA,Coya Therapeutics Inc. Common Stock,$4.81,0.23,5.022%,112,United States,2022.0,141839,Health Care,Biotechnology: Pharmaceutical Preparations
BDTX,Black Diamond Therapeutics Inc. Common Stock,$1.95,0.03,1.563%,112,United States,2020.0,599921,Health Care,Biotechnology: Biological Products (No Diagnostic Substances)
RFL,Rafael Holdings Inc. Class B Common Stock,$2.05,0.03,1.485%,106,United States,2018.0,60150,Health Care,Biotechnology: Pharmaceutical Preparations
ICCC,ImmuCell Corporation Common Stock,$11.00,-0.02,-0.181%,99,United States,1987.0,9709,Health Care,Biotechnology: In Vitro & In Vivo Diagnostic Substances
PTHS,Pelthos Therapeutics Inc. Common Stock,$28.36,-1.09,-3.701%,98,,2024.0,42092,Health Care,Biotechnology: Biological Products (No Diagnostic Substances)
RANI,Rani Therapeutics Holdings Inc. Class A Common Stock,$0.792,0.0109,1.395%,98,United States,2021.0,199767,Health Care,Biotechnology: Pharmaceutical Preparations
KLRS,Kalaris Therapeutics Inc. Common Stock,$4.07,-0.12,-2.864%,96,United States,2020.0,58837,Health Care,Biotechnology: Biological Products (No Diagnostic Substances)
CGTX,Cognition Therapeutics Inc. Common Stock,$1.08,-0.05,-4.425%,96,United States,2021.0,901563,Health Care,Biotechnology: Biological Products (No Diagnostic Substances)
ONCY,Oncolytics Biotech Inc. Common Stock,$0.8025,0.0019,0.237%,95,Canada,,566371,Health Care,Biotechnology: Pharmaceutical Preparations
ALDX,Aldeyra Therapeutics Inc. Common Stock,$1.55,-0.04,-2.516%,93,United States,2014.0,1171189,Health Care,Biotechnology: Pharmaceutical Preparations
HRTX,Heron Therapeutics Inc. Common Stock,$0.4908,-0.0082,-1.643%,92,United States,,2102765,Health Care,Biotechnology: Pharmaceutical Preparations
BMEA,Biomea Fusion Inc. Common Stock,$1.26,0.01,0.80%,91,United States,2021.0,426641,Health Care,Biotechnology: Pharmaceutical Preparations
NTHI,NeOnc Technologies Holdings Inc. Common Stock,$3.50,0.0,0.00%,90,United States,,51100,Health Care,Biotechnology: Pharmaceutical Preparations
ZYBT,Zhengye Biotechnology Holding Limited Class A Ordinary Shares,$1.89,-0.2,-9.569%,89,China,2025.0,13109361,Health Care,Biotechnology: Pharmaceutical Preparations
FBIO,Fortress Biotech Inc. Common Stock,$2.67,-0.1,-3.61%,88,United States,,579955,Health Care,Biotechnology: Pharmaceutical Preparations
GOSS,Gossamer Bio Inc. Common Stock,$0.178,-0.0004,-0.224%,87,United States,2019.0,10898648,Health Care,Biotechnology: Pharmaceutical Preparations
VRCA,Verrica Pharmaceuticals Inc. Common Stock,$5.08,-0.28,-5.224%,87,United States,2018.0,126288,Health Care,Biotechnology: Pharmaceutical Preparations
MAIA,MAIA Biotechnology Inc. Common Stock,$1.42,0.0,0.00%,86,,2022.0,332792,Health Care,Biotechnology: Pharmaceutical Preparations
RLYB,Rallybio Corporation Common Stock,$16.16,-0.03,-0.185%,85,United States,2021.0,12306,Health Care,Biotechnology: Pharmaceutical Preparations
LFVN,Lifevantage Corporation Common Stock (Delaware),$6.76,0.18,2.736%,85,United States,,50191,Health Care,Biotechnology: Pharmaceutical Preparations
ATHE,Alterity Therapeutics Limited American Depositary Shares,$4.45,-0.11,-2.412%,80,Australia,,1325,Health Care,Biotechnology: Pharmaceutical Preparations
TELO,Telomir Pharmaceuticals Inc. Common Stock,$1.16,-0.01,-0.855%,79,United States,2024.0,11363,Health Care,Biotechnology: Pharmaceutical Preparations
GANX,Gain Therapeutics Inc. Common Stock,$1.82,0.04,2.247%,77,United States,2021.0,342940,Health Care,Biotechnology: Pharmaceutical Preparations
CRDF,Cardiff Oncology Inc. Common Stock,$0.9919,0.0315,3.28%,77,United States,,637267,Health Care,Biotechnology: Biological Products (No Diagnostic Substances)
ATRA,Atara Biotherapeutics Inc. Common Stock,$8.45,0.2,2.424%,76,United States,2014.0,23221,Health Care,Biotechnology: Biological Products (No Diagnostic Substances)
ACET,Adicet Bio Inc. Common Stock,$7.98,0.05,0.631%,74,United States,2018.0,80406,Health Care,Biotechnology: Pharmaceutical Preparations
TLPH,Talphera Inc. Common Stock,$1.43,0.0,0.00%,74,United States,2011.0,199540,Health Care,Biotechnology: Pharmaceutical Preparations
ACRV,Acrivon Therapeutics Inc. Common Stock,$1.73,0.04,2.367%,74,United States,2022.0,302156,Health Care,Biotechnology: Pharmaceutical Preparations
CYPH,Cypherpunk Technologies Inc. Common Stock,$0.6886,0.0148,2.196%,73,United States,,1970350,Health Care,Biotechnology: Pharmaceutical Preparations
ELTX,Elicio Therapeutics Inc. Common Stock,$3.19,0.05,1.592%,73,United States,2021.0,122336,Health Care,Biotechnology: Pharmaceutical Preparations
SPRO,Spero Therapeutics Inc. Common Stock,$1.26,-0.01,-0.787%,72,United States,2017.0,458515,Health Care,Biotechnology: Pharmaceutical Preparations
LONA,LeonaBio Inc. Common Stock,$7.68,-0.13,-1.665%,72,United States,2020.0,34993,Health Care,Biotechnology: Biological Products (No Diagnostic Substances)
OSTX,OS Therapies Incorporated Common Stock,$1.60,-0.03,-1.84%,72,,2024.0,287010,Health Care,Biotechnology: Pharmaceutical Preparations
CSBR,Champions Oncology Inc. Common Stock,$5.19,0.0,0.00%,72,United States,,4798,Health Care,Biotechnology: Biological Products (No Diagnostic Substances)
CING,Cingulate Inc. Common Stock,$5.34,0.29,5.743%,71,United States,2021.0,217380,Health Care,Biotechnology: Pharmaceutical Preparations
CTOR,Citius Oncology Inc. Common Stock,$0.753,-0.007,-0.921%,70,United States,2022.0,45240,Health Care,Biotechnology: Pharmaceutical Preparations
IBIO,iBio Inc. Common Stock,$1.41,0.02,1.439%,70,United States,,436299,Health Care,Biotechnology: Pharmaceutical Preparations
ELOX,Eloxx Pharmaceuticals Inc. Common Stock,$17.57,-0.14,-0.791%,70,United States,,32412,Health Care,Biotechnology: Biological Products (No Diagnostic Substances)
INO,Inovio Pharmaceuticals Inc. Common Stock,$0.668,-0.0058,-0.861%,69,United States,,3044642,Health Care,Biotechnology: Pharmaceutical Preparations
XBIT,XBiotech Inc. Common Stock,$2.27,-0.01,-0.439%,69,United States,2015.0,15356,Health Care,Biotechnology: Pharmaceutical Preparations
RNTX,Rein Therapeutics Inc. Common Stock,$0.8175,0.029,3.678%,69,United States,2017.0,354308,Health Care,Biotechnology: Pharmaceutical Preparations
NMAD,Nomad Power Solutions Inc. Common Stock,$3.60,-0.38,-9.548%,68,United States,,393399,Health Care,Biotechnology: Pharmaceutical Preparations
CLNN,Clene Inc. Common Stock,$5.28,-0.06,-1.124%,67,United States,,50345,Health Care,Biotechnology: Pharmaceutical Preparations
MNOV,Medicinova Inc Common Stock,$1.34,-0.02,-1.471%,65,United States,,11388,Health Care,Biotechnology: Pharmaceutical Preparations
PLRX,Pliant Therapeutics Inc. Common Stock,$1.05,0.0,0.00%,65,United States,2020.0,310279,Health Care,Biotechnology: Pharmaceutical Preparations
ANVS,Annovis Bio Inc. Common Stock,$1.88,0.02,1.075%,65,United States,2020.0,557290,Health Care,Biotechnology: Pharmaceutical Preparations
IMA,ImageneBio Inc. Common Stock,$5.69,0.06,1.066%,64,United States,2021.0,32308,Health Care,Biotechnology: Biological Products (No Diagnostic Substances)
BOLD,Boundless Bio Inc. Common Stock,$2.89,0.05,1.761%,64,United States,2024.0,940385,Health Care,Biotechnology: Pharmaceutical Preparations
PMVP,PMV Pharmaceuticals Inc. Common Stock,$1.19,0.01,0.847%,63,United States,2020.0,118453,Health Care,Biotechnology: Pharmaceutical Preparations
GNTA,Genenta Science S.p.A. American Depositary Shares,$1.30,-0.01,-0.763%,62,Italy,2021.0,53571,Health Care,Biotechnology: Biological Products (No Diagnostic Substances)
HYFT,MindWalk Holdings Corp. Common Stock,$1.31,0.03,2.344%,61,Canada,,112860,Health Care,Biotechnology: Pharmaceutical Preparations
DWTX,Dogwood Therapeutics Inc. Common Stock,$1.805,0.055,3.143%,60,United States,2020.0,6750,Health Care,Biotechnology: Pharmaceutical Preparations
XLO,Xilio Therapeutics Inc. Common Stock,$9.17,-0.1,-1.079%,60,United States,2021.0,11522,Health Care,Biotechnology: Pharmaceutical Preparations
SCLX,Scilex Holding Company Common Stock,$6.95,0.01,0.144%,59,United States,2021.0,39082,Health Care,Biotechnology: Biological Products (No Diagnostic Substances)
INCR,Intercure Ltd. Ordinary Shares,$0.98,0.0547,5.912%,58,Israel,,80212,Health Care,Biotechnology: Pharmaceutical Preparations
IMMP,Immutep Limited American Depositary Shares,$0.3858,0.0107,2.853%,56,Australia,,64960,Health Care,Biotechnology: Pharmaceutical Preparations
INMB,INmune Bio Inc. Common stock,$2.085,0.175,9.162%,55,United States,2019.0,952709,Health Care,Biotechnology: Biological Products (No Diagnostic Substances)
INKT,MiNK Therapeutics Inc. Common Stock,$10.95,-0.05,-0.455%,54,United States,2021.0,4836,Health Care,Biotechnology: Biological Products (No Diagnostic Substances)
TCRX,TScan Therapeutics Inc. Common Stock,$0.7962,0.033,4.324%,52,United States,2021.0,325234,Health Care,Biotechnology: Biological Products (No Diagnostic Substances)
SCYX,SCYNEXIS Inc. Common Stock,$5.24,0.04,0.769%,52,United States,2014.0,94610,Health Care,Biotechnology: Pharmaceutical Preparations
SDEV,Stablecoin Development Corporation Common Stock,$1.03,-0.01,-0.962%,52,United States,,55696,Health Care,Biotechnology: Pharmaceutical Preparations
RNXT,RenovoRx Inc. Common Stock,$1.12,-0.03,-2.609%,50,United States,2021.0,317832,Health Care,Biotechnology: Pharmaceutical Preparations
ATYR,aTyr Pharma Inc. Common Stock,$0.5114,0.0094,1.873%,50,United States,2015.0,355769,Health Care,Biotechnology: Biological Products (No Diagnostic Substances)
OKYO,OKYO Pharma Limited Ordinary Shares,$1.49,-0.045,-2.932%,50,Guernsey,2022.0,105351,Health Care,Biotechnology: Biological Products (No Diagnostic Substances)
TIL,Instil Bio Inc. Common Stock,$7.41,0.13,1.786%,50,United States,2021.0,11561,Health Care,Biotechnology: Biological Products (No Diagnostic Substances)
KPTI,Karyopharm Therapeutics Inc. Common Stock,$2.12,0.17,8.718%,48,United States,2013.0,1788203,Health Care,Biotechnology: Pharmaceutical Preparations
CPHI,China Pharma Holdings Inc. Common Stock,$1.13,-0.08,-6.612%,48,China,,323073,Health Care,Biotechnology: Pharmaceutical Preparations
MCRB,Seres Therapeutics Inc. Common Stock,$4.87,0.05,1.037%,48,United States,2015.0,62317,Health Care,Biotechnology: Pharmaceutical Preparations
TCRT,Alaunos Therapeutics Inc. Common Stock,$1.99,0.0,0.00%,48,United States,,6067,Health Care,Biotechnology: Pharmaceutical Preparations
FLNA,Filana Therapeutics Inc. Common Stock,$0.995,0.036,3.754%,48,United States,,614561,Health Care,Biotechnology: Pharmaceutical Preparations
EXOZ,eXoZymes Inc. Common Stock,$5.105,-0.0602,-1.165%,47,United States,2024.0,2940,Health Care,Biotechnology: Biological Products (No Diagnostic Substances)
MGX,Metagenomi Therapeutics Inc. Common Stock,$1.23,-0.01,-0.806%,46,United States,2024.0,142979,Health Care,Biotechnology: Biological Products (No Diagnostic Substances)
EDSA,Edesa Biotech Inc. Common Shares,$5.27,0.22,4.356%,46,United States,,54053,Health Care,Biotechnology: Pharmaceutical Preparations
IBO,Impact BioMedical Inc. Common Stock,$0.4351,-0.0157,-3.483%,46,,2024.0,9364,Health Care,Biotechnology: Pharmaceutical Preparations
MREO,Mereo BioPharma Group plc American Depositary Shares,$0.2963,-0.0096,-3.138%,45,United Kingdom,,393454,Health Care,Biotechnology: Pharmaceutical Preparations
CNTX,Context Therapeutics Inc. Common Stock,$0.484,-0.02,-3.968%,44,United States,2021.0,2427072,Health Care,Biotechnology: Pharmaceutical Preparations
PDSB,PDS Biotechnology Corporation Common Stock,$0.7753,0.0282,3.775%,43,United States,2015.0,225625,Health Care,Biotechnology: Pharmaceutical Preparations
TVGN,Tevogen Inc. Common Stock,$6.47,-0.01,-0.154%,41,United States,2022.0,10827,Health Care,Biotechnology: Biological Products (No Diagnostic Substances)
RADX,Radiopharm Theranostics Limited American Depositary Shares,$2.80,0.01,0.358%,40,Australia,,51087,Health Care,Biotechnology: Pharmaceutical Preparations
HYPD,Hyperion DeFi Inc. Common Stock,$2.70,0.03,1.124%,40,United States,2018.0,114367,Health Care,Biotechnology: Pharmaceutical Preparations
NSRX,Nasus Pharma Ltd. Ordinary Shares,$3.455,0.065,1.917%,40,,2025.0,9372,Health Care,Biotechnology: Pharmaceutical Preparations
CRVO,CervoMed Inc. Common Stock,$2.87,0.11,3.986%,38,United States,,194055,Health Care,Biotechnology: Pharmaceutical Preparations
IXHL,Incannex Healthcare Inc. Common Stock,$3.155,0.045,1.447%,37,Australia,,101617,Health Care,Biotechnology: Pharmaceutical Preparations
VERU,Veru Inc. Common Stock,$2.33,0.02,0.866%,37,United States,,258600,Health Care,Biotechnology: Pharmaceutical Preparations
ELUT,Elutia Inc. Class A Common Stock,$0.85,-0.031,-3.519%,37,United States,2020.0,13465,Health Care,Biotechnology: Biological Products (No Diagnostic Substances)
APLM,Apollomics Inc. Class A Ordinary Shares,$16.90,-0.1,-0.588%,37,United States,,7421,Health Care,Biotechnology: Pharmaceutical Preparations
LTRN,Lantern Pharma Inc. Common Stock,$2.86,0.08,2.878%,36,United States,2020.0,61224,Health Care,Biotechnology: Pharmaceutical Preparations
NNVC,NanoViricides Inc. Common Stock,$1.42,0.02,1.429%,36,United States,,126768,Health Care,Biotechnology: Pharmaceutical Preparations
DYAI,Dyadic International Inc. Common Stock,$1.00,-0.02,-1.961%,36,United States,,88994,Health Care,Biotechnology: Biological Products (No Diagnostic Substances)
ENLV,Enlivex Ltd. Ordinary Shares,$2.08,0.1,5.051%,35,Israel,2014.0,197447,Health Care,Biotechnology: Pharmaceutical Preparations
SER,Serina Therapeutics Inc. Common Stock,$2.40,0.05,2.128%,35,,2018.0,26581,Health Care,Biotechnology: Pharmaceutical Preparations
BYSI,BeyondSpring Inc. Ordinary Shares,$0.87,0.0,0.00%,35,United States,2017.0,187705,Health Care,Biotechnology: Pharmaceutical Preparations
ALGS,Aligos Therapeutics Inc. Common Stock,$5.59,0.08,1.452%,34,United States,2020.0,335802,Health Care,Biotechnology: Biological Products (No Diagnostic Substances)
ENGNW,enGene Therapeutics Inc. Warrants,$0.5038,0.1899,60.497%,33,Canada,,800,Health Care,Biotechnology: Biological Products (No Diagnostic Substances)
QUCY,Quantum Cyber N.V. Ordinary Shares,$1.44,0.06,4.348%,32,Germany,2021.0,716501,Health Care,Biotechnology: Pharmaceutical Preparations
ESLA,Estrella Immunopharma Inc. Common Stock,$0.7225,-0.0234,-3.137%,31,United States,2021.0,5610,Health Care,Biotechnology: Biological Products (No Diagnostic Substances)
BCTX,BriaCell Therapeutics Corp. Common Shares,$3.64,0.19,5.507%,31,Canada,,145433,Health Care,Biotechnology: Pharmaceutical Preparations
MIRA,MIRA Pharmaceuticals Inc. Common Stock,$0.74,0.0618,9.112%,31,United States,2023.0,156268,Health Care,Biotechnology: Pharmaceutical Preparations
QNCX,Quince Therapeutics Inc. Common Stock,$30.20,0.66,2.234%,30,United States,2019.0,30353,Health Care,Biotechnology: Biological Products (No Diagnostic Substances)
LITS,Lite Strategy Inc. Common Stock,$0.9075,-0.0215,-2.314%,30,United States,2003.0,167165,Health Care,Biotechnology: Pharmaceutical Preparations
CVM,Cel-Sci Corporation Common Stock,$1.72,0.11,6.832%,30,United States,1997.0,248949,Health Care,Biotechnology: Biological Products (No Diagnostic Substances)
KYNB,Kyntra Bio Inc. Common Stock,$7.27,0.2895,4.147%,29,United States,2014.0,5207,Health Care,Biotechnology: Pharmaceutical Preparations
GRCE,Grace Therapeutics Inc. Common Stock,$2.13,0.01,0.472%,28,Canada,,120385,Health Care,Biotechnology: Pharmaceutical Preparations
RMTI,Rockwell Medical Inc. Common Stock,$7.14,-0.02,-0.279%,28,United States,1998.0,11334,Health Care,Biotechnology: Pharmaceutical Preparations
ABVC,ABVC BioPharma Inc. Common Stock,$1.02,0.0,0.00%,27,United States,,65903,Health Care,Biotechnology: Pharmaceutical Preparations
BTAI,BioXcel Therapeutics Inc. Common Stock,$0.9017,0.0715,8.612%,27,United States,2018.0,521925,Health Care,Biotechnology: Pharmaceutical Preparations
UPC,Universe Pharmaceuticals Inc. Class A Ordinary Shares,$5.56,-0.68,-10.897%,27,China,2021.0,70143,Health Care,Biotechnology: Pharmaceutical Preparations
ACTU,Actuate Therapeutics Inc. Common stock,$1.105,-0.125,-10.163%,26,United States,2024.0,203485,Health Care,Biotechnology: Pharmaceutical Preparations
AYTU,Aytu BioPharma Inc.  Common Stock,$2.36,0.03,1.288%,25,United States,,38146,Health Care,Biotechnology: Pharmaceutical Preparations
ATNM,Actinium Pharmaceuticals Inc. (Delaware) Common Stock,$0.7974,0.0104,1.321%,25,United States,,133088,Health Care,Biotechnology: Pharmaceutical Preparations
EVAX,Evaxion A/S American Depositary Share,$3.10,0.105,3.506%,25,Denmark,2021.0,7965,Health Care,Biotechnology: Biological Products (No Diagnostic Substances)
IGC,IGC Pharma Inc. Common Stock,$0.2566,0.0067,2.681%,24,United States,,459487,Health Care,Biotechnology: Pharmaceutical Preparations
LGVN,Longeveron Inc. Class A Common Stock,$0.766,-0.0075,-0.97%,24,United States,2021.0,416540,Health Care,Biotechnology: Pharmaceutical Preparations
MDCXW,Medicus Pharma Ltd. Warrant,$0.44,0.005,1.149%,24,Canada,,100,Health Care,Biotechnology: Pharmaceutical Preparations
BRNS,Barinthus Biotherapeutics plc American Depositary Shares,$0.599,0.034,6.018%,24,United Kingdom,2021.0,34883,Health Care,Biotechnology: Pharmaceutical Preparations
TVRD,Tvardi Therapeutics Inc. Common Stock,$1.87,0.02,1.081%,23,United States,2014.0,103706,Health Care,Biotechnology: Pharmaceutical Preparations
GRML,Greenland Mines Ltd. Common Stock,$0.194,0.011,6.011%,23,United States,2022.0,3141684,Health Care,Biotechnology: Biological Products (No Diagnostic Substances)
TXMD,TherapeuticsMD Inc. Common Stock,$2.07,-0.02,-0.957%,23,United States,,8846,Health Care,Biotechnology: Pharmaceutical Preparations
QNTM,Quantum Biopharma Ltd. Class B Subordinate Voting Shares,$3.45,0.22,6.811%,22,Canada,,181566,Health Care,Biotechnology: Pharmaceutical Preparations
QCLS,Q/C Technologies Inc. Common Stock,$2.92,0.12,4.286%,22,United States,2014.0,106600,Health Care,Biotechnology: In Vitro & In Vivo Diagnostic Substances
NXTC,NextCure Inc. Common Stock,$5.84,0.25,4.472%,21,United States,2019.0,295432,Health Care,Biotechnology: Pharmaceutical Preparations
CALC,CalciMedica Inc. Common Stock,$0.6875,-0.0245,-3.441%,21,United States,2023.0,379302,Health Care,Biotechnology: Pharmaceutical Preparations
ALLR,Allarity Therapeutics Inc. Common Stock,$1.39,-0.01,-0.714%,21,United States,,49957,Health Care,Biotechnology: Pharmaceutical Preparations
CLRB,Cellectar Biosciences Inc.  Common Stock,$2.57,0.05,1.984%,20,United States,,16087,Health Care,Biotechnology: Pharmaceutical Preparations
ATOS,Atossa Therapeutics Inc. Common Stock,$2.36,-0.06,-2.479%,20,United States,2012.0,77530,Health Care,Biotechnology: Pharmaceutical Preparations
CELU,Celularity Inc. Class A Common Stock,$0.7007,0.0177,2.592%,20,United States,2019.0,18071,Health Care,Biotechnology: Pharmaceutical Preparations
NEUP,Neuphoria Therapeutics Inc. Common Stock,$3.82,-0.08,-2.051%,20,United States,2021.0,9558,Health Care,Biotechnology: Pharmaceutical Preparations
DARE,Dare Bioscience Inc. Common Stock,$1.40,0.07,5.263%,20,United States,2014.0,91710,Health Care,Biotechnology: Pharmaceutical Preparations
HOWL,Werewolf Therapeutics Inc. Common Stock,$0.3971,-0.0057,-1.415%,19,United States,2021.0,391144,Health Care,Biotechnology: Pharmaceutical Preparations
JSPR,Jasper Therapeutics Inc. Common Stock,$0.7095,0.0634,9.813%,19,United States,2020.0,758512,Health Care,Biotechnology: Biological Products (No Diagnostic Substances)
PLUR,Pluri Inc. Common Stock,$1.82,0.01,0.552%,19,Israel,,2441,Health Care,Biotechnology: Biological Products (No Diagnostic Substances)
RKTO,Rocket One Inc. Common Stock,$0.7599,-0.0333,-4.198%,18,United States,2019.0,301710,Health Care,Biotechnology: Pharmaceutical Preparations
GRDX,GridAI Technologies Corp. Common Stock,$2.74,-0.14,-4.861%,18,United States,2016.0,37975,Health Care,Biotechnology: Pharmaceutical Preparations
GRMLW,Greenland Mines Ltd Warrant,$0.15,0.0,0.00%,18,United States,2022.0,2870,Health Care,Biotechnology: Biological Products (No Diagnostic Substances)
CTXR,Citius Pharmaceuticals Inc. Common Stock,$0.6823,0.0403,6.277%,18,United States,,437577,Health Care,Biotechnology: Pharmaceutical Preparations
NRSN,NeuroSense Therapeutics Ltd. Ordinary Shares,$0.4999,-0.0031,-0.616%,18,Israel,2021.0,97616,Health Care,Biotechnology: Pharmaceutical Preparations
MRKR,Marker Therapeutics Inc. Common Stock,$1.12,0.0,0.00%,18,United States,,40094,Health Care,Biotechnology: Pharmaceutical Preparations
SKYE,Skye Bioscience Inc. Common Stock,$0.5194,0.0477,10.112%,18,United States,,335316,Health Care,Biotechnology: Pharmaceutical Preparations
NCEL,NewcelX Ltd. Ordinary Shares,$3.31,-0.03,-0.898%,17,Switzerland,2021.0,4459,Health Care,Biotechnology: Pharmaceutical Preparations
LPCN,Lipocine Inc. Common Stock,$2.13,0.0,0.00%,17,United States,,33859,Health Care,Biotechnology: Pharmaceutical Preparations
KTTA,Pasithea Therapeutics Corp. Common Stock,$0.5067,0.0631,14.225%,16,United States,2021.0,375775,Health Care,Biotechnology: Pharmaceutical Preparations
CYCN,Cyclerion Therapeutics Inc. Common Stock,$3.57,0.01,0.281%,16,United States,,19848,Health Care,Biotechnology: Pharmaceutical Preparations
BFRI,Biofrontera Inc. Common Stock,$1.27,0.02,1.60%,16,United States,2021.0,247294,Health Care,Biotechnology: Pharmaceutical Preparations
MDCX,Medicus Pharma Ltd. Common Stock  ,$0.2996,-0.008,-2.601%,16,Canada,,1226644,Health Care,Biotechnology: Pharmaceutical Preparations
OPTH,Optimi Health Corp. Common Shares,$5.05,-0.1,-1.942%,16,Canada,,30203,Health Care,Biotechnology: Pharmaceutical Preparations
SCNX,Scienture Holdings Inc. Common Stock,$0.3801,0.0074,1.986%,15,United States,,93536,Health Care,Biotechnology: Pharmaceutical Preparations
HIND,Vyome Holdings Inc. Common Stock,$2.16,0.02,0.935%,15,United States,2016.0,15220,Health Care,Biotechnology: Pharmaceutical Preparations
PASG,Passage Bio Inc. Common Stock,$4.40,0.0,0.00%,14,United States,2020.0,6838,Health Care,Biotechnology: Biological Products (No Diagnostic Substances)
COCP,Cocrystal Pharma Inc. Common Stock,$1.06,0.03,2.913%,14,United States,,54210,Health Care,Biotechnology: Pharmaceutical Preparations
GTBP,GT Biopharma Inc. Common Stock,$0.3201,0.0191,6.346%,14,United States,,570661,Health Care,Biotechnology: Pharmaceutical Preparations
TPST,Tempest Therapeutics Inc. Common Stock,$0.9167,0.0143,1.585%,14,United States,,86490,Health Care,Biotechnology: Pharmaceutical Preparations
KALA,KALA BIO Inc. Common Stock,$0.7478,0.011,1.493%,14,United States,2017.0,43153,Health Care,Biotechnology: Pharmaceutical Preparations
PTN,Palatin Technologies Inc. Common Stock,$7.77,-0.1001,-1.272%,13,United States,,18285,Health Care,Biotechnology: Pharmaceutical Preparations
CMMB,Chemomab Therapeutics Ltd. American Depositary Share,$1.93,0.13,7.222%,13,Israel,2019.0,137605,Health Care,Biotechnology: Pharmaceutical Preparations
AEON,AEON Biopharma Inc. Class A Common Stock,$0.2771,-0.0054,-1.912%,13,United States,,499077,Health Care,Biotechnology: Pharmaceutical Preparations
VRXAW,Veraxa Biotech AG Warrants,$0.0955,-0.0045,-4.50%,13,Switzerland,,42186,Health Care,Biotechnology: Pharmaceutical Preparations
PBM,Psyence Biomedical Ltd. Common Shares,$3.47,-0.02,-0.573%,13,Canada,,60584,Health Care,Biotechnology: Pharmaceutical Preparations
PHIO,Phio Pharmaceuticals Corp. Common Stock,$1.04,-0.02,-1.887%,12,United States,,86069,Health Care,Biotechnology: Pharmaceutical Preparations
VTGN,Vistagen Therapeutics Inc. Common Stock,$0.2876,0.0038,1.339%,12,United States,,2552322,Health Care,Biotechnology: Pharmaceutical Preparations
AKTX,Akari Therapeutics plc ADS,$7.00,-1.08,-13.366%,12,United Kingdom,,67386,Health Care,Biotechnology: Pharmaceutical Preparations
SNTI,Senti Biosciences Holdings Inc. Common Stock,$0.3537,-0.0052,-1.449%,11,United States,2021.0,134455,Health Care,Biotechnology: Biological Products (No Diagnostic Substances)
BCDA,BioCardia Inc. Common Stock,$0.9783,0.0287,3.022%,11,United States,,194511,Health Care,Biotechnology: Biological Products (No Diagnostic Substances)
INTS,Intensity Therapeutics Inc. Common stock,$4.16,-0.09,-2.118%,11,United States,2023.0,22355,Health Care,Biotechnology: Biological Products (No Diagnostic Substances)
KPRX,Kiora Pharmaceuticals Inc.  Common Stock,$2.64,0.08,3.125%,11,United States,,23547,Health Care,Biotechnology: Pharmaceutical Preparations
BLRX,BioLineRx Ltd. American Depositary Shares,$2.71,-0.08,-2.867%,11,Israel,,6698,Health Care,Biotechnology: Pharmaceutical Preparations
TOVX,Theriva Biologics Inc. Common Stock,$0.2208,-0.004,-1.779%,10,United States,,294841,Health Care,Biotechnology: Pharmaceutical Preparations
LNAI,Lunai Bioworks Inc. Common Stock,$2.41,-0.01,-0.413%,10,United States,,37642,Health Care,Biotechnology: Pharmaceutical Preparations
ASBP,Aspire Biopharma Holdings Inc. Common Stock,$7.73,0.67,9.49%,10,United States,2022.0,38974,Health Care,Biotechnology: Pharmaceutical Preparations
BFRG,Bullfrog AI Holdings Inc. Common Stock,$0.59,-0.001,-0.169%,10,United States,2023.0,75315,Health Care,Biotechnology: Pharmaceutical Preparations
LSTA,Lisata Therapeutics Inc. Common Stock,$1.06,-0.01,-0.935%,9,United States,,23494,Health Care,Biotechnology: Pharmaceutical Preparations
QNRX,Quoin Pharmaceuticals Ltd. American Depositary Shares,$4.79,0.22,4.814%,9,Israel,2016.0,17373,Health Care,Biotechnology: Pharmaceutical Preparations
INAB,IN8bio Inc. Common Stock,$0.9786,0.0087,0.897%,9,United States,2021.0,36587,Health Care,Biotechnology: Biological Products (No Diagnostic Substances)
VNRX,VolitionRX Limited Common Stock,$0.7753,0.0093,1.214%,9,Singapore,2015.0,455451,Health Care,Biotechnology: In Vitro & In Vivo Diagnostic Substances
GDTC,CytoMed Therapeutics Limited Ordinary Shares,$0.8213,0.0184,2.292%,9,Singapore,2023.0,3788,Health Care,Biotechnology: Pharmaceutical Preparations
CELZ,Creative Medical Technology Holdings Inc. Common Stock,$1.42,0.27,23.478%,9,United States,,63908188,Health Care,Biotechnology: Biological Products (No Diagnostic Substances)
SNGX,Soligenix Inc. Common Stock,$0.3921,0.0133,3.511%,8,United States,,130762,Health Care,Biotechnology: Pharmaceutical Preparations
APRE,Aprea Therapeutics Inc. Common stock,$0.6503,0.0178,2.814%,8,United States,2019.0,38370,Health Care,Biotechnology: Pharmaceutical Preparations
XCUR,Exicure Inc. Common Stock,$1.345,-0.005,-0.37%,8,United States,,39994,Health Care,Biotechnology: Pharmaceutical Preparations
TRIB,Trinity Biotech plc American Depositary Shares,$12.43,0.79,6.787%,8,Ireland,1992.0,20392,Health Care,Biotechnology: In Vitro & In Vivo Diagnostic Substances
TRAW,Traws Pharma Inc. Common Stock,$0.532,-0.007,-1.299%,8,United States,2013.0,65061,Health Care,Biotechnology: Pharmaceutical Preparations
ADIL,Adial Pharmaceuticals Inc Common Stock,$3.98,-0.82,-17.083%,8,United States,2018.0,100622,Health Care,Biotechnology: Pharmaceutical Preparations
LEXX,Lexaria Bioscience Corp. Common Stock,$5.27,-0.07,-1.311%,8,Canada,,20913,Health Care,Biotechnology: Pharmaceutical Preparations
KAPA,Kairos Pharma Ltd. Common Stock,$0.386,-0.004,-1.026%,8,,2024.0,623537,Health Care,Biotechnology: Pharmaceutical Preparations
IMRN,Immuron Limited American Depositary Shares,$1.031,-0.069,-6.273%,8,Australia,2017.0,8420,Health Care,Biotechnology: Pharmaceutical Preparations
PCSA,Processa Pharmaceuticals Inc. Common Stock,$2.57,0.27,11.739%,8,United States,,112992,Health Care,Biotechnology: Pharmaceutical Preparations
XBIO,Xenetic Biosciences Inc. Common Stock,$3.17,0.32,11.228%,7,United States,,808611,Health Care,Biotechnology: Pharmaceutical Preparations
AIM,AIM ImmunoTech Inc. Common Stock,$0.2854,0.0146,5.391%,7,,,1027589,Health Care,Biotechnology: Biological Products (No Diagnostic Substances)
ADXN,Addex Therapeutics Ltd American Depositary Shares,$5.80,0.0,0.00%,7,Switzerland,,162,Health Care,Biotechnology: Pharmaceutical Preparations
BIVI,BioVie Inc. Class A Common Stock,$0.9993,-0.3507,-25.978%,7,United States,,3351514,Health Care,Biotechnology: Pharmaceutical Preparations
MBRX,Moleculin Biotech Inc. Common Stock,$0.4095,0.0245,6.364%,7,United States,2016.0,993672,Health Care,Biotechnology: Pharmaceutical Preparations
BOLT,Bolt Biotherapeutics Inc. Common Stock,$4.05,0.18,4.651%,7,United States,2021.0,13978,Health Care,Biotechnology: Pharmaceutical Preparations
MTVA,MetaVia Inc. Common Stock,$1.49,0.04,2.759%,7,United States,2016.0,107041,Health Care,Biotechnology: Pharmaceutical Preparations
BCTXL,BriaCell Therapeutics Corp. Warrant expiring 2031,$0.91,-0.02,-2.151%,7,Canada,,9692,Health Care,Biotechnology: Pharmaceutical Preparations
ENSC,Ensysce Biosciences Inc. Common Stock,$0.5202,-0.0041,-0.782%,7,United States,,15380768,Health Care,Biotechnology: Pharmaceutical Preparations
CANF,Can-Fite Biopharma Ltd American Depositary Shares each representing two (2) Ordinary Shares,$3.44,-0.12,-3.371%,7,Israel,,31927,Health Care,Biotechnology: Pharmaceutical Preparations
VIVS,VivoSim Labs Inc. Common Stock,$0.468,0.1381,41.861%,7,United States,,97218785,Health Care,Biotechnology: Biological Products (No Diagnostic Substances)
XTLB,XTL Biopharmaceuticals Ltd. American Depositary Shares,$2.94,0.0701,2.443%,7,Israel,,1808,Health Care,Biotechnology: Pharmaceutical Preparations
CRIS,Curis Inc. Common Stock,$4.02,-0.39,-8.844%,7,United States,,69625,Health Care,Biotechnology: Biological Products (No Diagnostic Substances)
CNSP,CNS Pharmaceuticals Inc. Common Stock,$5.38,0.145,2.77%,7,United States,2019.0,2027,Health Care,Biotechnology: Pharmaceutical Preparations
HCWB,HCW Biologics Inc. Common Stock,$3.41,0.0,0.00%,6,United States,2021.0,51608,Health Care,Biotechnology: Pharmaceutical Preparations
APUS,Apimeds Pharmaceuticals US Inc. Common Stock,$4.23,-0.6,-12.422%,6,,2025.0,8332,Health Care,Biotechnology: Pharmaceutical Preparations
APVO,Aptevo Therapeutics Inc. Common Stock,$4.18,0.11,2.703%,6,United States,,10362,Health Care,Biotechnology: Pharmaceutical Preparations
NCNA,NuCana plc American Depositary Share,$1.47,0.11,8.088%,6,United Kingdom,2017.0,206032,Health Care,Biotechnology: Pharmaceutical Preparations
IMNN,Imunon Inc. Common Stock,$1.61,0.03,1.899%,6,United States,,21714,Health Care,Biotechnology: Pharmaceutical Preparations
CVKD,Cadrenal Therapeutics Inc. Common Stock,$1.95,0.08,4.278%,6,United States,2023.0,30085,Health Care,Biotechnology: Pharmaceutical Preparations
LIMN,Liminatus Pharma Inc. Class A Common Stock,$0.103,0.0041,4.146%,6,United States,,2479133,Health Care,Biotechnology: Biological Products (No Diagnostic Substances)
ACXP,Acurx Pharmaceuticals Inc. Common Stock,$1.54,0.08,5.479%,6,United States,2021.0,113319,Health Care,Biotechnology: Pharmaceutical Preparations
ENVB,Enveric Biosciences Inc. Common Stock,$1.55,-0.01,-0.641%,6,United States,,49192,Health Care,Biotechnology: Pharmaceutical Preparations
PMCB,PharmaCyte  Biotech Inc. Common Stock,$0.5901,0.0,0.00%,6,United States,,63596,Health Care,Biotechnology: Biological Products (No Diagnostic Substances)
FBLG,FibroBiologics Inc. Common Stock,$0.9762,-0.0438,-4.294%,6,United States,,169852,Health Care,Biotechnology: Pharmaceutical Preparations
PULM,Pulmatrix Inc. Common Stock,$1.66,0.0,0.00%,6,United States,2014.0,1380,Health Care,Biotechnology: Pharmaceutical Preparations
ALZN,Alzamend Neuro Inc. Common Stock,$1.37,-0.01,-0.725%,6,United States,2021.0,17031,Health Care,Biotechnology: Pharmaceutical Preparations
BGMS,Bio Green Med Solution Inc. Common Stock,$0.9501,-0.0201,-2.072%,5,United States,,12457,Health Care,Biotechnology: Pharmaceutical Preparations
GOVX,GeoVax Labs Inc. Common Stock,$0.7699,0.0487,6.753%,5,United States,,108628,Health Care,Biotechnology: Pharmaceutical Preparations
GELS,Gelteq Limited Ordinary Shares,$0.5579,-0.0161,-2.805%,5,Australia,2024.0,11435,Health Care,Biotechnology: Pharmaceutical Preparations
CURX,Curanex Pharmaceuticals Inc Common Stock,$0.195,0.0001,0.051%,5,United States,2025.0,63070,Health Care,Biotechnology: Pharmaceutical Preparations
BCAB,BioAtla Inc. Common Stock,$3.46,0.13,3.904%,5,United States,2020.0,37097,Health Care,Biotechnology: Biological Products (No Diagnostic Substances)
LABT,Lakewood-Amedex Biotherapeutics Inc. Common Stock,$2.22,-0.01,-0.448%,5,United States,,43894,Health Care,Biotechnology: Pharmaceutical Preparations
CDIO,Cardio Diagnostics Holdings Inc. Common stock,$1.79,0.13,7.831%,5,United States,2022.0,6441,Health Care,Biotechnology: In Vitro & In Vivo Diagnostic Substances
JAGX,Jaguar Health Inc. Common Stock,$0.9501,0.0107,1.139%,4,United States,2015.0,44383,Health Care,Biotechnology: Pharmaceutical Preparations
PPCB,Propanc Biopharma Inc. Common Stock,$1.20,-0.16,-11.765%,4,Australia,,184176,Health Care,Biotechnology: Pharmaceutical Preparations
ERNA,Ernexa Therapeutics Inc. Common Stock,$4.21,-0.15,-3.44%,4,United States,,25435,Health Care,Biotechnology: Pharmaceutical Preparations
GLMD,Galmed Pharmaceuticals Ltd. Ordinary Shares,$0.6019,0.0029,0.484%,4,Israel,2014.0,21890,Health Care,Biotechnology: Pharmaceutical Preparations
PHGE,BiomX Inc. COmmon Stock,$0.1718,0.012,7.509%,4,,2019.0,628665,Health Care,Biotechnology: Biological Products (No Diagnostic Substances)
RNAZ,TransCode Therapeutics Inc. Common Stock,$3.96,-0.31,-7.26%,4,United States,2021.0,27495,Health Care,Biotechnology: Pharmaceutical Preparations
BMRA,Biomerica Inc. Common Stock,$1.61,0.01,0.625%,4,United States,,641,Health Care,Biotechnology: In Vitro & In Vivo Diagnostic Substances
SILO,Silo Pharma Inc. Common Stock,$3.735,-0.935,-20.021%,4,United States,,138686,Health Care,Biotechnology: Pharmaceutical Preparations
CAPS,Capstone Holding Corp. Common Stock,$0.282,0.0119,4.406%,4,United States,,128787,Health Care,Biotechnology: Pharmaceutical Preparations
REVB,Revelation Biosciences Inc. Common Stock,$1.14,0.02,1.786%,4,United States,2020.0,25580,Health Care,Biotechnology: Pharmaceutical Preparations
NRSNW,NeuroSense Therapeutics Ltd. Warrant,$0.1187,0.0,0.00%,4,Israel,2021.0,6,Health Care,Biotechnology: Pharmaceutical Preparations
ELAB,PMGC Holdings Inc. Common Stock,$0.9155,-0.0402,-4.206%,4,United States,2023.0,165227,Health Care,Biotechnology: Pharmaceutical Preparations
INM,InMed Pharmaceuticals Inc. Common Shares,$1.47,0.04,2.797%,4,Canada,,54204,Health Care,Biotechnology: Pharmaceutical Preparations
MBIO,Mustang Bio Inc. Common Stock,$0.6007,0.0255,4.433%,4,United States,,73464,Health Care,Biotechnology: Pharmaceutical Preparations
DRMA,Dermata Therapeutics Inc. Common Stock,$1.10,-0.01,-0.901%,4,United States,2021.0,72199,Health Care,Biotechnology: Pharmaceutical Preparations
LIMNW,Liminatus Pharma Inc. Warrants,$0.0662,0.0,0.00%,4,United States,,40,Health Care,Biotechnology: Biological Products (No Diagnostic Substances)
PRFX,PRF Technologies Ltd. Ordinary Shares,$1.04,-0.06,-5.455%,3,Israel,2020.0,250341,Health Care,Biotechnology: Pharmaceutical Preparations
XRTX,XORTX Therapeutics Inc. Common Shares,$2.13,0.1,4.926%,3,Canada,,4549,Health Care,Biotechnology: Pharmaceutical Preparations
CLDI,Calidi Biotherapeutics Inc. Common Stock,$1.62,-0.17,-9.497%,3,,2021.0,192410,Health Care,Biotechnology: Biological Products (No Diagnostic Substances)
ONCO,Onconetix Inc. Common Stock,$0.8916,-0.0121,-1.339%,3,United States,2022.0,102493,Health Care,Biotechnology: Pharmaceutical Preparations
RDHL,Redhill Biopharma Ltd. American Depositary Shares,$0.605,0.024,4.131%,3,Israel,,54407,Health Care,Biotechnology: Pharmaceutical Preparations
SPRC,SciSparc Ltd. Ordinary Shares,$6.93,0.21,3.125%,3,Israel,,13867,Health Care,Biotechnology: Pharmaceutical Preparations
SXTP,60 Degrees Pharmaceuticals Inc. Common Stock,$1.12,-0.03,-2.609%,3,United States,2023.0,46678,Health Care,Biotechnology: Pharmaceutical Preparations
BFRGW,Bullfrog AI Holdings Inc. Warrants,$0.1101,-0.0024,-2.133%,2,United States,2023.0,204,Health Care,Biotechnology: Pharmaceutical Preparations
GNPX,Genprex Inc. Common Stock,$4.27,-0.17,-3.829%,2,United States,2018.0,77628,Health Care,Biotechnology: Pharmaceutical Preparations
PPBT,Purple Biotech Ltd. American Depositary Shares,$1.43,0.02,1.418%,2,Israel,2015.0,49248,Health Care,Biotechnology: Pharmaceutical Preparations
ESLAW,Estrella Immunopharma Inc. Warrant,$0.0625,-0.0037,-5.589%,2,United States,2021.0,600,Health Care,Biotechnology: Biological Products (No Diagnostic Substances)
OGEN,Oragenics Inc. Common Stock,$0.5499,0.0064,1.178%,2,United States,,13947,Health Care,Biotechnology: Pharmaceutical Preparations
GRI,GRI Bio Inc. Common Stock,$1.47,-0.08,-5.161%,2,United States,2021.0,32638,Health Care,Biotechnology: Pharmaceutical Preparations
VRAX,Virax Biolabs Group Limited Ordinary Shares,$2.98,0.21,7.581%,2,United Kingdom,2022.0,62720,Health Care,Biotechnology: In Vitro & In Vivo Diagnostic Substances
ARTL,Artelo Biosciences Inc. Common Stock,$0.721,-0.0314,-4.173%,2,United States,,117246,Health Care,Biotechnology: Pharmaceutical Preparations
CDT,CDT Equity Inc. Common Stock,$3.42,0.19,5.882%,2,United States,2022.0,66320,Health Care,Biotechnology: Pharmaceutical Preparations
SHPH,Shuttle Pharmaceuticals Holdings Inc. Common Stock,$4.36,-0.02,-0.457%,2,United States,2022.0,57056,Health Care,Biotechnology: Pharmaceutical Preparations
AZTR,Azitra Inc Common Stock,$0.135,0.0002,0.148%,2,,2023.0,389397,Health Care,Biotechnology: Pharmaceutical Preparations
SBFM,Sunshine Biopharma Inc. Common Stock,$1.23,-0.17,-12.143%,2,Canada,,11179725,Health Care,Biotechnology: Pharmaceutical Preparations
DCOY,Decoy Therapeutics Inc. Common Stock,$3.93,-0.13,-3.202%,2,United States,2015.0,11174,Health Care,Biotechnology: Pharmaceutical Preparations
BDRX,Biodexa Pharmaceuticals plc American Depositary Shs,$1.54,0.07,4.762%,1,United Kingdom,,24456,Health Care,Biotechnology: Pharmaceutical Preparations
SLXN,Silexion Therapeutics Corp Ordinary Shares,$1.87,0.08,4.469%,1,Israel,,80601,Health Care,Biotechnology: Biological Products (No Diagnostic Substances)
BTTC,Black Titan Corporation Ordinary Shares,$0.8001,0.0351,4.588%,1,Malaysia,,18437,Health Care,Biotechnology: Biological Products (No Diagnostic Substances)
HUMAW,Humacyte Inc. Warrant,$0.008,-0.001,-11.111%,1,United States,2020.0,1357,Health Care,Biotechnology: Biological Products (No Diagnostic Substances)
SXTC,China SXT Pharmaceuticals Inc. Class A Ordinary Shares,$0.0455,-0.0084,-15.584%,1,China,2019.0,55163207,Health Care,Biotechnology: Pharmaceutical Preparations
BIVIW,BioVie Inc. Warrant,$0.16,0.02,14.286%,1,United States,,84974,Health Care,Biotechnology: Pharmaceutical Preparations
SCNI,Scinai Immunotherapeutics Ltd. American Depositary Shares,$0.2453,-0.0135,-5.216%,1,Israel,2015.0,201717,Health Care,Biotechnology: Biological Products (No Diagnostic Substances)
MTNB,Matinas Biopharma Holdings Inc. Common Stock,$0.283,0.0146,5.44%,1,United States,2017.0,1154043,Health Care,Biotechnology: Pharmaceutical Preparations
CMND,Clearmind Medicine Inc. Common Shares,$1.63,-0.12,-6.857%,1,Canada,,78709,Health Care,Biotechnology: Pharmaceutical Preparations
PBMWW,Psyence Biomedical Ltd. Warrant,$0.0258,-0.0008,-3.008%,0,Canada,,52798,Health Care,Biotechnology: Pharmaceutical Preparations
ERNAW,Ernexa Therapeutics Inc. Warrants,$0.038,-0.0069,-15.367%,0,United States,,9446,Health Care,Biotechnology: Pharmaceutical Preparations
CINGW,Cingulate Inc. Warrants,$0.0093,-0.0006,-6.061%,0,United States,2021.0,2328,Health Care,Biotechnology: Pharmaceutical Preparations
APLMW,Apollomics Inc. Warrant,$0.0182,-0.0003,-1.622%,0,United States,,2314,Health Care,Biotechnology: Pharmaceutical Preparations
BCTXZ,BriaCell Therapeutics Corp. Warrant expiring 2030,$0.0892,0.0024,2.765%,0,Canada,,392333,Health Care,Biotechnology: Pharmaceutical Preparations
EMIS,Emmis Acquisition Corp. Class A Ordinary Shares,$10.22,0.0,0.00%,0,United States,2025.0,6,Health Care,Biotechnology: Pharmaceutical Preparations
RCKTW,Rocket Pharmaceuticals Inc. Warrant,$0.0027,-0.0002,-6.897%,0,United States,,20200,Health Care,Biotechnology: Pharmaceutical Preparations
REVBW,Revelation Biosciences Inc. Warrant,$0.0098,0.0,0.00%,0,United States,2020.0,683,Health Care,Biotechnology: Pharmaceutical Preparations
BLUWU,Blue Water Acquisition Corp. III Unit.,$10.50,0.0,0.00%,0,United States,2025.0,4,Health Care,Biotechnology: Biological Products (No Diagnostic Substances)
DRMAW,Dermata Therapeutics Inc. Warrant,$0.0066,-0.0009,-12.00%,0,United States,2021.0,11087,Health Care,Biotechnology: Pharmaceutical Preparations
CDTTW,CDT Equity Inc. Warrant,$0.0135,0.0017,14.407%,0,United States,2022.0,1250,Health Care,Biotechnology: Pharmaceutical Preparations
SABSW,SAB Biotherapeutics Inc. Warrant,$0.0112,-0.0125,-52.743%,0,United States,2021.0,6072,Health Care,Biotechnology: Biological Products (No Diagnostic Substances)
CDIOW,Cardio Diagnostics Holdings Inc. Warrant,$0.0171,0.0001,0.588%,0,United States,2022.0,1394,Health Care,Biotechnology: In Vitro & In Vivo Diagnostic Substances
SRZNW,Surrozen Inc. Warrant,$0.0015,-0.0023,-60.526%,0,United States,,26468,Health Care,Biotechnology: Biological Products (No Diagnostic Substances)
SLXNW,Silexion Therapeutics Corp Warrant,$0.0219,0.0019,9.50%,0,Israel,,205,Health Care,Biotechnology: Biological Products (No Diagnostic Substances)
BSEM,BioStem Technologies Inc. Common Stock,$4.0928,0.0728,1.811%,0,United States,,255016,Health Care,Biotechnology: Biological Products (No Diagnostic Substances)
BKHAR,Black Hawk Acquisition Corporation Rights,$1.45,0.0,0.00%,0,United States,2024.0,800,Health Care,Biotechnology: Biological Products (No Diagnostic Substances)
BKHA,Black Hawk Acquisition Corporation Class A Ordinary Shares,$11.78,0.0,0.00%,0,United States,2024.0,1802,Health Care,Biotechnology: Biological Products (No Diagnostic Substances)
SXTPW,60 Degrees Pharmaceuticals Inc. Warrant,$0.0255,0.0,0.00%,0,United States,2023.0,18,Health Care,Biotechnology: Pharmaceutical Preparations
IPEX,Inflection Point Acquisition Corp. V Class A Ordinary Shares,$10.56,0.04,0.38%,0,United States,2025.0,27290,Health Care,Biotechnology: Pharmaceutical Preparations
KTTAW,Pasithea Therapeutics Corp. Warrant,$0.0021,-0.0058,-73.418%,0,United States,2021.0,24244,Health Care,Biotechnology: Pharmaceutical Preparations
JSPRW,Japer Therapeutics Inc. Warrants,$0.012,0.0,0.00%,0,United States,2020.0,212,Health Care,Biotechnology: Biological Products (No Diagnostic Substances)
TVGNW,Tevogen Inc. Warrant,$0.0543,0.0043,8.60%,0,United States,2022.0,332566,Health Care,Biotechnology: Biological Products (No Diagnostic Substances)
BFRIW,Biofrontera Inc. Warrants,$0.0299,0.002,7.168%,0,United States,2021.0,383,Health Care,Biotechnology: Pharmaceutical Preparations
