Symbol,Name,Last Sale,Net Change,% Change,Market Cap,Country,IPO Year,Volume,Sector,Industry
LLY,Eli Lilly and Company Common Stock,$1188.72,31.23,2.698%,1119009,United States,,2305184,Health Care,Biotechnology: Pharmaceutical Preparations
JNJ,Johnson & Johnson Common Stock,$258.45,3.67,1.440%,622838,United States,,5405036,Health Care,Biotechnology: Pharmaceutical Preparations
ABBV,AbbVie Inc. Common Stock,$271.36,4.67,1.751%,479524,United States,2012,6079088,Health Care,Biotechnology: Pharmaceutical Preparations
MRK,Merck & Company Inc. Common Stock (new),$142.79,0.85,0.599%,352287,United States,,6353508,Health Care,Biotechnology: Pharmaceutical Preparations
NVS,Novartis AG Common Stock,$143.28,2.49,1.769%,273399,Switzerland,,1852257,Health Care,Biotechnology: Pharmaceutical Preparations
AZN,AstraZeneca PLC Ordinary Shares,$160.12,1.51,0.952%,248302,United Kingdom,2026,2458724,Health Care,Biotechnology: Pharmaceutical Preparations
AMGN,Amgen Inc. Common Stock,$413.08,10.48,2.603%,223324,United States,1983,2237195,Health Care,Biotechnology: Biological Products (No Diagnostic Substances)
GILD,Gilead Sciences Inc. Common Stock,$146.85,2.62,1.817%,182087,United States,1992,5097197,Health Care,Biotechnology: Biological Products (No Diagnostic Substances)
ABT,Abbott Laboratories Common Stock,$98.73,0.57,0.581%,170840,United States,,9392440,Health Care,Biotechnology: Pharmaceutical Preparations
NVO,Novo Nordisk A/S Common Stock,$38.26,0.73,1.945%,169412,Denmark,,13665086,Health Care,Biotechnology: Pharmaceutical Preparations
PFE,Pfizer Inc. Common Stock,$28.00,0.5,1.818%,159590,United States,,31230436,Health Care,Biotechnology: Pharmaceutical Preparations
VRTX,Vertex Pharmaceuticals Incorporated Common Stock,$505.64,3.33,0.663%,128159,United States,1991,806844,Health Care,Biotechnology: Pharmaceutical Preparations
BMY,Bristol-Myers Squibb Company Common Stock,$59.70,0.11,0.185%,121950,United States,,11091922,Health Care,Biotechnology: Pharmaceutical Preparations
SNY,Sanofi ADS,$40.20,0.64,1.618%,98041,France,,2081939,Health Care,Biotechnology: Pharmaceutical Preparations
GSK,GSK plc American Depositary Shares (Each representing two Ordinary Shares),$47.02,0.42,0.901%,95107,United Kingdom,2022,5852631,Health Care,Biotechnology: Pharmaceutical Preparations
MRNA,Moderna Inc. Common Stock,$196.48,9.02,4.812%,78441,United States,2018,14640217,Health Care,Biotechnology: Biological Products (No Diagnostic Substances)
REGN,Regeneron Pharmaceuticals Inc. Common Stock,$742.12,3.4,0.460%,76404,United States,1991,626439,Health Care,Biotechnology: Pharmaceutical Preparations
TAK,Takeda Pharmaceutical Company Limited American Depositary Shares (each representing 1/2 of a share of Common Stock),$18.37,0.27,1.492%,58046,Japan,2018,2556503,Health Care,Biotechnology: Pharmaceutical Preparations
ARGX,argenx SE American Depositary Shares,$928.44,-2.08,-0.224%,57621,Netherlands,2017,258449,Health Care,Biotechnology: Biological Products (No Diagnostic Substances)
TEVA,Teva Pharmaceutical Industries Limited Ordinary Shares,$39.18,0.05,0.128%,45656,Israel,,3455525,Health Care,Biotechnology: Pharmaceutical Preparations
RVMD,Revolution Medicines Inc. Common Stock,$200.87,1,0.500%,43053,United States,2020,1185421,Health Care,Biotechnology: Biological Products (No Diagnostic Substances)
ONC,BeOne Medicines Ltd. American Depositary Shares,$364.02,1.24,0.342%,41389,Cayman Islands,2016,148638,Health Care,Biotechnology: Pharmaceutical Preparations
IDXX,IDEXX Laboratories Inc. Common Stock,$506.67,-8.74,-1.696%,39916,United States,1991,716451,Health Care,Biotechnology: In Vitro & In Vivo Diagnostic Substances
BIIB,Biogen Inc. Common Stock,$222.15,-0.74,-0.332%,32823,United States,,1298201,Health Care,Biotechnology: Biological Products (No Diagnostic Substances)
RPRX,Royalty Pharma plc Class A Ordinary Shares ,$56.76,0.32,0.567%,32637,United States,2020,3671332,Health Care,Biotechnology: Pharmaceutical Preparations
ALNY,Alnylam Pharmaceuticals Inc. Common Stock,$224.41,0.47,0.210%,30028,United States,2004,1064112,Health Care,Biotechnology: Pharmaceutical Preparations
ZTS,Zoetis Inc. Class A Common Stock,$71.55,0.22,0.308%,29566,United States,2013,4128181,Health Care,Biotechnology: Pharmaceutical Preparations
ROIV,Roivant Sciences Ltd. Common Shares,$34.75,-0.78,-2.195%,25100,United Kingdom,,5740365,Health Care,Biotechnology: Pharmaceutical Preparations
BNTX,BioNTech SE American Depositary Share,$95.25,-0.48,-0.501%,23927,Germany,2019,828077,Health Care,Biotechnology: Biological Products (No Diagnostic Substances)
UTHR,United Therapeutics Corporation Common Stock,$545.00,3.38,0.624%,23375,United States,1999,1005651,Health Care,Biotechnology: Pharmaceutical Preparations
INSM,Insmed Incorporated Common Stock,$101.74,-3.49,-3.317%,22218,United States,,3164311,Health Care,Biotechnology: Pharmaceutical Preparations
VTRS,Viatris Inc. Common Stock,$17.49,-0.05,-0.285%,20088,United States,,7544210,Health Care,Biotechnology: Pharmaceutical Preparations
ASND,Ascendis Pharma A/S Ordinary Share,$228.41,2.36,1.044%,15048,Denmark,2015,820626,Health Care,Biotechnology: Pharmaceutical Preparations
JAZZ,Jazz Pharmaceuticals plc Common Stock (Ireland),$231.19,-0.2,-0.086%,15007,Ireland,2007,578988,Health Care,Biotechnology: Pharmaceutical Preparations
NBIX,Neurocrine Biosciences Inc. Common Stock,$143.47,-2.04,-1.402%,14583,United States,1996,1144272,Health Care,Biotechnology: Biological Products (No Diagnostic Substances)
EXEL,Exelixis Inc. Common Stock,$58.44,0.11,0.189%,14480,United States,2000,2374991,Health Care,Biotechnology: Biological Products (No Diagnostic Substances)
SMMT,Summit Therapeutics Inc. Common Stock ,$17.95,0.64,3.697%,14355,United States,2015,8175556,Health Care,Biotechnology: Pharmaceutical Preparations
BBIO,BridgeBio Pharma Inc. Common Stock,$66.50,-0.46,-0.687%,12999,United States,2019,2064443,Health Care,Biotechnology: Pharmaceutical Preparations
CORT,Corcept Therapeutics Incorporated Common Stock,$119.60,0.03,0.025%,12928,United States,2004,635041,Health Care,Biotechnology: Pharmaceutical Preparations
HALO,Halozyme Therapeutics Inc. Common Stock,$110.79,1.07,0.975%,12574,United States,,2179346,Health Care,Biotechnology: Biological Products (No Diagnostic Substances)
TECH,Bio-Techne Corp Common Stock,$72.53,0.1,0.138%,11374,United States,,3153813,Health Care,Biotechnology: Biological Products (No Diagnostic Substances)
MDGL,Madrigal Pharmaceuticals Inc. Common Stock,$487.72,-8.73,-1.758%,11268,United States,2007,256301,Health Care,Biotechnology: Pharmaceutical Preparations
ELAN,Elanco Animal Health Incorporated Common Stock,$22.36,-0.12,-0.534%,11171,United States,2018,4196301,Health Care,Biotechnology: Pharmaceutical Preparations
BMRN,BioMarin Pharmaceutical Inc. Common Stock,$55.20,-1.02,-1.814%,10685,United States,1999,2079068,Health Care,Biotechnology: Pharmaceutical Preparations
IBRX,ImmunityBio Inc. Common Stock,$9.75,0.06,0.619%,10333,United States,2015,11780271,Health Care,Biotechnology: Biological Products (No Diagnostic Substances)
TWST,Twist Bioscience Corporation Common Stock,$155.65,-11.32,-6.780%,10319,United States,2018,5904110,Health Care,Biotechnology: Biological Products (No Diagnostic Substances)
RDY,Dr. Reddy's Laboratories Ltd Common Stock,$12.27,-0.22,-1.761%,10241,India,,3124891,Health Care,Biotechnology: Pharmaceutical Preparations
PCVX,Vaxcyte Inc. Common Stock,$66.96,0.26,0.390%,9964,United States,2020,11562337,Health Care,Biotechnology: Biological Products (No Diagnostic Substances)
KRYS,Krystal Biotech Inc. Common Stock,$324.57,-2.24,-0.685%,9606,United States,2017,354285,Health Care,Biotechnology: Biological Products (No Diagnostic Substances)
QGEN,Qiagen N.V. Common Shares,$44.79,-0.86,-1.884%,9230,Netherlands,2026,2578705,Health Care,Biotechnology: Biological Products (No Diagnostic Substances)
PTGX,Protagonist Therapeutics Inc. Common Stock,$140.92,2.23,1.608%,9118,United States,2016,927345,Health Care,Biotechnology: Pharmaceutical Preparations
AXSM,Axsome Therapeutics Inc. Common Stock,$172.97,-1.37,-0.786%,9060,United States,2015,887363,Health Care,Biotechnology: Pharmaceutical Preparations
KYMR,Kymera Therapeutics Inc. Common Stock,$108.35,2.37,2.236%,9009,United States,2020,1167458,Health Care,Biotechnology: Biological Products (No Diagnostic Substances)
ARWR,Arrowhead Pharmaceuticals Inc. Common Stock,$61.48,-0.06,-0.097%,8684,United States,,1819438,Health Care,Biotechnology: Pharmaceutical Preparations
CYTK,Cytokinetics Incorporated Common Stock,$61.12,-0.23,-0.375%,8497,United States,2004,2395608,Health Care,Biotechnology: Pharmaceutical Preparations
RGEN,Repligen Corporation Common Stock,$167.22,-7.64,-4.369%,8180,United States,1986,2630285,Health Care,Biotechnology: Biological Products (No Diagnostic Substances)
TGTX,TG Therapeutics Inc. Common Stock,$52.95,0.76,1.456%,8105,United States,,1506469,Health Care,Biotechnology: Pharmaceutical Preparations
PRAX,Praxis Precision Medicines Inc. Common Stock,$278.02,-2.12,-0.757%,7762,United States,2020,444317,Health Care,Biotechnology: Pharmaceutical Preparations
ABVX,Abivax SA American Depositary Shares,$87.01,-1.21,-1.372%,7591,France,2023,1387442,Health Care,Biotechnology: Pharmaceutical Preparations
IONS,Ionis Pharmaceuticals Inc. Common Stock,$44.16,0.16,0.364%,7338,United States,,2943621,Health Care,Biotechnology: Pharmaceutical Preparations
SYRE,Spyre Therapeutics Inc. Common Stock,$80.85,0.74,0.924%,7128,United States,2016,2719402,Health Care,Biotechnology: Pharmaceutical Preparations
ALKS,Alkermes plc Ordinary Shares,$41.45,-0.205,-0.492%,6952,Ireland,1991,1816123,Health Care,Biotechnology: Pharmaceutical Preparations
AMRX,Amneal Pharmaceuticals Inc. Class A Common Stock,$19.65,-0.645,-3.178%,6844,United States,,4663641,Health Care,Biotechnology: Pharmaceutical Preparations
IMVT,Immunovant Inc. Common Stock,$32.04,-0.07,-0.218%,6617,United States,2019,1131445,Health Care,Biotechnology: Biological Products (No Diagnostic Substances)
LNTH,Lantheus Holdings Inc. Common Stock,$100.18,0.23,0.230%,6538,United States,2015,553846,Health Care,Biotechnology: In Vitro & In Vivo Diagnostic Substances
BLTE,Belite Bio Inc American Depositary Shares,$156.08,0.47,0.302%,6285,United States,2022,97824,Health Care,Biotechnology: Pharmaceutical Preparations
RYTM,Rhythm Pharmaceuticals Inc. Common Stock,$88.45,-2.32,-2.556%,6089,United States,2017,939447,Health Care,Biotechnology: Pharmaceutical Preparations
KNSA,Kiniksa Pharmaceuticals International plc Class A Ordinary Shares,$77.96,0.87,1.129%,6082,United States,2018,381096,Health Care,Biotechnology: Pharmaceutical Preparations
IOVA,Iovance Biotherapeutics Inc. Common Stock,$12.91,-0.045,-0.347%,5850,United States,,14531011,Health Care,Biotechnology: Biological Products (No Diagnostic Substances)
LGND,Ligand Pharmaceuticals Incorporated Common Stock,$293.26,-3.68,-1.239%,5846,United States,,309297,Health Care,Biotechnology: Pharmaceutical Preparations
KOD,Kodiak Sciences Inc Common Stock,$91.08,-1.26,-1.365%,5724,United States,2018,1307669,Health Care,Biotechnology: Biological Products (No Diagnostic Substances)
CGON,CG Oncology Inc. Common stock,$62.38,-1.26,-1.980%,5529,United States,2024,621847,Health Care,Biotechnology: Biological Products (No Diagnostic Substances)
PTCT,PTC Therapeutics Inc. Common Stock,$63.23,-0.47,-0.738%,5277,United States,2013,1040508,Health Care,Biotechnology: Pharmaceutical Preparations
ORKA,Oruka Therapeutics Inc. Common Stock,$79.50,-0.68,-0.848%,5263,United States,,809926,Health Care,Biotechnology: In Vitro & In Vivo Diagnostic Substances
MIRM,Mirum Pharmaceuticals Inc. Common Stock,$80.64,1.39,1.754%,5236,United States,2019,1020940,Health Care,Biotechnology: Pharmaceutical Preparations
COGT,Cogent Biosciences Inc. Common Stock,$30.14,-0.24,-0.790%,5230,United States,2018,1262916,Health Care,Biotechnology: Pharmaceutical Preparations
GRFS,Grifols S.A. American Depositary Shares,$7.50,-0.02,-0.266%,5156,Spain,,260711,Health Care,Biotechnology: Pharmaceutical Preparations
SRRK,Scholar Rock Holding Corporation Common Stock,$42.20,-0.25,-0.589%,5139,United States,2018,1564440,Health Care,Biotechnology: Biological Products (No Diagnostic Substances)
CRSP,CRISPR Therapeutics AG Common Shares,$52.35,-1.65,-3.056%,5061,Switzerland,2016,1680484,Health Care,Biotechnology: Biological Products (No Diagnostic Substances)
TVTX,Travere Therapeutics Inc. Common Stock,$53.44,-2.54,-4.537%,5037,United States,,3424094,Health Care,Biotechnology: Pharmaceutical Preparations
ERAS,Erasca Inc. Common Stock,$14.12,-0.18,-1.259%,4938,United States,2021,3853903,Health Care,Biotechnology: Pharmaceutical Preparations
DNTH,Dianthus Therapeutics Inc. Common Stock,$84.88,-0.52,-0.609%,4747,United States,2018,562497,Health Care,Biotechnology: Pharmaceutical Preparations
GMAB,Genmab A/S ADS,$36.65,-1.15,-3.042%,4708,Denmark,2019,4253787,Health Care,Biotechnology: Pharmaceutical Preparations
MANE,Veradermics Incorporated Common Stock,$110.95,1.99,1.826%,4635,United States,2026,655149,Health Care,Biotechnology: Pharmaceutical Preparations
EWTX,Edgewise Therapeutics Inc. Common Stock,$39.57,-0.45,-1.124%,4297,United States,2021,1446152,Health Care,Biotechnology: Pharmaceutical Preparations
INDV,Indivior Pharmaceuticals Inc. Common Stock,$36.13,0.23,0.641%,4264,United Kingdom,,1769678,Health Care,Biotechnology: Pharmaceutical Preparations
ADPT,Adaptive Biotechnologies Corporation Common Stock,$26.28,-0.62,-2.305%,4194,United States,2019,2120319,Health Care,Biotechnology: Biological Products (No Diagnostic Substances)
ABCL,AbCellera Biologics Inc. Common Shares,$12.83,-0.32,-2.433%,4155,Canada,2020,5005056,Health Care,Biotechnology: Pharmaceutical Preparations
RLAY,Relay Therapeutics Inc. Common Stock,$17.95,-0.79,-4.216%,3933,United States,2020,3433075,Health Care,Biotechnology: Biological Products (No Diagnostic Substances)
TLX,Telix Pharmaceuticals Limited American Depositary Shares,$11.12,0.34,3.154%,3767,Australia,,817457,Health Care,Biotechnology: Pharmaceutical Preparations
LEGN,Legend Biotech Corporation American Depositary Shares,$19.12,0.4,2.137%,3718,United States,2020,1569331,Health Care,Biotechnology: Pharmaceutical Preparations
TNGX,Tango Therapeutics Inc.,$21.83,-0.07,-0.320%,3680,United States,2020,3392861,Health Care,Biotechnology: Pharmaceutical Preparations
OGN,Organon & Co. Common Stock ,$13.79,0.05,0.364%,3621,United States,2021,2208204,Health Care,Biotechnology: Pharmaceutical Preparations
VKTX,Viking Therapeutics Inc. Common Stock,$28.54,0.16,0.564%,3587,United States,2015,5410052,Health Care,Biotechnology: Pharmaceutical Preparations
XENE,Xenon Pharmaceuticals Inc. Common Shares,$36.41,-0.16,-0.438%,3525,Canada,2014,1967389,Health Care,Biotechnology: Pharmaceutical Preparations
PBLS,Parabilis Medicines Inc. Common Stock,$28.82,-0.04,-0.139%,3514,United States,2026,994016,Health Care,Biotechnology: Pharmaceutical Preparations
IDYA,IDEAYA Biosciences Inc. Common Stock,$36.26,-0.37,-1.010%,3498,United States,2019,552073,Health Care,Biotechnology: Pharmaceutical Preparations
TARS,Tarsus Pharmaceuticals Inc. Common Stock,$73.61,-0.5,-0.675%,3444,United States,2020,542313,Health Care,Biotechnology: Biological Products (No Diagnostic Substances)
AMLX,Amylyx Pharmaceuticals Inc. Common Stock,$27.43,-0.61,-2.175%,3441,United States,2022,2056735,Health Care,Biotechnology: Pharmaceutical Preparations
ACAD,ACADIA Pharmaceuticals Inc. Common Stock,$19.65,-0.09,-0.456%,3385,United States,1985,1784798,Health Care,Biotechnology: Pharmaceutical Preparations
RCUS,Arcus Biosciences Inc. Common Stock,$24.52,0.24,0.988%,3122,United States,2018,1601297,Health Care,Biotechnology: Pharmaceutical Preparations
DNLI,Denali Therapeutics Inc. Common Stock,$19.16,-0.12,-0.622%,3062,United States,2017,1314533,Health Care,Biotechnology: Biological Products (No Diagnostic Substances)
ARQT,Arcutis Biotherapeutics Inc. Common Stock,$24.17,0.25,1.045%,3037,United States,2020,1726013,Health Care,Biotechnology: Pharmaceutical Preparations
ELVN,Enliven Therapeutics Inc. Common Stock,$41.36,-1.03,-2.430%,3030,United States,2020,1461392,Health Care,Biotechnology: Pharmaceutical Preparations
DYN,Dyne Therapeutics Inc. Common Stock,$15.97,0.57,3.701%,2982,United States,2020,3489912,Health Care,Biotechnology: Pharmaceutical Preparations
ZLAB,Zai Lab Limited American Depositary Shares,$25.31,-0.27,-1.056%,2841,China,2017,290209,Health Care,Biotechnology: Pharmaceutical Preparations
PGEN,Precigen Inc. Common Stock,$7.54,-0.01,-0.132%,2699,United States,,4152596,Health Care,Biotechnology: Pharmaceutical Preparations
NAMS,NewAmsterdam Pharma Company N.V. Ordinary Shares,$22.13,-0.14,-0.629%,2645,Netherlands,,1378853,Health Care,Biotechnology: Pharmaceutical Preparations
MBX,MBX Biosciences Inc. Common Stock,$54.54,-2.38,-4.181%,2626,United States,2024,357205,Health Care,Biotechnology: Pharmaceutical Preparations
BEAM,Beam Therapeutics Inc. Common Stock,$24.77,-0.46,-1.823%,2558,United States,2020,2342999,Health Care,Biotechnology: Biological Products (No Diagnostic Substances)
NEOG,Neogen Corporation Common Stock,$11.68,-0.28,-2.341%,2547,United States,1989,12969460,Health Care,Biotechnology: In Vitro & In Vivo Diagnostic Substances
SUPN,Supernus Pharmaceuticals Inc. Common Stock,$43.05,0.22,0.514%,2502,United States,2012,571057,Health Care,Biotechnology: Pharmaceutical Preparations
HCM,HUTCHMED (China) Limited American Depositary Shares,$14.28,-0.32,-2.192%,2491,Hong Kong,2016,58040,Health Care,Biotechnology: Pharmaceutical Preparations
VCRE,Vicore Pharma Holding AB American Depositary Shares,$8.66,-0.08,-0.915%,2438,Sweden,,32049,Health Care,Biotechnology: Pharmaceutical Preparations
CLDX,Celldex Therapeutics Inc.,$30.43,-0.575,-1.855%,2389,United States,,1746964,Health Care,Biotechnology: In Vitro & In Vivo Diagnostic Substances
LQDA,Liquidia Corporation Common Stock,$26.68,0.77,2.972%,2388,United States,2018,6988003,Health Care,Biotechnology: Pharmaceutical Preparations
NRIX,Nurix Therapeutics Inc. Common stock,$22.73,0.13,0.575%,2358,United States,2020,1631805,Health Care,Biotechnology: Pharmaceutical Preparations
IRON,Disc Medicine Inc. Common Stock,$61.18,-0.47,-0.762%,2348,United States,,562947,Health Care,Biotechnology: Pharmaceutical Preparations
RVMDW,Revolution Medicines Inc. Warrant,$10.76,0.03,0.280%,2306,United States,,9415,Health Care,Biotechnology: Biological Products (No Diagnostic Substances)
BHC,Bausch Health Companies Inc. Common Stock,$6.15,0.13,2.159%,2300,Canada,,2005411,Health Care,Biotechnology: Pharmaceutical Preparations
HRMY,Harmony Biosciences Holdings Inc. Common Stock,$39.34,-0.02,-0.051%,2291,United States,2020,547028,Health Care,Biotechnology: Pharmaceutical Preparations
RXRX,Recursion Pharmaceuticals Inc. Class A Common Stock,$4.27,-0.36,-7.775%,2285,United States,2021,40729736,Health Care,Biotechnology: Biological Products (No Diagnostic Substances)
ALVO,Alvotech Ordinary Shares,$5.85,-0.29,-4.723%,2284,Luxembourg,,864634,Health Care,Biotechnology: Biological Products (No Diagnostic Substances)
SLS,SELLAS Life Sciences Group Inc. Common Stock,$11.31,-0.03,-0.265%,2284,United States,,3142431,Health Care,Biotechnology: Pharmaceutical Preparations
ADMA,ADMA Biologics Inc Common Stock,$10.14,-0.04,-0.393%,2271,United States,,3049707,Health Care,Biotechnology: Biological Products (No Diagnostic Substances)
PBH,Prestige Consumer Healthcare Inc. Common Stock,$47.57,1.13,2.433%,2253,United States,2005,460879,Health Care,Biotechnology: Pharmaceutical Preparations
IMNM,Immunome Inc. Common Stock,$19.09,-0.215,-1.113%,2253,United States,2020,1161078,Health Care,Biotechnology: Pharmaceutical Preparations
PHVS,Pharvaris N.V. Ordinary Shares,$31.68,0.56,1.799%,2207,Netherlands,2021,342049,Health Care,Biotechnology: Pharmaceutical Preparations
VERA,Vera Therapeutics Inc. Class A Common Stock,$30.25,0.83,2.821%,2179,United States,2021,3290753,Health Care,Biotechnology: Pharmaceutical Preparations
BCRX,BioCryst Pharmaceuticals Inc. Common Stock,$8.40,0.45,5.660%,2146,United States,1994,5122851,Health Care,Biotechnology: Biological Products (No Diagnostic Substances)
AUPH,Aurinia Pharmaceuticals Inc Ordinary Shares,$16.01,0.32,2.040%,2130,Canada,,682565,Health Care,Biotechnology: Pharmaceutical Preparations
VCEL,Vericel Corporation Common Stock,$40.74,0.69,1.723%,2086,United States,,647022,Health Care,Biotechnology: Biological Products (No Diagnostic Substances)
VRDN,Viridian Therapeutics Inc. Common Stock,$18.28,0.06,0.329%,2070,United States,2014,1691114,Health Care,Biotechnology: Pharmaceutical Preparations
SDGR,Schrodinger Inc. Common Stock,$27.29,-1.61,-5.571%,2041,United States,2020,4561107,Health Care,Biotechnology: Pharmaceutical Preparations
PRGO,Perrigo Company plc Ordinary Shares,$14.55,0.55,3.929%,2019,United States,,1906660,Health Care,Biotechnology: Pharmaceutical Preparations
URGN,UroGen Pharma Ltd. Ordinary Shares,$40.70,-0.73,-1.762%,1989,Israel,2017,486494,Health Care,Biotechnology: Pharmaceutical Preparations
LKFT,Lakefront Biotherapeutics American Depositary Shares,$30.00,0.68,2.319%,1976,Belgium,2015,362258,Health Care,Biotechnology: Pharmaceutical Preparations
MLYS,Mineralys Therapeutics Inc. Common Stock,$22.09,0.14,0.638%,1952,United States,2023,989141,Health Care,Biotechnology: Pharmaceutical Preparations
VIR,Vir Biotechnology Inc. Common Stock,$11.52,-0.08,-0.690%,1949,United States,2019,3561929,Health Care,Biotechnology: Biological Products (No Diagnostic Substances)
MRVI,Maravai LifeSciences Holdings Inc. Class A Common Stock,$7.43,-0.42,-5.350%,1929,United States,2020,4272698,Health Care,Biotechnology: Pharmaceutical Preparations
GPCR,Structure Therapeutics Inc. American Depositary Shares,$26.68,-0.79,-2.876%,1902,United States,2023,1049079,Health Care,Biotechnology: Pharmaceutical Preparations
AGIO,Agios Pharmaceuticals Inc. Common Stock,$31.79,0.07,0.221%,1897,United States,2013,1673127,Health Care,Biotechnology: Pharmaceutical Preparations
ZYME,Zymeworks Inc. Common Stock,$26.53,0.88,3.431%,1882,United States,,1620689,Health Care,Biotechnology: Pharmaceutical Preparations
PVLA,Palvella Therapeutics Inc. Common Stock,$130.59,2.59,2.023%,1881,United States,,152005,Health Care,Biotechnology: Pharmaceutical Preparations
TRVI,Trevi Therapeutics Inc. Common Stock,$13.14,-0.04,-0.303%,1872,United States,2019,5366892,Health Care,Biotechnology: Pharmaceutical Preparations
ADRX,ADARx Pharmaceuticals Inc. Common Stock,$17.33,-1.25,-6.728%,1850,United States,2026,705724,Health Care,Biotechnology: Pharmaceutical Preparations
NVAX,Novavax Inc. Common Stock,$11.22,-0.1,-0.883%,1850,United States,,8381208,Health Care,Biotechnology: Biological Products (No Diagnostic Substances)
SRPT,Sarepta Therapeutics Inc. Common Stock (DE),$17.50,0.19,1.098%,1848,United States,,2873062,Health Care,Biotechnology: Pharmaceutical Preparations
XERS,Xeris Biopharma Holdings Inc. Common Stock,$10.11,0.04,0.397%,1843,United States,2018,2220957,Health Care,Biotechnology: Pharmaceutical Preparations
ZBIO,Zenas BioPharma Inc. Common Stock,$28.18,1.24,4.603%,1836,United States,2024,509249,Health Care,Biotechnology: Pharmaceutical Preparations
MESO,Mesoblast Limited American Depositary Shares,$13.94,0.33,2.425%,1813,Australia,2015,242151,Health Care,Biotechnology: Biological Products (No Diagnostic Substances)
XNCR,Xencor Inc. Common Stock,$24.26,-0.1,-0.411%,1803,United States,2013,1696648,Health Care,Biotechnology: Pharmaceutical Preparations
BHVN,Biohaven Ltd. Common Shares ,$11.88,-0.2,-1.656%,1794,United States,2022,2147200,Health Care,Biotechnology: Pharmaceutical Preparations
GENB,Generate Biomedicines Inc. Common Stock,$13.57,-0.23,-1.667%,1741,United States,2026,926475,Health Care,Biotechnology: Pharmaceutical Preparations
NUVB,Nuvation Bio Inc. Class A Common Stock,$4.86,-0.02,-0.410%,1706,United States,2020,5450033,Health Care,Biotechnology: Pharmaceutical Preparations
SEPN,Septerna Inc. Common Stock,$36.00,0.33,0.925%,1680,United States,2024,1028384,Health Care,Biotechnology: Pharmaceutical Preparations
BRVE,Braveheart Bio Inc. Common Stock,$18.58,-1.21,-6.114%,1672,United States,2026,336964,Health Care,Biotechnology: Pharmaceutical Preparations
ANIP,ANI Pharmaceuticals Inc.,$71.93,0.41,0.573%,1651,United States,,438216,Health Care,Biotechnology: Pharmaceutical Preparations
NTLA,Intellia Therapeutics Inc. Common Stock,$11.71,-0.66,-5.335%,1640,United States,2016,8298350,Health Care,Biotechnology: In Vitro & In Vivo Diagnostic Substances
CMPS,COMPASS Pathways Plc American Depository Shares,$11.69,0.13,1.125%,1618,United Kingdom,2020,1586512,Health Care,Biotechnology: Pharmaceutical Preparations
QURE,uniQure N.V. Ordinary Shares,$23.14,0.08,0.347%,1605,Netherlands,2014,1777584,Health Care,Biotechnology: Pharmaceutical Preparations
OCUL,Ocular Therapeutix Inc. Common Stock,$7.23,-0.11,-1.499%,1587,United States,2014,2932729,Health Care,Biotechnology: Pharmaceutical Preparations
ETON,Eton Pharmaceuticals Inc. Common Stock,$54.88,0.11,0.201%,1568,United States,2018,774725,Health Care,Biotechnology: Pharmaceutical Preparations
STOK,Stoke Therapeutics Inc. Common Stock,$24.29,-0.08,-0.328%,1567,United States,2019,637133,Health Care,Biotechnology: Pharmaceutical Preparations
PAHC,Phibro Animal Health Corporation Class A Common Stock,$37.72,1.11,3.032%,1531,United States,2014,199556,Health Care,Biotechnology: Pharmaceutical Preparations
INVA,Innoviva Inc. Common Stock,$21.06,0.23,1.104%,1521,United States,2004,636406,Health Care,Biotechnology: Pharmaceutical Preparations
SNDX,Syndax Pharmaceuticals Inc. Common Stock,$17.03,-0.34,-1.957%,1520,United States,2016,1589813,Health Care,Biotechnology: Pharmaceutical Preparations
IMCR,Immunocore Holdings plc American Depositary Shares,$29.41,-0.14,-0.474%,1514,United Kingdom,2021,343759,Health Care,Biotechnology: Biological Products (No Diagnostic Substances)
RAPP,Rapport Therapeutics Inc. Common Stock,$30.86,-0.29,-0.931%,1480,United States,2024,315007,Health Care,Biotechnology: Pharmaceutical Preparations
RARE,Ultragenyx Pharmaceutical Inc. Common Stock,$14.89,0.43,2.974%,1467,United States,2014,4162780,Health Care,Biotechnology: Pharmaceutical Preparations
MAZE,Maze Therapeutics Inc. Common Stock,$26.25,-0.18,-0.681%,1458,United States,2025,823937,Health Care,Biotechnology: Biological Products (No Diagnostic Substances)
GHRS,GH Research PLC Ordinary Shares,$21.06,-0.46,-2.138%,1443,Ireland,2021,304791,Health Care,Biotechnology: Pharmaceutical Preparations
TSHA,Taysha Gene Therapies Inc. Common Stock,$4.43,0.04,0.911%,1443,United States,2020,3912425,Health Care,Biotechnology: Biological Products (No Diagnostic Substances)
KRSA,Korsana Biosciences Inc. Common Stock,$31.65,-0.12,-0.378%,1441,United States,,37087,Health Care,Biotechnology: Pharmaceutical Preparations
TYRA,Tyra Biosciences Inc. Common Stock,$20.39,0.15,0.741%,1401,United States,2021,477761,Health Care,Biotechnology: Pharmaceutical Preparations
AAPG,Ascentage Pharma Group International American Depository Shares,$14.94,-1.15,-7.147%,1394,China,2025,7255,Health Care,Biotechnology: Pharmaceutical Preparations
NKTR,Nektar Therapeutics  Common Stock,$40.26,0.35,0.877%,1374,United States,,1510664,Health Care,Biotechnology: Pharmaceutical Preparations
INBX,Inhibrx Biosciences Inc. Common Stock,$93.36,-0.05,-0.054%,1374,United States,,223798,Health Care,Biotechnology: Biological Products (No Diagnostic Substances)
KLRA,Kailera Therapeutics Inc. Common Stock,$10.53,-0.3,-2.770%,1365,United States,2026,1091748,Health Care,Biotechnology: Pharmaceutical Preparations
OMER,Omeros Corporation Common Stock,$18.75,0.24,1.297%,1357,United States,2009,622943,Health Care,Biotechnology: Pharmaceutical Preparations
ANAB,AnaptysBio Inc. Common Stock,$45.65,-2.24,-4.677%,1351,United States,2017,766557,Health Care,Biotechnology: Pharmaceutical Preparations
COAG,Hemab Therapeutics Holdings Inc. Common Stock,$28.70,0.33,1.163%,1340,United States,2026,377194,Health Care,Biotechnology: Biological Products (No Diagnostic Substances)
NAMSW,NewAmsterdam Pharma Company N.V. Warrant,$11.00,0,0.000%,1314,Netherlands,,13,Health Care,Biotechnology: Pharmaceutical Preparations
KARD,Kardigan Inc. Common Stock,$13.83,0.34,2.520%,1293,United States,2026,1025719,Health Care,Biotechnology: Pharmaceutical Preparations
NBTX,Nanobiotix S.A. American Depositary Shares,$24.62,-0.61,-2.418%,1250,France,2020,142659,Health Care,Biotechnology: Pharmaceutical Preparations
DMRA,Damora Therapeutics Inc. Ordinary Shares,$20.24,0.69,3.529%,1249,Denmark,2020,488761,Health Care,Biotechnology: Pharmaceutical Preparations
ORIC,Oric Pharmaceuticals Inc. Common Stock,$12.01,0.03,0.250%,1244,United States,2020,790843,Health Care,Biotechnology: Pharmaceutical Preparations
REPL,Replimune Group Inc. Common Stock,$13.20,-0.05,-0.377%,1243,United States,2018,1647362,Health Care,Biotechnology: Biological Products (No Diagnostic Substances)
HROW,Harrow Inc. Common Stock,$30.62,0.27,0.890%,1147,United States,,708567,Health Care,Biotechnology: Pharmaceutical Preparations
AVLN,Avalyn Pharma Inc. Common Stock,$25.53,0.1,0.393%,1131,United States,2026,202942,Health Care,Biotechnology: Pharmaceutical Preparations
IMTX,Immatics N.V. Ordinary Shares,$7.45,-0.05,-0.667%,1114,Germany,,926242,Health Care,Biotechnology: Biological Products (No Diagnostic Substances)
VOR,Vor Biopharma Inc. Common Stock,$18.78,0.47,2.567%,1111,United States,2021,563102,Health Care,Biotechnology: Biological Products (No Diagnostic Substances)
MNKD,MannKind Corporation Common Stock,$3.45,-0.26,-7.008%,1109,United States,2004,6010097,Health Care,Biotechnology: Pharmaceutical Preparations
LBRX,LB Pharmaceuticals Inc Common Stock,$34.16,-0.1,-0.292%,1101,United States,2025,385042,Health Care,Biotechnology: Pharmaceutical Preparations
JANX,Janux Therapeutics Inc. Common Stock,$17.92,1.13,6.730%,1095,United States,2021,1210367,Health Care,Biotechnology: Pharmaceutical Preparations
TRAX,First Tracks Biotherapeutics Inc. Ordinary Shares ,$30.59,-0.8,-2.549%,1093,United States,,355536,Health Care,Biotechnology: Pharmaceutical Preparations
BCAX,Bicara Therapeutics Inc. Common Stock,$16.42,-0.14,-0.845%,1086,United States,2024,915605,Health Care,Biotechnology: Pharmaceutical Preparations
AMPH,Amphastar Pharmaceuticals Inc. Common Stock,$25.54,-0.37,-1.428%,1086,United States,2014,776313,Health Care,Biotechnology: Pharmaceutical Preparations
MGTX,MeiraGTx Holdings plc Ordinary Shares,$10.82,0.22,2.075%,1039,United States,2018,2309995,Health Care,Biotechnology: Biological Products (No Diagnostic Substances)
OPK,OPKO Health Inc. Common Stock,$1.39,-0.07,-4.795%,1037,United States,,2224415,Health Care,Biotechnology: Pharmaceutical Preparations
LTGO,Latigo Biotherapeutics Inc. Common Stock,$15.52,-0.74,-4.551%,1028,United States,2026,241528,Health Care,Biotechnology: Pharmaceutical Preparations
CGEM,Cullinan Therapeutics Inc. Common Stock,$15.63,-0.62,-3.815%,1005,United States,2021,808205,Health Care,Biotechnology: Biological Products (No Diagnostic Substances)
PCRX,Pacira BioSciences Inc. Common Stock,$25.20,0.44,1.777%,1004,United States,2011,802743,Health Care,Biotechnology: Pharmaceutical Preparations
SVRA,Savara Inc. Common Stock,$4.88,0.23,4.946%,1002,United States,,2415308,Health Care,Biotechnology: Pharmaceutical Preparations
AKTS,Aktis Oncology Inc. Common stock,$18.00,0.14,0.784%,1001,United States,2026,294115,Health Care,Biotechnology: Pharmaceutical Preparations
SPTX,Seaport Therapeutics Inc. Common Stock,$17.93,0.56,3.224%,959,United States,2026,249088,Health Care,Biotechnology: Pharmaceutical Preparations
KURA,Kura Oncology Inc. Common Stock,$10.67,0.14,1.330%,949,United States,,1098998,Health Care,Biotechnology: Pharmaceutical Preparations
ANRO,Alto Neuroscience Inc. Common Stock,$23.52,-0.17,-0.718%,922,United States,2024,348048,Health Care,Biotechnology: Pharmaceutical Preparations
MLTX,MoonLake Immunotherapeutics Class A Ordinary Shares,$10.77,-0.18,-1.644%,916,United States,2020,1396544,Health Care,Biotechnology: Pharmaceutical Preparations
ANL,Adlai Nortye Group Ltd. American Depositary Shares,$14.05,-0.41,-2.835%,904,Cayman Islands,2023,95074,Health Care,Biotechnology: Pharmaceutical Preparations
RIGL,Rigel Pharmaceuticals Inc. Common Stock,$47.99,1.88,4.077%,896,United States,2000,232612,Health Care,Biotechnology: Pharmaceutical Preparations
CYRX,CryoPort Inc. Common Stock,$17.35,-0.45,-2.528%,878,United States,,1365557,Health Care,Biotechnology: Pharmaceutical Preparations
ALMS,Alumis Inc. Common Stock,$6.77,-0.16,-2.309%,876,United States,2024,2170177,Health Care,Biotechnology: Pharmaceutical Preparations
JBIO,Jade Biosciences Inc. Common Stock,$13.77,0.36,2.685%,875,United States,2021,951287,Health Care,Biotechnology: Pharmaceutical Preparations
CRVS,Corvus Pharmaceuticals Inc. Common Stock,$10.41,-0.15,-1.420%,875,United States,2016,1157468,Health Care,Biotechnology: Pharmaceutical Preparations
ODTX,Odyssey Therapeutics Inc. Common Stock,$18.08,-0.05,-0.276%,868,United States,2026,264083,Health Care,Biotechnology: Biological Products (No Diagnostic Substances)
GLUE,Monte Rosa Therapeutics Inc. Common Stock,$10.17,0.3,3.040%,867,United States,2021,2081693,Health Care,Biotechnology: Biological Products (No Diagnostic Substances)
ABUS,Arbutus Biopharma Corporation Common Stock,$4.29,-0.19,-4.241%,848,Canada,,4790547,Health Care,Biotechnology: Pharmaceutical Preparations
SLBT,SL Science Holding Limited Ordinary Shares,$1.51,-0.01,-0.658%,846,Taiwan,,68414,Health Care,Biotechnology: Biological Products (No Diagnostic Substances)
QDEL,QuidelOrtho Corporation Common Stock,$12.31,-0.26,-2.068%,844,United States,,2456601,Health Care,Biotechnology: In Vitro & In Vivo Diagnostic Substances
AVBP,ArriVent BioPharma Inc. Common Stock,$16.89,1.8,11.928%,832,United States,2024,4335033,Health Care,Biotechnology: Pharmaceutical Preparations
OBX,Obsidian Therapeutics Inc. Common Stock,$13.20,-0.02,-0.151%,815,United States,,359047,Health Care,Biotechnology: Pharmaceutical Preparations
SANA,Sana Biotechnology Inc. Common Stock,$2.72,-0.03,-1.091%,814,United States,2021,4315491,Health Care,Biotechnology: Biological Products (No Diagnostic Substances)
ARDX,Ardelyx Inc. Common Stock,$3.26,-0.05,-1.511%,812,United States,2014,5389510,Health Care,Biotechnology: Pharmaceutical Preparations
IVA,Inventiva S.A. American Depository Shares,$3.37,-0.095,-2.746%,795,France,2020,2403614,Health Care,Biotechnology: Pharmaceutical Preparations
IMMX,Immix Biopharma Inc. Common Stock,$9.49,-0.15,-1.556%,786,United States,2021,1382104,Health Care,Biotechnology: Pharmaceutical Preparations
GYRE,Gyre Therapeutics Inc. Common Stock,$7.04,-0.04,-0.565%,785,United States,2006,99192,Health Care,Biotechnology: Pharmaceutical Preparations
LXRX,Lexicon Pharmaceuticals Inc. Common Stock,$1.76,0.01,0.571%,783,United States,,1100215,Health Care,Biotechnology: Pharmaceutical Preparations
GERN,Geron Corporation Common Stock,$1.20,-0.01,-0.826%,770,United States,1996,5140530,Health Care,Biotechnology: Pharmaceutical Preparations
HELP,Helus Pharma Inc. Common Stock,$10.51,-0.25,-2.323%,767,Canada,,832139,Health Care,Biotechnology: Pharmaceutical Preparations
ANNX,Annexon Inc. Common Stock,$4.01,-0.02,-0.496%,760,United States,2020,2450054,Health Care,Biotechnology: Pharmaceutical Preparations
CADL,Candel Therapeutics Inc. Common Stock,$9.82,-0.05,-0.507%,751,United States,2021,714975,Health Care,Biotechnology: Biological Products (No Diagnostic Substances)
APMD,Apnimed Inc. Common Stock,$18.04,-0.61,-3.271%,751,United States,2026,465662,Health Care,Biotechnology: Pharmaceutical Preparations
ATTO,Attovia Therapeutics Inc. Common Stock,$16.42,-1.08,-6.171%,749,United States,2026,515719,Health Care,Biotechnology: Biological Products (No Diagnostic Substances)
VSTM,Verastem Inc. Common Stock,$8.27,0.515,6.645%,748,United States,2012,3928586,Health Care,Biotechnology: Pharmaceutical Preparations
ACHV,Achieve Life Sciences Inc. Common Shares,$7.24,0.21,2.987%,745,United States,,1035949,Health Care,Biotechnology: In Vitro & In Vivo Diagnostic Substances
DNA,Ginkgo Bioworks Holdings Inc. Class A Common Stock,$11.47,-0.94,-7.575%,737,United States,2021,6457673,Health Care,Biotechnology: Biological Products (No Diagnostic Substances)
SLDB,Solid Biosciences Inc. Common Stock,$6.85,-0.07,-1.012%,734,United States,2018,744720,Health Care,Biotechnology: Biological Products (No Diagnostic Substances)
DSGN,Design Therapeutics Inc. Common Stock,$11.69,-0.28,-2.339%,731,United States,2021,344466,Health Care,Biotechnology: Pharmaceutical Preparations
AVTX,Avalo Therapeutics Inc. Common Stock,$13.58,-0.01,-0.074%,728,United States,2015,719038,Health Care,Biotechnology: Pharmaceutical Preparations
COLL,Collegium Pharmaceutical Inc. Common Stock,$21.93,0.05,0.229%,713,United States,2015,783493,Health Care,Biotechnology: Pharmaceutical Preparations
PRME,Prime Medicine Inc. Common Stock,$3.90,0.4,11.429%,707,United States,2022,11202479,Health Care,Biotechnology: Biological Products (No Diagnostic Substances)
NNNN,Anbio Biotechnology Class A Ordinary Shares,$4.90,0,0.000%,705,Germany,2025,36773,Health Care,Biotechnology: In Vitro & In Vivo Diagnostic Substances
WVE,Wave Life Sciences Inc. Common Stock,$3.54,0.02,0.568%,697,Singapore,2015,3052733,Health Care,Biotechnology: Pharmaceutical Preparations
FDMT,4D Molecular Therapeutics Inc. Common Stock,$12.59,0.03,0.239%,695,United States,2020,603585,Health Care,Biotechnology: Biological Products (No Diagnostic Substances)
OLMA,Olema Pharmaceuticals Inc. Common Stock,$7.94,0.02,0.253%,694,United States,2020,819472,Health Care,Biotechnology: Pharmaceutical Preparations
PHAR,Pharming Group N.V. ADS each representing 10 ordinary shares,$9.65,-0.03,-0.310%,681,Netherlands,,3838,Health Care,Biotechnology: Pharmaceutical Preparations
AURA,Aura Biosciences Inc. Common Stock,$6.46,0.29,4.700%,669,United States,2021,723737,Health Care,Biotechnology: Biological Products (No Diagnostic Substances)
NVCT,Nuvectis Pharma Inc. Common Stock,$20.29,0.26,1.298%,661,United States,2022,121103,Health Care,Biotechnology: Pharmaceutical Preparations
ZVRA,Zevra Therapeutics Inc. Common Stock,$11.08,0.35,3.262%,657,United States,,936526,Health Care,Biotechnology: Pharmaceutical Preparations
FTH,Faeth Therapeutics Inc. Common Stock,$24.92,-1.97,-7.326%,643,United States,2021,322650,Health Care,Biotechnology: Pharmaceutical Preparations
SGMT,Sagimet Biosciences Inc. Series A Common Stock,$8.88,0.12,1.370%,626,United States,2023,631658,Health Care,Biotechnology: Pharmaceutical Preparations
IRWD,Ironwood Pharmaceuticals Inc. Class A Common Stock,$3.75,0.12,3.306%,619,United States,2010,2051210,Health Care,Biotechnology: Pharmaceutical Preparations
CLYM,Climb Bio Inc. Common Stock,$10.71,0.03,0.281%,615,United States,2021,755822,Health Care,Biotechnology: Pharmaceutical Preparations
SLN,Silence Therapeutics Plc American Depository Share,$9.82,-0.01,-0.102%,610,United Kingdom,,1319580,Health Care,Biotechnology: Pharmaceutical Preparations
MPLT,MapLight Therapeutics Inc. Common Stock,$9.36,-0.33,-3.406%,606,United States,2025,275201,Health Care,Biotechnology: Pharmaceutical Preparations
FBIOP,Fortress Biotech Inc. 9.375% Series A Cumulative Redeemable Perpetual Preferred Stock,$18.03,-0.5508,-2.964%,601,United States,,4066,Health Care,Biotechnology: Pharmaceutical Preparations
AQST,Aquestive Therapeutics Inc. Common Stock,$4.62,0.01,0.217%,579,United States,2018,1357076,Health Care,Biotechnology: Pharmaceutical Preparations
DBVT,DBV Technologies S.A. American Depositary Shares,$9.77,-0.21,-2.104%,578,France,2014,535281,Health Care,Biotechnology: Biological Products (No Diagnostic Substances)
ETRA,Electra Therapeutics Inc. Common stock,$9.16,-0.66,-6.721%,574,United States,2026,407267,Health Care,Biotechnology: Biological Products (No Diagnostic Substances)
EVO,Evotec SE American Depositary Shares,$1.61,-0.02,-1.227%,572,Germany,2021,93140,Health Care,Biotechnology: Pharmaceutical Preparations
STTK,Shattuck Labs Inc. Common Stock,$5.66,-0.205,-3.498%,567,United States,2020,1109336,Health Care,Biotechnology: Pharmaceutical Preparations
CRMD,CorMedix Inc. Common Stock,$7.28,0,0.000%,567,United States,,833088,Health Care,Biotechnology: Pharmaceutical Preparations
MNPR,Monopar Therapeutics Inc. Common Stock,$83.78,4.21,5.291%,562,United States,2019,107162,Health Care,Biotechnology: Pharmaceutical Preparations
VALN,Valneva SE American Depositary Shares,$5.87,0.01,0.171%,556,France,2021,26271,Health Care,Biotechnology: Biological Products (No Diagnostic Substances)
CTMX,CytomX Therapeutics Inc. Common Stock,$2.55,-0.01,-0.391%,555,United States,2015,2341388,Health Care,Biotechnology: Pharmaceutical Preparations
PHAT,Phathom Pharmaceuticals Inc. Common Stock,$6.81,0.03,0.442%,550,United States,2019,1630682,Health Care,Biotechnology: Pharmaceutical Preparations
BLSM,BlossomHill Therapeutics Inc. Common Stock,$16.61,-0.68,-3.933%,527,United States,2026,253824,Health Care,Biotechnology: Pharmaceutical Preparations
OCS,Oculis Holding AG Ordinary shares,$8.50,-0.22,-2.523%,523,Switzerland,,173703,Health Care,Biotechnology: Pharmaceutical Preparations
NGNE,Neurogene Inc. Common Stock ,$25.87,0.42,1.650%,517,Canada,2014,114076,Health Care,Biotechnology: Pharmaceutical Preparations
ALT,Altimmune Inc. Common Stock,$2.66,-0.01,-0.375%,517,United States,,3168266,Health Care,Biotechnology: Pharmaceutical Preparations
EOLS,Evolus Inc. Common Stock,$7.74,0.36,4.878%,511,United States,2018,595209,Health Care,Biotechnology: Pharmaceutical Preparations
DRUG,Bright Minds Biosciences Inc. Common Stock,$52.00,3.75,7.772%,510,Canada,,688855,Health Care,Biotechnology: Pharmaceutical Preparations
PBYI,Puma Biotechnology Inc Common Stock,$9.81,0.31,3.263%,506,United States,,375342,Health Care,Biotechnology: Pharmaceutical Preparations
RGNX,REGENXBIO Inc. Common Stock,$7.59,0.145,1.946%,501,United States,2015,1004900,Health Care,Biotechnology: Biological Products (No Diagnostic Substances)
CBIO,Crescent Biopharma Inc. Common Stock,$13.49,-0.08,-0.590%,501,United States,2014,1049284,Health Care,Biotechnology: Pharmaceutical Preparations
ACRS,Aclaris Therapeutics Inc. Common Stock,$3.40,-0.3,-8.108%,500,United States,2015,9003242,Health Care,Biotechnology: Pharmaceutical Preparations
ALLO,Allogene Therapeutics Inc. Common Stock,$1.43,-0.03,-2.055%,494,United States,2018,3899770,Health Care,Biotechnology: Biological Products (No Diagnostic Substances)
ARVN,Arvinas Inc. Common Stock,$7.45,0.14,1.915%,487,United States,2018,601885,Health Care,Biotechnology: Pharmaceutical Preparations
AUTL,Autolus Therapeutics plc American Depositary Share,$1.81,0.02,1.117%,481,United Kingdom,2018,1551361,Health Care,Biotechnology: Biological Products (No Diagnostic Substances)
CTNM,Contineum Therapeutics Inc. Class A Common Stock,$12.73,0.08,0.632%,478,United States,2024,707736,Health Care,Biotechnology: Pharmaceutical Preparations
PROK,ProKidney Corp. Class A Ordinary Shares,$1.57,-0.03,-1.875%,474,United States,2021,832192,Health Care,Biotechnology: Biological Products (No Diagnostic Substances)
CAPR,Capricor Therapeutics Inc. Common Stock,$8.10,0.35,4.516%,470,United States,,2885535,Health Care,Biotechnology: Pharmaceutical Preparations
TKNO,Alpha Teknova Inc. Common Stock,$8.71,-0.04,-0.457%,467,United States,2021,267709,Health Care,Biotechnology: In Vitro & In Vivo Diagnostic Substances
ASMB,Assembly Biosciences Inc. Common Stock,$22.95,0.77,3.472%,467,United States,2010,190799,Health Care,Biotechnology: Pharmaceutical Preparations
OVID,Ovid Therapeutics Inc. Common Stock,$2.36,-0.01,-0.422%,460,United States,2017,1003748,Health Care,Biotechnology: Pharmaceutical Preparations
KMDA,Kamada Ltd. Ordinary Shares,$7.89,-0.22,-2.713%,455,Israel,2013,72849,Health Care,Biotechnology: Pharmaceutical Preparations
TECX,Tectonic Therapeutic Inc. Common Stock,$22.71,0.3,1.339%,443,United States,2018,300809,Health Care,Biotechnology: Biological Products (No Diagnostic Substances)
ENTX,Entera Bio Ltd. Ordinary Shares,$2.51,-0.02,-0.791%,436,Israel,2018,679482,Health Care,Biotechnology: Biological Products (No Diagnostic Substances)
PRTA,Prothena Corporation plc Ordinary Shares,$8.48,0.46,5.736%,435,United States,,690471,Health Care,Biotechnology: Pharmaceutical Preparations
SPRY,ARS Pharmaceuticals Inc. Common Stock,$4.36,0.065,1.513%,433,United States,2020,1297989,Health Care,Biotechnology: Pharmaceutical Preparations
AGMB,AgomAb Therapeutics NV American Depositary Shares,$8.80,-0.04,-0.452%,433,Belgium,2026,104945,Health Care,Biotechnology: Biological Products (No Diagnostic Substances)
DMAC,DiaMedica Therapeutics Inc. Common Stock,$7.99,-0.14,-1.722%,430,United States,2018,221242,Health Care,Biotechnology: Pharmaceutical Preparations
RZLT,Rezolute Inc. Common Stock (NV),$4.38,0.06,1.389%,423,United States,,1689874,Health Care,Biotechnology: Pharmaceutical Preparations
EDIT,Editas Medicine Inc. Common Stock,$2.75,0.02,0.733%,422,United States,2016,2265039,Health Care,Biotechnology: Biological Products (No Diagnostic Substances)
MYGN,Myriad Genetics Inc. Common Stock,$4.28,0,0.000%,409,United States,1995,1600253,Health Care,Biotechnology: In Vitro & In Vivo Diagnostic Substances
EIKN,Eikon Therapeutics Inc. Common Stock,$7.54,0.03,0.399%,408,United States,2026,920178,Health Care,Biotechnology: Biological Products (No Diagnostic Substances)
AVIR,Atea Pharmaceuticals Inc. Common Stock,$5.01,-0.06,-1.183%,401,United States,2020,264773,Health Care,Biotechnology: Pharmaceutical Preparations
ZURA,Zura Bio Limited Class A Ordinary Shares,$4.17,0.21,5.303%,399,Cayman Islands,,2084844,Health Care,Biotechnology: Biological Products (No Diagnostic Substances)
KYTX,Kyverna Therapeutics Inc. Common Stock,$6.17,0.01,0.162%,381,United States,2024,650565,Health Care,Biotechnology: Biological Products (No Diagnostic Substances)
IRD,Opus Genetics Inc. Common Stock,$4.41,0.03,0.685%,366,United States,,1840852,Health Care,Biotechnology: Pharmaceutical Preparations
GALT,Galectin Therapeutics Inc. Common Stock,$3.62,-0.14,-3.723%,365,United States,,176025,Health Care,Biotechnology: Pharmaceutical Preparations
FENC,Fennec Pharmaceuticals Inc. Common Stock,$10.36,0.01,0.097%,362,United States,,130801,Health Care,Biotechnology: Biological Products (No Diagnostic Substances)
ARCT,Arcturus Therapeutics Holdings Inc. Common Stock,$12.77,-0.235,-1.808%,362,Israel,2013,517846,Health Care,Biotechnology: Pharmaceutical Preparations
EBS,Emergent BioSolutions Inc. Common Stock,$7.07,0.12,1.727%,362,United States,2006,1235076,Health Care,Biotechnology: Pharmaceutical Preparations
TTRX,Turn Therapeutics Inc. Common Stock,$12.10,0.46,3.952%,360,United States,,176341,Health Care,Biotechnology: Pharmaceutical Preparations
ENTA,Enanta Pharmaceuticals Inc. Common Stock,$12.37,0.2,1.643%,360,United States,2013,191673,Health Care,Biotechnology: Pharmaceutical Preparations
CCCC,C4 Therapeutics Inc. Common Stock,$2.82,-0.06,-2.083%,346,United States,2020,2267871,Health Care,Biotechnology: Biological Products (No Diagnostic Substances)
RLMD,Relmada Therapeutics Inc. Common Stock,$3.25,-0.03,-0.915%,346,United States,,1497326,Health Care,Biotechnology: Pharmaceutical Preparations
ARTV,Artiva Biotherapeutics Inc. Common Stock,$7.00,-0.27,-3.714%,342,United States,2024,324587,Health Care,Biotechnology: Biological Products (No Diagnostic Substances)
AGEN,Agenus Inc. Common Stock,$7.57,0.08,1.068%,341,United States,2000,1155890,Health Care,Biotechnology: Biological Products (No Diagnostic Substances)
OCGN,Ocugen Inc. Common Stock,$1.00,-0.04,-3.846%,339,United States,2014,5221102,Health Care,Biotechnology: Biological Products (No Diagnostic Substances)
CABA,Cabaletta Bio Inc. Common Stock,$1.97,-0.05,-2.475%,334,United States,2019,2141793,Health Care,Biotechnology: Biological Products (No Diagnostic Substances)
SCTX,Scribe Therapeutics Inc. Common Stock,$17.57,1.24,7.593%,332,United States,2026,421786,Health Care,Biotechnology: Biological Products (No Diagnostic Substances)
CYPH,Cypherpunk Technologies Inc. Common Stock,$3.05,-0.21,-6.442%,328,United States,,8114000,Health Care,Biotechnology: Pharmaceutical Preparations
BNTC,Benitec Biopharma Inc. Common Stock,$8.99,-0.01,-0.111%,313,United States,2015,190068,Health Care,Biotechnology: Pharmaceutical Preparations
PRLD,Prelude Therapeutics Incorporated Common Stock,$3.83,0.02,0.525%,305,United States,2020,454706,Health Care,Biotechnology: Pharmaceutical Preparations
INDP,Indaptus Therapeutics Inc. Common Stock,$2.26,-0.33,-12.741%,301,United States,,589349,Health Care,Biotechnology: Pharmaceutical Preparations
SRZN,Surrozen Inc. Common Stock,$25.14,-1.225,-4.645%,295,United States,,374298,Health Care,Biotechnology: Biological Products (No Diagnostic Substances)
ABEO,Abeona Therapeutics Inc. Common Stock,$5.08,0.07,1.397%,290,United States,,738353,Health Care,Biotechnology: Pharmaceutical Preparations
BIOA,BioAge Labs Inc. Common Stock,$6.26,-0.03,-0.477%,287,United States,2024,799986,Health Care,Biotechnology: Pharmaceutical Preparations
LRMR,Larimar Therapeutics Inc. Common Stock,$2.75,-0.03,-1.079%,285,United States,2014,718008,Health Care,Biotechnology: Pharmaceutical Preparations
CATX,Perspective Therapeutics Inc. Common Stock,$2.46,0.1,4.237%,280,United States,,1285804,Health Care,Biotechnology: Pharmaceutical Preparations
FULC,Fulcrum Therapeutics Inc. Common Stock,$3.67,-0.02,-0.542%,280,United States,2019,1041525,Health Care,Biotechnology: Pharmaceutical Preparations
XFOR,X4 Pharmaceuticals Inc. Common Stock,$2.81,0.04,1.444%,278,United States,2017,435391,Health Care,Biotechnology: Biological Products (No Diagnostic Substances)
RCKT,Rocket Pharmaceuticals Inc. Common Stock,$2.54,0.055,2.218%,278,United States,2015,2808746,Health Care,Biotechnology: Pharmaceutical Preparations
BBOT,BridgeBio Oncology Therapeutics Inc. Common Stock  ,$3.44,-0.06,-1.714%,275,United States,2024,321391,Health Care,Biotechnology: Pharmaceutical Preparations
VNDA,Vanda Pharmaceuticals Inc. Common Stock,$4.56,0.04,0.885%,275,United States,2006,758368,Health Care,Biotechnology: Pharmaceutical Preparations
LXEO,Lexeo Therapeutics Inc. Common Stock,$3.31,0.01,0.303%,271,United States,2023,1195152,Health Care,Biotechnology: Biological Products (No Diagnostic Substances)
IKT,Inhibikase Therapeutics Inc. Common Stock,$1.94,-0.04,-2.020%,270,United States,2020,444051,Health Care,Biotechnology: Biological Products (No Diagnostic Substances)
SABS,SAB Biotherapeutics Inc. Common Stock,$2.88,-0.05,-1.706%,262,United States,2021,681685,Health Care,Biotechnology: Biological Products (No Diagnostic Substances)
ACIU,AC Immune SA Common Stock,$2.57,0.05,1.984%,261,Switzerland,2016,125089,Health Care,Biotechnology: Pharmaceutical Preparations
BCYC,Bicycle Therapeutics plc American Depositary Shares,$3.73,-0.06,-1.583%,261,United Kingdom,2019,479639,Health Care,Biotechnology: Pharmaceutical Preparations
PALI,Palisade Bio Inc. Common Stock,$1.48,-0.01,-0.671%,257,United States,,825246,Health Care,Biotechnology: Biological Products (No Diagnostic Substances)
FATE,Fate Therapeutics Inc. Common Stock,$2.15,-0.14,-6.114%,257,United States,2013,863023,Health Care,Biotechnology: Biological Products (No Diagnostic Substances)
AMRN,Amarin Corporation plc,$12.02,-0.05,-0.414%,253,Ireland,,74949,Health Care,Biotechnology: Pharmaceutical Preparations
UPB,Upstream Bio Inc. Common Stock,$4.61,0.02,0.436%,252,United States,2024,908411,Health Care,Biotechnology: Pharmaceutical Preparations
IMRX,Immuneering Corporation Class A Common Stock,$3.86,0.03,0.783%,249,United States,2021,747738,Health Care,Biotechnology: Pharmaceutical Preparations
LFCR,Lifecore Biomedical Inc. Common Stock,$6.44,-0.01,-0.155%,243,United States,,1720281,Health Care,Biotechnology: Pharmaceutical Preparations
STRO,Sutro Biopharma Inc. Common Stock,$14.66,0.21,1.453%,243,United States,2018,232603,Health Care,Biotechnology: Biological Products (No Diagnostic Substances)
AKBA,Akebia Therapeutics Inc. Common Stock,$0.87,-0.0051,-0.581%,242,United States,2014,9163947,Health Care,Biotechnology: Pharmaceutical Preparations
ZNTL,Zentalis Pharmaceuticals Inc. Common Stock,$2.55,-0.12,-4.494%,241,United States,2020,820094,Health Care,Biotechnology: Pharmaceutical Preparations
CAMP,CAMP4 Therapeutics Corporation Common Stock,$3.84,-0.12,-3.030%,240,United States,2024,148502,Health Care,Biotechnology: Pharmaceutical Preparations
VOGX,Vogenx Inc Common Stock,$16.16,-0.23,-1.403%,240,United States,2026,237872,Health Care,Biotechnology: Pharmaceutical Preparations
LCTX,Lineage Cell Therapeutics Inc. Common Stock,$0.95,0.0097,1.034%,239,United States,,1477422,Health Care,Biotechnology: Biological Products (No Diagnostic Substances)
PYXS,Pyxis Oncology Inc. Common Stock,$2.01,-0.01,-0.495%,239,United States,2021,957998,Health Care,Biotechnology: Pharmaceutical Preparations
QTTB,Q32 Bio Inc. Common Stock,$7.99,-0.12,-1.480%,237,United States,2018,570171,Health Care,Biotechnology: Pharmaceutical Preparations
SLGL,Sol-Gel Technologies Ltd. Ordinary Shares,$71.94,-3.695,-4.885%,235,Israel,2018,31337,Health Care,Biotechnology: Pharmaceutical Preparations
SIGA,SIGA Technologies Inc. Common Stock,$3.26,-0.03,-0.912%,234,United States,,428913,Health Care,Biotechnology: Pharmaceutical Preparations
IPSC,Century Therapeutics Inc. Common Stock,$1.28,-0.04,-3.030%,231,United States,2021,706910,Health Care,Biotechnology: Biological Products (No Diagnostic Substances)
PRQR,ProQR Therapeutics N.V. Ordinary Shares,$1.63,-0.02,-1.212%,230,Netherlands,2014,406030,Health Care,Biotechnology: Pharmaceutical Preparations
IFRX,InflaRx N.V. Common Stock,$1.56,-0.02,-1.266%,229,Germany,2017,460361,Health Care,Biotechnology: Pharmaceutical Preparations
MGNX,MacroGenics Inc. Common Stock,$3.55,-0.09,-2.473%,226,United States,2013,509983,Health Care,Biotechnology: Pharmaceutical Preparations
GLSI,Greenwich LifeSciences Inc. Common Stock,$15.39,-0.4,-2.533%,225,United States,2020,147572,Health Care,Biotechnology: Pharmaceutical Preparations
EVMN,Evommune Inc. Common Stock,$6.22,-0.39,-5.900%,225,United States,2025,2112505,Health Care,Biotechnology: Pharmaceutical Preparations
KROS,Keros Therapeutics Inc. Common Stock,$11.21,0.2,1.817%,222,United States,2020,195974,Health Care,Biotechnology: Pharmaceutical Preparations
NATR,Nature's Sunshine Products Inc. Common Stock,$12.59,0.05,0.399%,221,United States,,107951,Health Care,Biotechnology: Pharmaceutical Preparations
TRDA,Entrada Therapeutics Inc. Common Stock,$5.61,0.19,3.506%,218,United States,2021,297522,Health Care,Biotechnology: Pharmaceutical Preparations
PLX,Protalix BioTherapeutics Inc. (DE) Common Stock,$2.71,-0.02,-0.733%,218,Israel,,794742,Health Care,Biotechnology: Biological Products (No Diagnostic Substances)
SION,Sionna Therapeutics Inc. Common Stock,$4.82,0.07,1.474%,217,United States,2025,880235,Health Care,Biotechnology: Pharmaceutical Preparations
IVVD,Invivyd Inc. Common Stock,$0.73,-0.0778,-9.648%,214,United States,2021,9468318,Health Care,Biotechnology: Biological Products (No Diagnostic Substances)
ALEC,Alector Inc. Common Stock,$1.92,0.11,6.077%,214,United States,2019,3972789,Health Care,Biotechnology: Biological Products (No Diagnostic Substances)
LYEL,Lyell Immunopharma Inc. Common Stock,$8.56,-0.05,-0.581%,209,United States,2021,184676,Health Care,Biotechnology: Pharmaceutical Preparations
CGEN,Compugen Ltd. Ordinary Shares,$2.15,-0.07,-3.153%,203,Israel,2000,201817,Health Care,Biotechnology: Biological Products (No Diagnostic Substances)
RNAC,Cartesian Therapeutics Inc. Common Stock,$6.68,-0.07,-1.037%,202,United States,2016,86420,Health Care,Biotechnology: Pharmaceutical Preparations
ELDN,Eledon Pharmaceuticals Inc. Common Stock,$2.42,-0.03,-1.224%,196,United States,2014,583622,Health Care,Biotechnology: Pharmaceutical Preparations
WHWK,Whitehawk Therapeutics Inc. Common Stock,$3.41,-0.2,-5.540%,194,United States,,435731,Health Care,Biotechnology: Pharmaceutical Preparations
ADAG,Adagene Inc. American Depositary Shares,$2.81,-0.12,-4.096%,185,China,2021,173070,Health Care,Biotechnology: Pharmaceutical Preparations
NGEN,NervGen Pharma Corp. Common stock,$1.74,-0.01,-0.571%,185,Canada,,231517,Health Care,Biotechnology: Pharmaceutical Preparations
CMPX,Compass Therapeutics Inc. Common Stock,$1.02,0.0219,2.194%,183,United States,,2792615,Health Care,Biotechnology: Biological Products (No Diagnostic Substances)
ANTX,AN2 Therapeutics Inc. Common Stock,$4.85,-0.22,-4.339%,183,United States,2022,365262,Health Care,Biotechnology: Pharmaceutical Preparations
ORMP,Oramed Pharmaceuticals Inc. Common Stock,$4.37,-0.01,-0.228%,181,Israel,,84771,Health Care,Biotechnology: Pharmaceutical Preparations
ADCT,ADC Therapeutics SA Common Shares,$1.42,0.15,11.811%,181,Switzerland,2020,1750783,Health Care,Biotechnology: Pharmaceutical Preparations
CNTN,Canton Strategic Holdings Inc. Common Stock,$2.26,-0.08,-3.419%,180,United States,2022,711343,Health Care,Biotechnology: Pharmaceutical Preparations
YARW,Yarrow Bioscience Inc. Common Stock,$18.77,0.045,0.240%,174,United States,2018,140561,Health Care,Biotechnology: Pharmaceutical Preparations
DTIL,Precision BioSciences Inc. Common Stock,$6.25,0.05,0.806%,172,United States,2019,162531,Health Care,Biotechnology: Biological Products (No Diagnostic Substances)
ORGO,Organogenesis Holdings Inc. Class A Common Stock,$1.32,-0.02,-1.493%,169,United States,2016,772033,Health Care,Biotechnology: Pharmaceutical Preparations
IPHA,Innate Pharma S.A. ADS,$1.52,-0.07,-4.403%,169,France,2019,13821,Health Care,Biotechnology: Biological Products (No Diagnostic Substances)
VRXA,Veraxa Biotech AG Ordinary Shares,$1.20,0.12,11.111%,169,Switzerland,,751610,Health Care,Biotechnology: Pharmaceutical Preparations
DERM,Journey Medical Corporation Common Stock,$5.95,-0.21,-3.409%,167,United States,2021,205432,Health Care,Biotechnology: Pharmaceutical Preparations
PEPG,PepGen Inc. Common Stock,$2.40,0.09,3.896%,166,United States,2022,642785,Health Care,Biotechnology: Pharmaceutical Preparations
CUE,Cue Biopharma Inc. Common Stock,$22.51,-0.63,-2.723%,163,United States,2018,133200,Health Care,Biotechnology: Pharmaceutical Preparations
NKTX,Nkarta Inc. Common Stock,$2.27,-0.04,-1.732%,162,United States,2020,566533,Health Care,Biotechnology: Pharmaceutical Preparations
MSLE,Satellos Bioscience Inc. Common Stock,$7.63,0.09,1.194%,161,Canada,,47677,Health Care,Biotechnology: Pharmaceutical Preparations
CRDL,Cardiol Therapeutics Inc. Class A Common Shares,$1.32,0.01,0.763%,159,Canada,,3752487,Health Care,Biotechnology: Biological Products (No Diagnostic Substances)
NBP,NovaBridge Biosciences American Depositary Shares,$1.37,-0.03,-2.143%,158,China,2020,353922,Health Care,Biotechnology: Pharmaceutical Preparations
MENS,Jyong Biotech Ltd. Ordinary Shares,$2.06,0.04,1.980%,156,Taiwan,2025,26844,Health Care,Biotechnology: Pharmaceutical Preparations
ALXO,ALX Oncology Holdings Inc. Common Stock,$1.13,0.02,1.802%,156,United States,2020,764271,Health Care,Biotechnology: Pharmaceutical Preparations
NERV,Minerva Neurosciences Inc Common Stock,$3.27,-0.16,-4.665%,156,United States,2014,106476,Health Care,Biotechnology: Pharmaceutical Preparations
CHRS,Coherus Oncology Inc. Common Stock,$1.01,-0.02,-1.942%,156,United States,2014,1234378,Health Care,Biotechnology: Biological Products (No Diagnostic Substances)
KRRO,Korro Bio Inc. Common Stock,$10.49,0.73,7.480%,154,United States,2019,157011,Health Care,Biotechnology: Pharmaceutical Preparations
TARA,Protara Therapeutics Inc.  Common Stock,$2.59,0.035,1.370%,153,United States,2014,731361,Health Care,Biotechnology: Biological Products (No Diagnostic Substances)
VYGR,Voyager Therapeutics Inc. Common Stock,$2.47,0.01,0.407%,152,United States,2015,763248,Health Care,Biotechnology: Biological Products (No Diagnostic Substances)
ABOS,Acumen Pharmaceuticals Inc. Common Stock,$2.10,0.07,3.448%,151,United States,2021,623100,Health Care,Biotechnology: Biological Products (No Diagnostic Substances)
KZIA,Kazia Therapeutics Limited American Depositary Shares,$9.29,0.03,0.324%,144,Australia,,133547,Health Care,Biotechnology: Pharmaceutical Preparations
SDEV,Stablecoin Development Corporation Common Stock,$2.78,-0.47,-14.462%,143,United States,,25304538,Health Care,Biotechnology: Pharmaceutical Preparations
OTLK,Outlook Therapeutics Inc. Common Stock,$0.59,0.018,3.147%,143,United States,2016,4235085,Health Care,Biotechnology: Biological Products (No Diagnostic Substances)
MOLN,Molecular Partners AG American Depositary Shares,$3.81,0.03,0.794%,142,Switzerland,2021,391,Health Care,Biotechnology: Biological Products (No Diagnostic Substances)
AVXL,Anavex Life Sciences Corp. Common Stock,$1.53,-0.07,-4.375%,141,United States,,1336377,Health Care,Biotechnology: Biological Products (No Diagnostic Substances)
ARMP,Armata Pharmaceuticals Inc. Common Stock,$3.81,-0.04,-1.039%,141,United States,,103696,Health Care,Biotechnology: Biological Products (No Diagnostic Substances)
TLSA,Tiziana Life Sciences Ltd. Common Shares,$1.10,-0.01,-0.901%,139,United Kingdom,2018,384755,Health Care,Biotechnology: Pharmaceutical Preparations
RNA,Atrium Therapeutics Inc. Common Stock,$7.93,-0.06,-0.751%,135,United States,,91830,Health Care,Biotechnology: Pharmaceutical Preparations
OGI,Organigram Global Inc. Common Shares,$0.96,-0.0101,-1.041%,135,Canada,,293910,Health Care,Biotechnology: Pharmaceutical Preparations
CLLS,Cellectis S.A. American Depositary Shares,$1.34,-0.06,-4.286%,134,France,2015,62462,Health Care,Biotechnology: Pharmaceutical Preparations
HUMA,Humacyte Inc. Common Stock,$0.47,-0.0057,-1.192%,131,United States,2020,3912868,Health Care,Biotechnology: Biological Products (No Diagnostic Substances)
TNXP,Tonix Pharmaceuticals Holding Corp. Common Stock,$7.55,-0.145,-1.884%,129,United States,,709418,Health Care,Biotechnology: Pharmaceutical Preparations
SPRB,Spruce Biosciences Inc. Common Stock,$44.40,1.615,3.775%,127,United States,2020,59714,Health Care,Biotechnology: Pharmaceutical Preparations
HURA,TuHURA Biosciences Inc. Common Stock,$1.98,0.03,1.538%,126,United States,,140467,Health Care,Biotechnology: Pharmaceutical Preparations
NRXP,NRX Pharmaceuticals Inc. Common Stock,$2.90,-0.04,-1.361%,125,United States,2017,405087,Health Care,Biotechnology: Pharmaceutical Preparations
BGM,BGM Group Ltd. Class A Ordinary Shares,$9.39,-0.26,-2.694%,125,China,2021,1788,Health Care,Biotechnology: Pharmaceutical Preparations
FHTX,Foghorn Therapeutics Inc. Common Stock,$2.09,0.12,6.091%,124,United States,2020,917133,Health Care,Biotechnology: Pharmaceutical Preparations
VTVT,vTv Therapeutics Inc. Class A Common Stock,$31.01,0.98,3.263%,122,United States,2015,26122,Health Care,Biotechnology: Pharmaceutical Preparations
QUCY,Quantum Cyber N.V. Ordinary Shares,$1.43,0.14,10.853%,120,Germany,2021,1464664,Health Care,Biotechnology: Pharmaceutical Preparations
TNYA,Tenaya Therapeutics Inc. Common Stock,$0.53,-0.0131,-2.397%,119,United States,2021,3728089,Health Care,Biotechnology: Biological Products (No Diagnostic Substances)
INO,Inovio Pharmaceuticals Inc. Common Stock,$1.16,0.025,2.212%,119,United States,,2796982,Health Care,Biotechnology: Pharmaceutical Preparations
ENGN,enGene Therapeutics Inc. Common Stock,$1.75,-0.055,-3.056%,116,Canada,,708291,Health Care,Biotechnology: Biological Products (No Diagnostic Substances)
UNCY,Unicycive Therapeutics Inc. Common Stock,$4.18,-0.05,-1.182%,116,United States,2021,590784,Health Care,Biotechnology: Pharmaceutical Preparations
COYA,Coya Therapeutics Inc. Common Stock,$4.91,0.06,1.237%,115,United States,2022,95518,Health Care,Biotechnology: Pharmaceutical Preparations
GNLX,Genelux Corporation Common Stock,$2.52,-0.02,-0.787%,114,United States,2023,550983,Health Care,Biotechnology: Pharmaceutical Preparations
LENZ,LENZ Therapeutics Inc. Common Stock,$3.62,-0.17,-4.485%,113,United States,2021,515513,Health Care,Biotechnology: Biological Products (No Diagnostic Substances)
PMVP,PMV Pharmaceuticals Inc. Common Stock,$1.50,-0.11,-6.832%,113,United States,2020,607444,Health Care,Biotechnology: Pharmaceutical Preparations
IMDX,Insight Molecular Diagnostics Inc. Common Stock,$3.46,0.08,2.367%,113,United States,,153880,Health Care,Biotechnology: In Vitro & In Vivo Diagnostic Substances
RANI,Rani Therapeutics Holdings Inc. Class A Common Stock,$0.81,-0.0167,-2.015%,113,United States,2021,232221,Health Care,Biotechnology: Pharmaceutical Preparations
AARD,Aardvark Therapeutics Inc. Common Stock,$4.96,-0.08,-1.587%,108,United States,2025,212136,Health Care,Biotechnology: Pharmaceutical Preparations
CRBP,Corbus Pharmaceuticals Holdings Inc. Common Stock,$5.49,-0.29,-5.017%,106,United States,,1242085,Health Care,Biotechnology: Pharmaceutical Preparations
BDTX,Black Diamond Therapeutics Inc. Common Stock,$1.83,0.03,1.667%,105,United States,2020,563518,Health Care,Biotechnology: Biological Products (No Diagnostic Substances)
PLYX,Polaryx Therapeutics Inc. Common Stock,$2.09,-0.01,-0.476%,104,United States,,11401,Health Care,Biotechnology: Pharmaceutical Preparations
IMUX,Immunic Inc. Common Stock,$7.63,-0.19,-2.430%,104,United States,2014,381281,Health Care,Biotechnology: Pharmaceutical Preparations
CPIX,Cumberland Pharmaceuticals Inc. Common Stock,$6.89,-0.25,-3.501%,103,United States,2009,24606,Health Care,Biotechnology: Pharmaceutical Preparations
ANIX,Anixa Biosciences Inc. Common Stock,$2.95,-0.07,-2.318%,102,United States,,245255,Health Care,Biotechnology: Pharmaceutical Preparations
BMEA,Biomea Fusion Inc. Common Stock,$1.32,0.07,5.600%,95,United States,2021,836146,Health Care,Biotechnology: Pharmaceutical Preparations
OKUR,OnKure Therapeutics Inc. Class A Common Stock,$2.35,-0.11,-4.472%,95,United States,2021,260723,Health Care,Biotechnology: Pharmaceutical Preparations
MIST,Milestone Pharmaceuticals Inc. Common Shares,$0.76,-0.007,-0.916%,94,Canada,2019,893572,Health Care,Biotechnology: Pharmaceutical Preparations
ATRA,Atara Biotherapeutics Inc. Common Stock,$9.37,-0.38,-3.897%,94,United States,2014,11462,Health Care,Biotechnology: Biological Products (No Diagnostic Substances)
RLYB,Rallybio Corporation Common Stock,$16.93,-0.15,-0.878%,89,United States,2021,7465,Health Care,Biotechnology: Pharmaceutical Preparations
CGTX,Cognition Therapeutics Inc. Common Stock,$0.94,-0.0034,-0.362%,89,United States,2021,201722,Health Care,Biotechnology: Biological Products (No Diagnostic Substances)
EQ,Equillium Inc. Common Stock,$1.39,-0.03,-2.113%,88,United States,2018,343332,Health Care,Biotechnology: Pharmaceutical Preparations
ICCC,ImmuCell Corporation Common Stock,$9.69,-0.28,-2.808%,88,United States,1987,5166,Health Care,Biotechnology: In Vitro & In Vivo Diagnostic Substances
NMRA,Neumora Therapeutics Inc. Common Stock,$0.47,-0.0027,-0.573%,87,United States,2023,2756516,Health Care,Biotechnology: Biological Products (No Diagnostic Substances)
CRDF,Cardiff Oncology Inc. Common Stock,$1.09,0.02,1.869%,84,United States,,457842,Health Care,Biotechnology: Biological Products (No Diagnostic Substances)
TELO,Telomir Pharmaceuticals Inc. Common Stock,$1.12,-0.08,-6.667%,82,United States,2024,124801,Health Care,Biotechnology: Pharmaceutical Preparations
PMN,ProMIS Neurosciences Inc. Common Shares (ON),$9.12,-0.09,-0.977%,81,Canada,,25171,Health Care,Biotechnology: Pharmaceutical Preparations
NTHI,NeOnc Technologies Holdings Inc. Common Stock,$2.71,-0.28,-9.365%,80,United States,,228773,Health Care,Biotechnology: Pharmaceutical Preparations
ACRV,Acrivon Therapeutics Inc. Common Stock,$1.88,0.02,1.075%,80,United States,2022,283467,Health Care,Biotechnology: Pharmaceutical Preparations
PTHS,Pelthos Therapeutics Inc. Common Stock,$20.99,-0.49,-2.281%,80,,2024,17670,Health Care,Biotechnology: Biological Products (No Diagnostic Substances)
MNOV,Medicinova Inc Common Stock,$1.61,-0.04,-2.424%,79,United States,,78126,Health Care,Biotechnology: Pharmaceutical Preparations
CTOR,Citius Oncology Inc. Common Stock,$0.85,0.001,0.118%,79,United States,2022,105509,Health Care,Biotechnology: Pharmaceutical Preparations
ONCY,Oncolytics Biotech Inc. Common Stock,$0.60,-0.0022,-0.368%,78,Canada,,669472,Health Care,Biotechnology: Pharmaceutical Preparations
GRML,Greenland Mines Ltd. Common Stock,$5.83,-0.55,-8.621%,77,United States,2022,1829934,Health Care,Biotechnology: Biological Products (No Diagnostic Substances)
PDSB,PDS Biotechnology Corporation Common Stock,$1.06,0.02,1.914%,77,United States,2015,5604620,Health Care,Biotechnology: Pharmaceutical Preparations
INCR,Intercure Ltd. Ordinary Shares,$5.13,-0.19,-3.571%,76,Israel,,7781,Health Care,Biotechnology: Pharmaceutical Preparations
RFL,Rafael Holdings Inc. Class B Common Stock,$1.48,-0.01,-0.671%,76,United States,2018,55448,Health Care,Biotechnology: Pharmaceutical Preparations
LFVN,Lifevantage Corporation Common Stock (Delaware),$6.00,-0.04,-0.662%,75,United States,,25059,Health Care,Biotechnology: Pharmaceutical Preparations
OKYO,OKYO Pharma Limited Ordinary Shares,$1.41,-0.05,-3.425%,73,Guernsey,2022,33743,Health Care,Biotechnology: Biological Products (No Diagnostic Substances)
HRTX,Heron Therapeutics Inc. Common Stock,$0.38,0.0526,15.858%,72,United States,,3676109,Health Care,Biotechnology: Pharmaceutical Preparations
GANX,Gain Therapeutics Inc. Common Stock,$1.67,0,0.000%,72,United States,2021,373942,Health Care,Biotechnology: Pharmaceutical Preparations
MAIA,MAIA Biotechnology Inc. Common Stock,$1.18,-0.01,-0.840%,72,,2022,359684,Health Care,Biotechnology: Pharmaceutical Preparations
OSTX,OS Therapies Incorporated Common Stock,$1.55,0.06,4.027%,72,,2024,586760,Health Care,Biotechnology: Pharmaceutical Preparations
TENX,Tenax Therapeutics Inc. Common Stock,$1.91,-0.02,-1.036%,71,United States,,701632,Health Care,Biotechnology: Pharmaceutical Preparations
VRCA,Verrica Pharmaceuticals Inc. Common Stock,$4.14,-0.07,-1.663%,71,United States,2018,47659,Health Care,Biotechnology: Pharmaceutical Preparations
CING,Cingulate Inc. Common Stock,$4.87,-0.02,-0.409%,70,United States,2021,115684,Health Care,Biotechnology: Pharmaceutical Preparations
HYFT,MindWalk Holdings Corp. Common Stock,$1.50,-0.05,-3.226%,70,Canada,,322147,Health Care,Biotechnology: Pharmaceutical Preparations
NMAD,Nomad Power Solutions Inc. Common Stock,$4.25,-0.095,-2.186%,68,United States,,126202,Health Care,Biotechnology: Pharmaceutical Preparations
SPRO,Spero Therapeutics Inc. Common Stock,$1.17,-0.02,-1.681%,68,United States,2017,236676,Health Care,Biotechnology: Pharmaceutical Preparations
RNTX,Rein Therapeutics Inc. Common Stock,$0.79,-0.0363,-4.400%,68,United States,2017,446973,Health Care,Biotechnology: Pharmaceutical Preparations
FBIO,Fortress Biotech Inc. Common Stock,$2.04,-0.01,-0.488%,68,United States,,146204,Health Care,Biotechnology: Pharmaceutical Preparations
CSBR,Champions Oncology Inc. Common Stock,$4.88,-0.13,-2.595%,67,United States,,27225,Health Care,Biotechnology: Biological Products (No Diagnostic Substances)
XBIT,XBiotech Inc. Common Stock,$2.19,0.03,1.389%,66,United States,2015,100383,Health Care,Biotechnology: Pharmaceutical Preparations
CRBU,Caribou Biosciences Inc. Common Stock,$0.62,-0.5176,-45.604%,66,United States,2021,37510176,Health Care,Biotechnology: Biological Products (No Diagnostic Substances)
IBIO,iBio Inc. Common Stock,$1.01,-0.04,-3.810%,64,United States,,2708602,Health Care,Biotechnology: Pharmaceutical Preparations
APLM,Apollomics Inc. Class A Ordinary Shares,$21.50,-0.6,-2.715%,62,United States,,6628,Health Care,Biotechnology: Pharmaceutical Preparations
GOSS,Gossamer Bio Inc. Common Stock,$10.18,-0.6,-5.566%,62,United States,2019,280694,Health Care,Biotechnology: Pharmaceutical Preparations
RNXT,RenovoRx Inc. Common Stock,$1.37,-0.02,-1.439%,61,United States,2021,594626,Health Care,Biotechnology: Pharmaceutical Preparations
PLRX,Pliant Therapeutics Inc. Common Stock,$0.99,-0.04,-3.883%,61,United States,2020,756508,Health Care,Biotechnology: Pharmaceutical Preparations
KLRS,Kalaris Therapeutics Inc. Common Stock,$2.56,-0.1,-3.759%,60,United States,2020,74123,Health Care,Biotechnology: Biological Products (No Diagnostic Substances)
ATHE,Alterity Therapeutics Limited American Depositary Shares,$3.32,-0.05,-1.484%,60,Australia,,19349,Health Care,Biotechnology: Pharmaceutical Preparations
ELOX,Eloxx Pharmaceuticals Inc. Common Stock,$14.88,-0.25,-1.652%,60,United States,,14604,Health Care,Biotechnology: Biological Products (No Diagnostic Substances)
BOLD,Boundless Bio Inc. Common Stock,$2.64,0.07,2.724%,60,United States,2024,116898,Health Care,Biotechnology: Pharmaceutical Preparations
CNTB,Connect Biopharma Holdings Limited Ordinary Shares,$0.94,0.0393,4.341%,59,China,2021,1224853,Health Care,Biotechnology: Pharmaceutical Preparations
XLO,Xilio Therapeutics Inc. Common Stock,$9.01,0.01,0.111%,59,United States,2021,888,Health Care,Biotechnology: Pharmaceutical Preparations
INKT,MiNK Therapeutics Inc. Common Stock,$11.42,-0.28,-2.393%,58,United States,2021,13904,Health Care,Biotechnology: Biological Products (No Diagnostic Substances)
ACET,Adicet Bio Inc. Common Stock,$6.18,-0.07,-1.120%,57,United States,2018,214319,Health Care,Biotechnology: Pharmaceutical Preparations
ALDX,Aldeyra Therapeutics Inc. Common Stock,$0.96,0.0427,4.662%,57,United States,2014,1287919,Health Care,Biotechnology: Pharmaceutical Preparations
MREO,Mereo BioPharma Group plc American Depositary Shares,$0.35,0.0027,0.771%,56,United Kingdom,,1139481,Health Care,Biotechnology: Pharmaceutical Preparations
CLNN,Clene Inc. Common Stock,$3.92,0.05,1.292%,55,United States,,40905,Health Care,Biotechnology: Pharmaceutical Preparations
HYPD,Hyperion DeFi Inc. Common Stock,$3.59,-0.23,-6.021%,55,United States,2018,357694,Health Care,Biotechnology: Pharmaceutical Preparations
ZYBT,Zhengye Biotechnology Holding Limited Class A Ordinary Shares,$1.16,0.05,4.505%,54,China,2025,31746,Health Care,Biotechnology: Pharmaceutical Preparations
LONA,LeonaBio Inc. Common Stock,$5.83,0.08,1.391%,54,United States,2020,178066,Health Care,Biotechnology: Biological Products (No Diagnostic Substances)
TLPH,Talphera Inc. Common Stock,$1.05,-0.06,-5.405%,54,United States,2011,270229,Health Care,Biotechnology: Pharmaceutical Preparations
EDSA,Edesa Biotech Inc. Common Shares,$3.90,0.175,4.704%,52,United States,,20198,Health Care,Biotechnology: Pharmaceutical Preparations
IMA,ImageneBio Inc. Common Stock,$4.61,0.01,0.217%,52,United States,2021,2246,Health Care,Biotechnology: Biological Products (No Diagnostic Substances)
ANVS,Annovis Bio Inc. Common Stock,$1.21,0.03,2.542%,51,United States,2020,430025,Health Care,Biotechnology: Pharmaceutical Preparations
INMB,INmune Bio Inc. Common stock,$1.86,-0.01,-0.535%,51,United States,2019,104384,Health Care,Biotechnology: Biological Products (No Diagnostic Substances)
EXOZ,eXoZymes Inc. Common Stock,$5.54,0.02,0.362%,51,United States,2024,7555,Health Care,Biotechnology: Biological Products (No Diagnostic Substances)
SER,Serina Therapeutics Inc. Common Stock,$2.01,-0.03,-1.471%,51,United States,2018,13187,Health Care,Biotechnology: Pharmaceutical Preparations
ELTX,Elicio Therapeutics Inc. Common Stock,$1.85,-0.03,-1.596%,48,United States,2021,138947,Health Care,Biotechnology: Pharmaceutical Preparations
DWTX,Dogwood Therapeutics Inc. Common Stock,$1.43,-0.09,-5.921%,48,United States,2020,50521,Health Care,Biotechnology: Pharmaceutical Preparations
CRVO,CervoMed Inc. Common Stock,$3.18,-0.16,-4.790%,48,United States,,309484,Health Care,Biotechnology: Pharmaceutical Preparations
CELU,Celularity Inc. Class A Common Stock,$1.47,-0.11,-6.962%,47,United States,2019,68950,Health Care,Biotechnology: Pharmaceutical Preparations
SCYX,SCYNEXIS Inc. Common Stock,$4.78,-0.06,-1.240%,47,United States,2014,80849,Health Care,Biotechnology: Pharmaceutical Preparations
TIL,Instil Bio Inc. Common Stock,$6.90,0.015,0.218%,46,United States,2021,7278,Health Care,Biotechnology: Biological Products (No Diagnostic Substances)
HOWL,Werewolf Therapeutics Inc. Common Stock,$0.92,-0.0001,-0.011%,44,United States,2021,381627,Health Care,Biotechnology: Pharmaceutical Preparations
BSEM,BioStem Technologies Inc. Common Stock,$2.39,-0.08,-3.239%,44,United States,,87351,Health Care,Biotechnology: Biological Products (No Diagnostic Substances)
NSRX,Nasus Pharma Ltd. Ordinary Shares,$3.77,-0.065,-1.693%,44,,2025,9582,Health Care,Biotechnology: Pharmaceutical Preparations
GRCE,Grace Therapeutics Inc. Common Stock,$2.10,0.035,1.695%,44,Canada,,84262,Health Care,Biotechnology: Pharmaceutical Preparations
TVGN,Tevogen Inc. Common Stock,$6.49,0,0.000%,42,United States,2022,1763,Health Care,Biotechnology: Biological Products (No Diagnostic Substances)
VERU,Veru Inc. Common Stock,$2.46,-0.01,-0.405%,41,United States,,203408,Health Care,Biotechnology: Pharmaceutical Preparations
IXHL,Incannex Healthcare Inc. Common Stock,$3.18,0.01,0.315%,39,Australia,,27032,Health Care,Biotechnology: Pharmaceutical Preparations
FLNA,Filana Therapeutics Inc. Common Stock,$0.82,-0.0592,-6.766%,39,United States,,765879,Health Care,Biotechnology: Pharmaceutical Preparations
LITS,Lite Strategy Inc. Common Stock,$1.27,-0.14,-9.929%,38,United States,2003,787294,Health Care,Biotechnology: Pharmaceutical Preparations
IBO,Impact BioMedical Inc. Common Stock,$4.48,-0.2,-4.274%,38,,2024,10757,Health Care,Biotechnology: Pharmaceutical Preparations
CVM,Cel-Sci Corporation Common Stock,$2.13,-0.61,-22.263%,37,United States,1997,662342,Health Care,Biotechnology: Biological Products (No Diagnostic Substances)
MGX,Metagenomi Therapeutics Inc. Common Stock,$0.98,-0.0453,-4.398%,37,United States,2024,270317,Health Care,Biotechnology: Biological Products (No Diagnostic Substances)
NNVC,NanoViricides Inc. Common Stock,$1.44,0.04,2.857%,36,United States,,306219,Health Care,Biotechnology: Pharmaceutical Preparations
CPHI,China Pharma Holdings Inc. Common Stock,$0.85,0.2089,32.585%,36,China,,67510102,Health Care,Biotechnology: Pharmaceutical Preparations
GNTA,Genenta Science S.p.A. American Depositary Shares,$0.76,-0.0256,-3.280%,36,Italy,2021,23375,Health Care,Biotechnology: Biological Products (No Diagnostic Substances)
ELUT,Elutia Inc. Class A Common Stock,$0.82,0.0432,5.561%,36,United States,2020,261073,Health Care,Biotechnology: Biological Products (No Diagnostic Substances)
BCTX,BriaCell Therapeutics Corp. Common Shares,$4.00,-0.02,-0.498%,34,Canada,,84522,Health Care,Biotechnology: Pharmaceutical Preparations
ATNM,Actinium Pharmaceuticals Inc. (Delaware) Common Stock,$1.07,-0.04,-3.604%,33,United States,,100101,Health Care,Biotechnology: Pharmaceutical Preparations
ALGS,Aligos Therapeutics Inc. Common Stock,$5.32,-0.06,-1.115%,33,United States,2020,19411,Health Care,Biotechnology: Biological Products (No Diagnostic Substances)
RMTI,Rockwell Medical Inc. Common Stock,$8.22,0.57,7.451%,33,United States,1998,52578,Health Care,Biotechnology: Pharmaceutical Preparations
NXTC,NextCure Inc. Common Stock,$6.56,0.875,15.391%,30,United States,2019,109581,Health Care,Biotechnology: Pharmaceutical Preparations
IMMP,Immutep Limited American Depositary Shares,$4.06,-0.28,-6.452%,29,Australia,,9621,Health Care,Biotechnology: Pharmaceutical Preparations
MIRA,MIRA Pharmaceuticals Inc. Common Stock,$0.71,-0.0018,-0.253%,29,United States,2023,67733,Health Care,Biotechnology: Pharmaceutical Preparations
RNAZ,TransCode Therapeutics Inc. Common Stock,$1.76,-0.02,-1.124%,29,United States,2021,29769,Health Care,Biotechnology: Pharmaceutical Preparations
SCLX,Scilex Holding Company Common Stock,$3.49,-0.47,-11.869%,29,United States,2021,82166,Health Care,Biotechnology: Biological Products (No Diagnostic Substances)
GRDX,GridAI Technologies Corp. Common Stock,$4.12,-0.05,-1.199%,29,United States,2016,117644,Health Care,Biotechnology: Pharmaceutical Preparations
IGC,IGC Pharma Inc. Common Stock,$0.28,0,0.000%,28,United States,,307232,Health Care,Biotechnology: Pharmaceutical Preparations
CNTX,Context Therapeutics Inc. Common Stock,$0.31,-0.0092,-2.859%,28,United States,2021,464174,Health Care,Biotechnology: Pharmaceutical Preparations
EVAX,Evaxion A/S American Depositary Share,$3.16,0,0.000%,28,Denmark,2021,21753,Health Care,Biotechnology: Biological Products (No Diagnostic Substances)
MCRB,Seres Therapeutics Inc. Common Stock,$2.72,-0.18,-6.207%,27,United States,2015,60396,Health Care,Biotechnology: Pharmaceutical Preparations
ATYR,aTyr Pharma Inc. Common Stock,$0.28,-0.0051,-1.800%,27,United States,2015,1121625,Health Care,Biotechnology: Biological Products (No Diagnostic Substances)
QNCX,Quince Therapeutics Inc. Common Stock,$26.72,-0.09,-0.336%,27,United States,2019,12716,Health Care,Biotechnology: Biological Products (No Diagnostic Substances)
ABVC,ABVC BioPharma Inc. Common Stock,$1.00,0.03,3.093%,26,United States,,52752,Health Care,Biotechnology: Pharmaceutical Preparations
BYSI,BeyondSpring Inc. Ordinary Shares,$0.64,-0.0478,-6.905%,26,United States,2017,101719,Health Care,Biotechnology: Pharmaceutical Preparations
QNTM,Quantum Biopharma Ltd. Class B Subordinate Voting Shares,$3.15,0.055,1.780%,25,Canada,,149479,Health Care,Biotechnology: Pharmaceutical Preparations
KYNB,Kyntra Bio Inc. Common Stock,$6.13,0.17,2.852%,24,United States,2014,16841,Health Care,Biotechnology: Pharmaceutical Preparations
ATOS,Atossa Therapeutics Inc. Common Stock,$2.46,0.01,0.408%,24,United States,2012,19078,Health Care,Biotechnology: Pharmaceutical Preparations
TXMD,TherapeuticsMD Inc. Common Stock,$2.00,-0.02,-0.990%,23,United States,,42522,Health Care,Biotechnology: Pharmaceutical Preparations
OPTH,Optimi Health Corp. Common Shares,$4.04,-0.09,-2.179%,23,Canada,,17555,Health Care,Biotechnology: Pharmaceutical Preparations
QNRX,Quoin Pharmaceuticals Ltd. American Depositary Shares,$4.70,-0.02,-0.424%,22,Israel,2016,26164,Health Care,Biotechnology: Pharmaceutical Preparations
SHPH,Shuttle Pharmaceuticals Holdings Inc. Common Stock,$4.71,0.65,16.010%,22,United States,2022,119268,Health Care,Biotechnology: Pharmaceutical Preparations
AYTU,Aytu BioPharma Inc.  Common Stock,$2.05,0,0.000%,22,United States,,5738,Health Care,Biotechnology: Pharmaceutical Preparations
UPC,Universe Pharmaceuticals Inc. Class A Ordinary Shares,$4.30,0.095,2.257%,21,China,2021,32830,Health Care,Biotechnology: Pharmaceutical Preparations
MDCXW,Medicus Pharma Ltd. Warrant,$0.30,0,0.000%,21,Canada,,86,Health Care,Biotechnology: Pharmaceutical Preparations
COCP,Cocrystal Pharma Inc. Common Stock,$1.06,-0.05,-4.505%,20,United States,,30215,Health Care,Biotechnology: Pharmaceutical Preparations
AKTX,Akari Therapeutics plc ADS,$8.62,0.235,2.801%,19,United Kingdom,,32447,Health Care,Biotechnology: Pharmaceutical Preparations
JSPR,Jasper Therapeutics Inc. Common Stock,$0.57,0.0096,1.714%,18,United States,2020,365541,Health Care,Biotechnology: Biological Products (No Diagnostic Substances)
PBM,Psyence Biomedical Ltd. Common Shares,$4.88,-0.14,-2.789%,18,Canada,,16940,Health Care,Biotechnology: Pharmaceutical Preparations
NEUP,Neuphoria Therapeutics Inc. Common Stock,$3.42,-0.03,-0.870%,18,United States,2021,4485,Health Care,Biotechnology: Pharmaceutical Preparations
DYAI,Dyadic International Inc. Common Stock,$0.46,0.0032,0.706%,18,United States,,123962,Health Care,Biotechnology: Biological Products (No Diagnostic Substances)
ESLA,Estrella Immunopharma Inc. Common Stock,$0.42,-0.0097,-2.261%,18,United States,2021,48894,Health Care,Biotechnology: Biological Products (No Diagnostic Substances)
LPCN,Lipocine Inc. Common Stock,$2.20,0.1,4.762%,18,United States,,105836722,Health Care,Biotechnology: Pharmaceutical Preparations
TCRX,TScan Therapeutics Inc. Common Stock,$0.28,0.0015,0.545%,17,United States,2021,544559,Health Care,Biotechnology: Biological Products (No Diagnostic Substances)
NCEL,NewcelX Ltd. Ordinary Shares,$3.04,0.0743,2.510%,17,Switzerland,2021,1469,Health Care,Biotechnology: Pharmaceutical Preparations
ACTU,Actuate Therapeutics Inc. Common stock,$0.72,-0.0874,-10.769%,17,United States,2024,637955,Health Care,Biotechnology: Pharmaceutical Preparations
MRKR,Marker Therapeutics Inc. Common Stock,$1.04,0.03,2.970%,17,United States,,37479,Health Care,Biotechnology: Pharmaceutical Preparations
PTN,Palatin Technologies Inc. Common Stock,$9.52,0.11,1.169%,16,United States,,9024,Health Care,Biotechnology: Pharmaceutical Preparations
RKTO,Rocket One Inc. Common Stock,$0.67,-0.0314,-4.477%,16,United States,2019,198969,Health Care,Biotechnology: Pharmaceutical Preparations
RADX,Radiopharm Theranostics Limited American Depositary Shares,$1.15,-0.03,-2.542%,16,Australia,,42362,Health Care,Biotechnology: Pharmaceutical Preparations
BCDA,BioCardia Inc. Common Stock,$1.09,0.03,2.830%,16,United States,,167975,Health Care,Biotechnology: Biological Products (No Diagnostic Substances)
ALLR,Allarity Therapeutics Inc. Common Stock,$0.98,-0.0013,-0.132%,15,United States,,81045,Health Care,Biotechnology: Pharmaceutical Preparations
LTRN,Lantern Pharma Inc. Common Stock,$0.91,-0.0437,-4.582%,15,United States,2020,224083,Health Care,Biotechnology: Pharmaceutical Preparations
DARE,Dare Bioscience Inc. Common Stock,$0.79,-0.0431,-5.173%,15,United States,2014,113414,Health Care,Biotechnology: Pharmaceutical Preparations
AEON,AEON Biopharma Inc. Class A Common Stock,$0.31,0.0215,7.421%,15,United States,,2916241,Health Care,Biotechnology: Pharmaceutical Preparations
KTTA,Pasithea Therapeutics Corp. Common Stock,$0.44,-0.0036,-0.805%,14,United States,2021,132495,Health Care,Biotechnology: Pharmaceutical Preparations
TVRD,Tvardi Therapeutics Inc. Common Stock,$1.10,0.02,1.852%,14,United States,2014,136474,Health Care,Biotechnology: Pharmaceutical Preparations
KPTI,Karyopharm Therapeutics Inc. Common Stock,$0.65,-0.0049,-0.754%,14,United States,2013,759265,Health Care,Biotechnology: Pharmaceutical Preparations
HIND,Vyome Holdings Inc. Common Stock,$2.04,-0.02,-0.971%,14,United States,2016,11378,Health Care,Biotechnology: Pharmaceutical Preparations
CLRB,Cellectar Biosciences Inc.  Common Stock,$1.51,0,0.000%,14,United States,,42575,Health Care,Biotechnology: Pharmaceutical Preparations
BFRI,Biofrontera Inc. Common Stock,$0.94,0.0034,0.365%,13,United States,2021,278831,Health Care,Biotechnology: Pharmaceutical Preparations
INAB,IN8bio Inc. Common Stock,$1.40,0.01,0.719%,13,United States,2021,20690,Health Care,Biotechnology: Biological Products (No Diagnostic Substances)
CTXR,Citius Pharmaceuticals Inc. Common Stock,$0.50,0.0204,4.244%,13,United States,,161928,Health Care,Biotechnology: Pharmaceutical Preparations
BFRG,Bullfrog AI Holdings Inc. Common Stock,$0.71,0.0196,2.845%,13,United States,2023,25193856,Health Care,Biotechnology: Pharmaceutical Preparations
PLUR,Pluri Inc. Common Stock,$1.04,0.05,5.051%,13,Israel,,61507,Health Care,Biotechnology: Biological Products (No Diagnostic Substances)
TPST,Tempest Therapeutics Inc. Common Stock,$0.79,0.0039,0.495%,13,United States,,308107,Health Care,Biotechnology: Pharmaceutical Preparations
GTBP,GT Biopharma Inc. Common Stock,$6.20,-0.17,-2.669%,12,United States,,19180,Health Care,Biotechnology: Pharmaceutical Preparations
LSTA,Lisata Therapeutics Inc. Common Stock,$1.17,-0.04,-3.306%,12,United States,,13587,Health Care,Biotechnology: Pharmaceutical Preparations
INTS,Intensity Therapeutics Inc. Common stock,$3.80,0.25,7.042%,12,United States,2023,17450,Health Care,Biotechnology: Biological Products (No Diagnostic Substances)
PASG,Passage Bio Inc. Common Stock,$3.85,-0.225,-5.515%,12,United States,2020,14070,Health Care,Biotechnology: Biological Products (No Diagnostic Substances)
BIVI,BioVie Inc. Class A Common Stock,$1.40,-0.04,-2.778%,12,United States,,134620,Health Care,Biotechnology: Pharmaceutical Preparations
ASBP,Aspire-Lakewood Holdings Inc. Common Stock,$8.63,-0.13,-1.484%,12,United States,2022,12505,Health Care,Biotechnology: Pharmaceutical Preparations
PHIO,Phio Pharmaceuticals Corp. Common Stock,$1.00,0.0051,0.513%,11,United States,,92963,Health Care,Biotechnology: Pharmaceutical Preparations
GDTC,CytoMed Therapeutics Limited Ordinary Shares,$0.98,0.0502,5.399%,11,Singapore,2023,15184,Health Care,Biotechnology: Pharmaceutical Preparations
MDCX,Medicus Pharma Ltd. Common Stock  ,$0.16,0.001,0.628%,11,Canada,,4786666,Health Care,Biotechnology: Pharmaceutical Preparations
KPRX,Kiora Pharmaceuticals Inc.  Common Stock,$2.53,0.03,1.200%,11,United States,,21016,Health Care,Biotechnology: Pharmaceutical Preparations
BLRX,BioLineRx Ltd. American Depositary Shares,$2.21,-0.0872,-3.804%,10,Israel,,24048,Health Care,Biotechnology: Pharmaceutical Preparations
VTGN,Vistagen Therapeutics Inc. Common Stock,$0.25,-0.0035,-1.397%,10,United States,,780422,Health Care,Biotechnology: Pharmaceutical Preparations
APUS,Apimeds Pharmaceuticals US Inc. Common Stock,$7.05,-0.08,-1.122%,10,,2025,22396870,Health Care,Biotechnology: Pharmaceutical Preparations
TOVX,Theriva Biologics Inc. Common Stock,$0.23,0.012,5.405%,10,United States,,808294,Health Care,Biotechnology: Pharmaceutical Preparations
ADIL,Adial Pharmaceuticals Inc Common Stock,$3.99,0.01,0.251%,10,United States,2018,4415,Health Care,Biotechnology: Pharmaceutical Preparations
SNTI,Senti Biosciences Holdings Inc. Common Stock,$0.33,0.007,2.167%,10,United States,2021,330744,Health Care,Biotechnology: Biological Products (No Diagnostic Substances)
CALC,CalciMedica Inc. Common Stock,$1.48,-0.01,-0.671%,10,United States,2023,8173,Health Care,Biotechnology: Pharmaceutical Preparations
BCTXL,BriaCell Therapeutics Corp. Warrant expiring 2031,$1.16,0.01,0.870%,10,Canada,,2067,Health Care,Biotechnology: Pharmaceutical Preparations
CMMB,Chemomab Therapeutics Ltd. American Depositary Share,$1.37,-0.03,-2.143%,9,Israel,2019,10041,Health Care,Biotechnology: Pharmaceutical Preparations
MTVA,MetaVia Inc. Common Stock,$1.46,-0.02,-1.351%,9,United States,2016,30841,Health Care,Biotechnology: Pharmaceutical Preparations
MBRX,Moleculin Biotech Inc. Common Stock,$0.44,-0.0066,-1.481%,8,United States,2016,433451,Health Care,Biotechnology: Pharmaceutical Preparations
IMRN,Immuron Limited American Depositary Shares,$1.09,0.01,0.926%,8,Australia,2017,40826,Health Care,Biotechnology: Pharmaceutical Preparations
BMRA,Biomerica Inc. Common Stock,$1.91,-0.23,-10.748%,8,United States,,34661,Health Care,Biotechnology: In Vitro & In Vivo Diagnostic Substances
ENSC,Ensysce Biosciences Inc. Common Stock,$0.43,-0.0004,-0.093%,8,United States,,195284,Health Care,Biotechnology: Pharmaceutical Preparations
AZTR,Azitra Inc Common Stock,$0.13,0.002,1.538%,7,,2023,290373,Health Care,Biotechnology: Pharmaceutical Preparations
CNSP,CNS Pharmaceuticals Inc. Common Stock,$5.43,0.1282,2.418%,7,United States,2019,2709,Health Care,Biotechnology: Pharmaceutical Preparations
LGVN,Longeveron Inc. Class A Common Stock,$2.44,0.09,3.830%,7,United States,2021,58124,Health Care,Biotechnology: Pharmaceutical Preparations
SNGX,Soligenix Inc. Common Stock,$0.35,-0.0045,-1.257%,7,United States,,62823,Health Care,Biotechnology: Pharmaceutical Preparations
APRE,Aprea Therapeutics Inc. Common stock,$0.60,-0.0305,-4.799%,7,United States,2019,249905,Health Care,Biotechnology: Pharmaceutical Preparations
FBLG,FibroBiologics Inc. Common Stock,$1.14,0.01,0.885%,7,United States,,233810,Health Care,Biotechnology: Pharmaceutical Preparations
CURX,Curanex Pharmaceuticals Inc Common Stock,$4.77,-0.22,-4.409%,7,United States,2025,102010,Health Care,Biotechnology: Pharmaceutical Preparations
TRAW,Traws Pharma Inc. Common Stock,$0.48,-0.041,-7.885%,7,United States,2013,221841,Health Care,Biotechnology: Pharmaceutical Preparations
INM,InMed Pharmaceuticals Inc. Common Shares,$1.33,0,0.000%,7,Canada,,20001,Health Care,Biotechnology: Pharmaceutical Preparations
SKYE,Skye Bioscience Inc. Common Stock,$1.65,0.03,1.852%,7,United States,,55691,Health Care,Biotechnology: Pharmaceutical Preparations
AIM,AIM ImmunoTech Inc. Common Stock,$0.18,0.0003,0.164%,7,,,547529,Health Care,Biotechnology: Biological Products (No Diagnostic Substances)
LEXX,Lexaria Bioscience Corp. Common Stock,$3.46,0.22,6.790%,7,Canada,,76937,Health Care,Biotechnology: Pharmaceutical Preparations
NRSN,NeuroSense Therapeutics Ltd. Ordinary Shares,$3.82,-0.25,-6.143%,7,Israel,2021,12895,Health Care,Biotechnology: Pharmaceutical Preparations
ACXP,Acurx Pharmaceuticals Inc. Common Stock,$1.30,-0.01,-0.763%,7,United States,2021,78045,Health Care,Biotechnology: Pharmaceutical Preparations
BTTC,Black Titan Corporation Ordinary Shares,$0.51,-0.0552,-9.715%,7,Malaysia,,656153,Health Care,Biotechnology: Biological Products (No Diagnostic Substances)
KALA,KALA BIO Inc. Common Stock,$0.36,-0.004,-1.099%,6,United States,2017,654435,Health Care,Biotechnology: Pharmaceutical Preparations
BOLT,Bolt Biotherapeutics Inc. Common Stock,$3.60,0.09,2.564%,6,United States,2021,54007,Health Care,Biotechnology: Pharmaceutical Preparations
VNRX,VolitionRX Limited Common Stock,$0.23,-0.0169,-6.958%,6,Singapore,2015,1356534,Health Care,Biotechnology: In Vitro & In Vivo Diagnostic Substances
SCNX,Scienture Holdings Inc. Common Stock,$4.13,0.37,9.840%,6,United States,,108786,Health Care,Biotechnology: Pharmaceutical Preparations
CELZ,Creative Medical Technology Holdings Inc. Common Stock,$0.89,-0.0114,-1.266%,6,United States,,52223,Health Care,Biotechnology: Biological Products (No Diagnostic Substances)
ENVB,Enveric Biosciences Inc. Common Stock,$1.50,0.025,1.701%,6,United States,,41376,Health Care,Biotechnology: Pharmaceutical Preparations
XCUR,Exicure Inc. Common Stock,$1.02,-0.06,-5.556%,6,United States,,9236,Health Care,Biotechnology: Pharmaceutical Preparations
ALZN,Alzamend Neuro Inc. Common Stock,$1.37,0,0.000%,6,United States,2021,18896,Health Care,Biotechnology: Pharmaceutical Preparations
JAGX,Jaguar Health Inc. Common Stock,$5.00,-0.62,-11.032%,6,United States,2015,1204846,Health Care,Biotechnology: Pharmaceutical Preparations
IMNN,Imunon Inc. Common Stock,$1.14,0.02,1.786%,6,United States,,107642,Health Care,Biotechnology: Pharmaceutical Preparations
CANF,Can-Fite Biopharma Ltd American Depositary Shares each representing two (2) Ordinary Shares,$2.10,-0.04,-1.869%,6,Israel,,44443,Health Care,Biotechnology: Pharmaceutical Preparations
GRMLW,Greenland Mines Ltd Warrant,$0.47,-0.0251,-5.020%,6,United States,2022,92933,Health Care,Biotechnology: Biological Products (No Diagnostic Substances)
ENLV,Enlivex Ltd. Ordinary Shares,$0.31,-0.0338,-9.935%,6,Israel,2014,3898858,Health Care,Biotechnology: Pharmaceutical Preparations
GELS,Gelteq Limited Ordinary Shares,$0.56,-0.0196,-3.381%,5,Australia,2024,89391,Health Care,Biotechnology: Pharmaceutical Preparations
CDIO,Cardio Diagnostics Holdings Inc. Common stock,$1.96,-0.04,-2.000%,5,United States,2022,30304,Health Care,Biotechnology: In Vitro & In Vivo Diagnostic Substances
BGMS,Bio Green Med Solution Inc. Common Stock,$0.85,-0.0057,-0.666%,5,United States,,5908,Health Care,Biotechnology: Pharmaceutical Preparations
DRMA,Dermata Therapeutics Inc. Common Stock,$1.12,-0.01,-0.885%,5,United States,2021,7425,Health Care,Biotechnology: Pharmaceutical Preparations
TRIB,Trinity Biotech plc American Depositary Shares,$6.75,-0.4,-5.594%,5,Ireland,1992,9430,Health Care,Biotechnology: In Vitro & In Vivo Diagnostic Substances
PULM,Pulmatrix Inc. Common Stock,$1.49,0.06,4.196%,5,United States,2014,11883,Health Care,Biotechnology: Pharmaceutical Preparations
ADXN,Addex Therapeutics Ltd American Depositary Shares,$3.13,-0.05,-1.572%,5,Switzerland,,9404,Health Care,Biotechnology: Pharmaceutical Preparations
LIMN,Liminatus Pharma Inc. Class A Common Stock,$3.88,0.18,4.865%,5,United States,,22947,Health Care,Biotechnology: Biological Products (No Diagnostic Substances)
XBIO,Xenetic Biosciences Inc. Common Stock,$2.21,0.09,4.245%,5,United States,,15561,Health Care,Biotechnology: Pharmaceutical Preparations
QCLS,Q/C Technologies Inc. Common Stock,$0.63,-0.0581,-8.419%,5,United States,2014,297890,Health Care,Biotechnology: In Vitro & In Vivo Diagnostic Substances
LNAI,Lunai Bioworks Inc. Common Stock,$1.09,-0.04,-3.540%,4,United States,,19984,Health Care,Biotechnology: Pharmaceutical Preparations
PPCB,Propanc Biopharma Inc. Common Stock,$0.50,0.0074,1.506%,4,Australia,,877976,Health Care,Biotechnology: Pharmaceutical Preparations
XTLB,XTL Biopharmaceuticals Ltd. American Depositary Shares,$1.98,-0.04,-1.980%,4,Israel,,27819,Health Care,Biotechnology: Pharmaceutical Preparations
NCNA,NuCana plc American Depositary Share,$1.14,0.05,4.587%,4,United Kingdom,2017,51164,Health Care,Biotechnology: Pharmaceutical Preparations
VRXAW,Veraxa Biotech AG Warrants,$0.03,-0.0018,-5.471%,4,Switzerland,,78307,Health Care,Biotechnology: Pharmaceutical Preparations
PMCB,PharmaCyte  Biotech Inc. Common Stock,$0.41,-0.0168,-3.977%,4,United States,,97505,Health Care,Biotechnology: Biological Products (No Diagnostic Substances)
GRI,GRI Bio Inc. Common Stock,$1.85,-0.05,-2.632%,4,United States,2021,32677,Health Care,Biotechnology: Pharmaceutical Preparations
PCSA,Processa Pharmaceuticals Inc. Common Stock,$1.42,-0.1,-6.579%,3,United States,,12909,Health Care,Biotechnology: Pharmaceutical Preparations
ERNA,Ernexa Therapeutics Inc. Common Stock,$2.39,0.155,6.935%,3,United States,,662928,Health Care,Biotechnology: Pharmaceutical Preparations
SXTP,60 Degrees Pharmaceuticals Inc. Common Stock,$1.10,-0.01,-0.901%,3,United States,2023,154306,Health Care,Biotechnology: Pharmaceutical Preparations
JUNS,Jupiter Neurosciences Inc. Common Stock,$2.84,-0.02,-0.699%,3,United States,2024,47094,Health Care,Biotechnology: Pharmaceutical Preparations
SXTC,China SXT Pharmaceuticals Inc. Class A Ordinary Shares,$2.83,1.58,126.400%,3,China,2019,146568767,Health Care,Biotechnology: Pharmaceutical Preparations
CLDI,Calidi Biotherapeutics Inc. Common Stock,$1.01,-0.01,-0.980%,3,,2021,51469,Health Care,Biotechnology: Biological Products (No Diagnostic Substances)
CAPS,Capstone Holding Corp. Common Stock,$0.14,-0.0009,-0.638%,3,United States,,557076,Health Care,Biotechnology: Pharmaceutical Preparations
SLXN,Silexion Therapeutics Corp Ordinary Shares,$0.25,-0.0092,-3.501%,3,Israel,,1075207,Health Care,Biotechnology: Biological Products (No Diagnostic Substances)
EOCN,Eocene Ltd. Ordinary Shares,$3.46,0.0978,2.911%,3,Israel,2014,13527,Health Care,Biotechnology: Pharmaceutical Preparations
HCWB,HCW Biologics Inc. Common Stock,$1.56,-0.01,-0.637%,3,United States,2021,30687,Health Care,Biotechnology: Pharmaceutical Preparations
CVKD,Cadrenal Therapeutics Inc. Common Stock,$0.97,-0.0177,-1.788%,3,United States,2023,1787830,Health Care,Biotechnology: Pharmaceutical Preparations
MBIO,Mustang Bio Inc. Common Stock,$0.45,-0.0098,-2.130%,3,United States,,17684,Health Care,Biotechnology: Pharmaceutical Preparations
CMND,Clearmind Medicine Inc. Common Shares,$6.60,0.76,13.014%,3,Canada,,147215,Health Care,Biotechnology: Pharmaceutical Preparations
APVO,Aptevo Therapeutics Inc. Common Stock,$1.84,0.045,2.507%,3,United States,,12159,Health Care,Biotechnology: Pharmaceutical Preparations
REVB,Revelation Biosciences Inc. Common Stock,$0.83,0.0759,10.090%,3,United States,2020,50996,Health Care,Biotechnology: Pharmaceutical Preparations
VIVS,VivoSim Labs Inc. Common Stock,$0.19,-0.0104,-5.151%,3,United States,,881242,Health Care,Biotechnology: Biological Products (No Diagnostic Substances)
XRTX,XORTX Therapeutics Inc. Common Shares,$1.75,0.015,0.867%,3,Canada,,21738,Health Care,Biotechnology: Pharmaceutical Preparations
PRFX,PRF Technologies Ltd. Ordinary Shares,$0.88,-0.0025,-0.284%,3,Israel,2020,17705,Health Care,Biotechnology: Pharmaceutical Preparations
SBFM,Sunshine Biopharma Inc. Common Stock,$0.70,0.3021,75.924%,3,Canada,,177959527,Health Care,Biotechnology: Pharmaceutical Preparations
DCOY,Decoy Therapeutics Inc. Common Stock,$1.61,0.06,3.871%,2,United States,2015,84336,Health Care,Biotechnology: Pharmaceutical Preparations
KAPA,Kairos Pharma Ltd. Common Stock,$0.87,-0.28,-24.348%,2,,2024,1098886,Health Care,Biotechnology: Pharmaceutical Preparations
BFRGW,Bullfrog AI Holdings Inc. Warrants,$0.16,0.019,13.610%,2,United States,2023,97500,Health Care,Biotechnology: Pharmaceutical Preparations
GOVX,GeoVax Labs Inc. Common Stock,$0.29,0.0009,0.312%,2,United States,,728706,Health Care,Biotechnology: Pharmaceutical Preparations
RDHL,Redhill Biopharma Ltd. American Depositary Shares,$0.47,-0.01,-2.066%,2,Israel,,36154,Health Care,Biotechnology: Pharmaceutical Preparations
VRAX,Virax Biolabs Group Limited Ordinary Shares,$2.11,0.08,3.941%,2,United Kingdom,2022,276372,Health Care,Biotechnology: In Vitro & In Vivo Diagnostic Substances
HLSQ,Tessera Defense and Homeland Security Inc. Common Stock,$0.31,-0.0014,-0.451%,2,,2019,1828535,Health Care,Biotechnology: Biological Products (No Diagnostic Substances)
MTNB,Matinas Biopharma Holdings Inc. Common Stock,$2.77,-0.24,-7.973%,2,United States,2017,172681,Health Care,Biotechnology: Pharmaceutical Preparations
SPRC,SciSparc Ltd. Ordinary Shares,$4.64,0.31,7.159%,2,Israel,,40821,Health Care,Biotechnology: Pharmaceutical Preparations
ONCO,Onconetix Inc. Common Stock,$0.60,-0.0639,-9.666%,2,United States,2022,610065,Health Care,Biotechnology: Pharmaceutical Preparations
ELAB,PMGC Holdings Inc. Common Stock,$3.14,-0.13,-3.976%,2,United States,2023,19947,Health Care,Biotechnology: Pharmaceutical Preparations
SILO,Silo Pharma Inc. Common Stock,$1.44,-0.01,-0.690%,2,United States,,22411,Health Care,Biotechnology: Pharmaceutical Preparations
BIVIW,BioVie Inc. Warrant,$0.28,0,0.000%,2,United States,,3386,Health Care,Biotechnology: Pharmaceutical Preparations
PPBT,Purple Biotech Ltd. American Depositary Shares,$1.46,-0.01,-0.680%,2,Israel,2015,14013,Health Care,Biotechnology: Pharmaceutical Preparations
BDRX,Biodexa Pharmaceuticals plc American Depositary Shs,$0.56,-0.0313,-5.260%,2,United Kingdom,,149671,Health Care,Biotechnology: Pharmaceutical Preparations
OGEN,Oragenics Inc. Common Stock,$0.50,0.0149,3.072%,2,United States,,11693,Health Care,Biotechnology: Pharmaceutical Preparations
BCTXZ,BriaCell Therapeutics Corp. Warrant expiring 2030,$0.25,-0.0311,-11.107%,2,Canada,,9118,Health Care,Biotechnology: Pharmaceutical Preparations
GNPX,Genprex Inc. Common Stock,$2.62,0.01,0.383%,2,United States,2018,227582,Health Care,Biotechnology: Pharmaceutical Preparations
TCRT,Alaunos Therapeutics Inc. Common Stock,$0.84,0.0956,12.875%,2,United States,,311745,Health Care,Biotechnology: Pharmaceutical Preparations
LABT,Lakewood-Amedex Biotherapeutics Inc. Common Stock,$0.85,-0.0172,-1.984%,2,United States,,8498681,Health Care,Biotechnology: Pharmaceutical Preparations
ARTL,Artelo Biosciences Inc. Common Stock,$3.41,-0.05,-1.445%,1,United States,,52251,Health Care,Biotechnology: Pharmaceutical Preparations
CRIS,Curis Inc. Common Stock,$0.74,-0.0124,-1.656%,1,United States,,141930,Health Care,Biotechnology: Biological Products (No Diagnostic Substances)
SCNI,Scinai Immunotherapeutics Ltd. American Depositary Shares,$1.13,-0.09,-7.377%,1,Israel,2015,40443,Health Care,Biotechnology: Biological Products (No Diagnostic Substances)
SABSW,SAB Biotherapeutics Inc. Warrant,$0.01,-0.0018,-12.857%,1,United States,2021,200918,Health Care,Biotechnology: Biological Products (No Diagnostic Substances)
CDT,CDT Equity Inc. Common Stock,$0.84,-0.0941,-10.117%,0,United States,2022,491633,Health Care,Biotechnology: Pharmaceutical Preparations
SCLXW,Scilex Holding Company Warrant,$0.10,0,0.000%,0,United States,2021,86,Health Care,Biotechnology: Biological Products (No Diagnostic Substances)
TVGNW,Tevogen Inc. Warrant,$0.07,0.009,14.851%,0,United States,2022,500442,Health Care,Biotechnology: Biological Products (No Diagnostic Substances)
SBFMW,Sunshine Biopharma Inc. Warrant,$0.04,0.0138,54.762%,0,Canada,,37424,Health Care,Biotechnology: Pharmaceutical Preparations
BFRIW,Biofrontera Inc. Warrants,$0.01,-0.0029,-21.014%,0,United States,2021,778,Health Care,Biotechnology: Pharmaceutical Preparations
SXTPW,60 Degrees Pharmaceuticals Inc. Warrant,$0.02,0,0.000%,0,United States,2023,1,Health Care,Biotechnology: Pharmaceutical Preparations
PBMWW,Psyence Biomedical Ltd. Warrant,$0.02,-0.003,-15.385%,0,Canada,,51275,Health Care,Biotechnology: Pharmaceutical Preparations
ERNAW,Ernexa Therapeutics Inc. Warrants,$0.03,0.0081,30.224%,0,United States,,2657,Health Care,Biotechnology: Pharmaceutical Preparations
LIMNW,Liminatus Pharma Inc. Warrants,$0.04,-0.0185,-33.333%,0,United States,,3650,Health Care,Biotechnology: Biological Products (No Diagnostic Substances)
APLMW,Apollomics Inc. Warrant,$0.01,-0.0004,-3.810%,0,United States,,1517,Health Care,Biotechnology: Pharmaceutical Preparations
CDIOW,Cardio Diagnostics Holdings Inc. Warrant,$0.01,-0.0025,-21.008%,0,United States,2022,2301,Health Care,Biotechnology: In Vitro & In Vivo Diagnostic Substances
NRSNW,NeuroSense Therapeutics Ltd. Warrant,$0.01,0,0.000%,0,Israel,2021,6,Health Care,Biotechnology: Pharmaceutical Preparations
REVBW,Revelation Biosciences Inc. Warrant,$0.01,0.001,18.182%,0,United States,2020,197606,Health Care,Biotechnology: Pharmaceutical Preparations
CDTTW,CDT Equity Inc. Warrant,$0.01,-0.0013,-11.111%,0,United States,2022,20307,Health Care,Biotechnology: Pharmaceutical Preparations
BKHA,Black Hawk Acquisition Corporation Class A Ordinary Shares,$13.00,0.72,5.863%,0,United States,2024,7348,Health Care,Biotechnology: Biological Products (No Diagnostic Substances)
BKHAR,Black Hawk Acquisition Corporation Rights,$1.64,-0.06,-3.529%,0,United States,2024,18520,Health Care,Biotechnology: Biological Products (No Diagnostic Substances)
EMIS,Emmis Acquisition Corp. Class A Ordinary Shares,$10.27,0,0.000%,0,United States,2025,45,Health Care,Biotechnology: Pharmaceutical Preparations
