Symbol,Name,Last Sale,Net Change,% Change,Market Cap,Country,IPO Year,Volume,Sector,Industry
LLY,Eli Lilly and Company Common Stock,$1149.85,-7.23,-0.625%,1082419,United States,,2174939,Health Care,Biotechnology: Pharmaceutical Preparations
JNJ,Johnson & Johnson Common Stock,$258.66,-6.08,-2.297%,623344,United States,,8292439,Health Care,Biotechnology: Pharmaceutical Preparations
ABBV,AbbVie Inc. Common Stock,$259.93,-1.66,-0.635%,459326,United States,2012,3892083,Health Care,Biotechnology: Pharmaceutical Preparations
MRK,Merck & Company Inc. Common Stock (new),$143.81,-1.5,-1.032%,354803,United States,,7859763,Health Care,Biotechnology: Pharmaceutical Preparations
NVS,Novartis AG Common Stock,$141.05,-1.52,-1.066%,269144,Switzerland,,2056226,Health Care,Biotechnology: Pharmaceutical Preparations
AZN,AstraZeneca PLC Ordinary Shares,$157.70,-3.77,-2.335%,244549,United Kingdom,2026,3378106,Health Care,Biotechnology: Pharmaceutical Preparations
AMGN,Amgen Inc. Common Stock,$407.27,-14.24,-3.378%,220183,United States,1983,2501036,Health Care,Biotechnology: Biological Products (No Diagnostic Substances)
GILD,Gilead Sciences Inc. Common Stock,$147.50,-1.55,-1.040%,182893,United States,1992,4438700,Health Care,Biotechnology: Biological Products (No Diagnostic Substances)
ABT,Abbott Laboratories Common Stock,$96.69,-2.14,-2.165%,167310,United States,,8862866,Health Care,Biotechnology: Pharmaceutical Preparations
NVO,Novo Nordisk A/S Common Stock,$37.40,-0.51,-1.345%,165604,Denmark,,12656909,Health Care,Biotechnology: Pharmaceutical Preparations
PFE,Pfizer Inc. Common Stock,$28.12,-0.4,-1.403%,160274,United States,,30494189,Health Care,Biotechnology: Pharmaceutical Preparations
VRTX,Vertex Pharmaceuticals Incorporated Common Stock,$506.74,-16.07,-3.074%,128438,United States,1991,1194640,Health Care,Biotechnology: Pharmaceutical Preparations
BMY,Bristol-Myers Squibb Company Common Stock,$61.46,-0.94,-1.506%,125545,United States,,10772199,Health Care,Biotechnology: Pharmaceutical Preparations
SNY,Sanofi ADS,$40.67,-0.56,-1.358%,99188,France,,6683323,Health Care,Biotechnology: Pharmaceutical Preparations
GSK,GSK plc American Depositary Shares (Each representing two Ordinary Shares),$47.18,-0.99,-2.055%,95431,United Kingdom,2022,7897514,Health Care,Biotechnology: Pharmaceutical Preparations
REGN,Regeneron Pharmaceuticals Inc. Common Stock,$734.81,-23.46,-3.094%,75652,United States,1991,1042868,Health Care,Biotechnology: Pharmaceutical Preparations
MRNA,Moderna Inc. Common Stock,$188.94,-3.63,-1.885%,75431,United States,2018,15437016,Health Care,Biotechnology: Biological Products (No Diagnostic Substances)
ARGX,argenx SE American Depositary Shares,$936.00,-22.91,-2.389%,58090,Netherlands,2017,302420,Health Care,Biotechnology: Biological Products (No Diagnostic Substances)
TAK,Takeda Pharmaceutical Company Limited American Depositary Shares (each representing 1/2 of a share of Common Stock),$17.86,-0.33,-1.814%,56434,Japan,2018,2403711,Health Care,Biotechnology: Pharmaceutical Preparations
TEVA,Teva Pharmaceutical Industries Limited Ordinary Shares,$39.31,-0.29,-0.732%,45807,Israel,,5987113,Health Care,Biotechnology: Pharmaceutical Preparations
RVMD,Revolution Medicines Inc. Common Stock,$205.89,0.63,0.307%,44129,United States,2020,2104852,Health Care,Biotechnology: Biological Products (No Diagnostic Substances)
ONC,BeOne Medicines Ltd. American Depositary Shares,$358.77,-7.17,-1.959%,40792,Cayman Islands,2016,351445,Health Care,Biotechnology: Pharmaceutical Preparations
IDXX,IDEXX Laboratories Inc. Common Stock,$517.75,-4.44,-0.850%,40788,United States,1991,320312,Health Care,Biotechnology: In Vitro & In Vivo Diagnostic Substances
RPRX,Royalty Pharma plc Class A Ordinary Shares ,$57.63,-0.73,-1.251%,33137,United States,2020,3245417,Health Care,Biotechnology: Pharmaceutical Preparations
BIIB,Biogen Inc. Common Stock,$222.82,-3.06,-1.355%,32922,United States,,1755493,Health Care,Biotechnology: Biological Products (No Diagnostic Substances)
ALNY,Alnylam Pharmaceuticals Inc. Common Stock,$231.18,-15.56,-6.306%,30933,United States,2004,2017410,Health Care,Biotechnology: Pharmaceutical Preparations
ZTS,Zoetis Inc. Class A Common Stock,$69.10,-0.73,-1.045%,28553,United States,2013,5347621,Health Care,Biotechnology: Pharmaceutical Preparations
ROIV,Roivant Sciences Ltd. Common Shares,$35.50,-1.07,-2.926%,25642,United Kingdom,,3272078,Health Care,Biotechnology: Pharmaceutical Preparations
UTHR,United Therapeutics Corporation Common Stock,$571.38,29.49,5.442%,24506,United States,1999,1692487,Health Care,Biotechnology: Pharmaceutical Preparations
BNTX,BioNTech SE American Depositary Share,$96.85,-1.45,-1.475%,24329,Germany,2019,820116,Health Care,Biotechnology: Biological Products (No Diagnostic Substances)
INSM,Insmed Incorporated Common Stock,$108.59,-5.55,-4.862%,23714,United States,,2646515,Health Care,Biotechnology: Pharmaceutical Preparations
VTRS,Viatris Inc. Common Stock,$17.46,-0.26,-1.467%,20054,United States,,9039176,Health Care,Biotechnology: Pharmaceutical Preparations
JAZZ,Jazz Pharmaceuticals plc Common Stock (Ireland),$233.01,1.49,0.644%,15125,Ireland,2007,740665,Health Care,Biotechnology: Pharmaceutical Preparations
ASND,Ascendis Pharma A/S Ordinary Share,$227.31,-0.52,-0.228%,14976,Denmark,2015,806061,Health Care,Biotechnology: Pharmaceutical Preparations
EXEL,Exelixis Inc. Common Stock,$57.94,-0.47,-0.805%,14356,United States,2000,1369752,Health Care,Biotechnology: Biological Products (No Diagnostic Substances)
NBIX,Neurocrine Biosciences Inc. Common Stock,$140.71,-1.13,-0.797%,14303,United States,1996,2052670,Health Care,Biotechnology: Biological Products (No Diagnostic Substances)
SMMT,Summit Therapeutics Inc. Common Stock ,$16.69,-0.22,-1.301%,13314,United States,2015,7901132,Health Care,Biotechnology: Pharmaceutical Preparations
BBIO,BridgeBio Pharma Inc. Common Stock,$66.91,1.11,1.687%,13080,United States,2019,3550135,Health Care,Biotechnology: Pharmaceutical Preparations
TWST,Twist Bioscience Corporation Common Stock,$188.05,-5.19,-2.686%,12467,United States,2018,3117959,Health Care,Biotechnology: Biological Products (No Diagnostic Substances)
CORT,Corcept Therapeutics Incorporated Common Stock,$114.03,-1.205,-1.046%,12325,United States,2004,878990,Health Care,Biotechnology: Pharmaceutical Preparations
HALO,Halozyme Therapeutics Inc. Common Stock,$106.94,-3.46,-3.134%,12137,United States,,2329383,Health Care,Biotechnology: Biological Products (No Diagnostic Substances)
MDGL,Madrigal Pharmaceuticals Inc. Common Stock,$499.71,-4.25,-0.843%,11545,United States,2007,204564,Health Care,Biotechnology: Pharmaceutical Preparations
TECH,Bio-Techne Corp Common Stock,$72.40,-0.07,-0.097%,11353,United States,,2711516,Health Care,Biotechnology: Biological Products (No Diagnostic Substances)
BMRN,BioMarin Pharmaceutical Inc. Common Stock,$58.44,-1.56,-2.600%,11312,United States,1999,2083243,Health Care,Biotechnology: Pharmaceutical Preparations
ELAN,Elanco Animal Health Incorporated Common Stock,$21.77,-0.62,-2.769%,10876,United States,2018,5873810,Health Care,Biotechnology: Pharmaceutical Preparations
RDY,Dr. Reddy's Laboratories Ltd Common Stock,$12.25,-0.37,-2.932%,10224,India,,3174834,Health Care,Biotechnology: Pharmaceutical Preparations
IBRX,ImmunityBio Inc. Common Stock,$9.28,-0.16,-1.695%,9835,United States,2015,12313918,Health Care,Biotechnology: Biological Products (No Diagnostic Substances)
KRYS,Krystal Biotech Inc. Common Stock,$325.31,-7.25,-2.180%,9628,United States,2017,225882,Health Care,Biotechnology: Biological Products (No Diagnostic Substances)
AXSM,Axsome Therapeutics Inc. Common Stock,$182.07,-2.32,-1.258%,9536,United States,2015,660341,Health Care,Biotechnology: Pharmaceutical Preparations
KYMR,Kymera Therapeutics Inc. Common Stock,$110.12,-1.67,-1.494%,9156,United States,2020,1051103,Health Care,Biotechnology: Biological Products (No Diagnostic Substances)
ARWR,Arrowhead Pharmaceuticals Inc. Common Stock,$64.79,-0.66,-1.008%,9151,United States,,1522392,Health Care,Biotechnology: Pharmaceutical Preparations
CYTK,Cytokinetics Incorporated Common Stock,$65.62,-0.29,-0.440%,9122,United States,2004,1724419,Health Care,Biotechnology: Pharmaceutical Preparations
PTGX,Protagonist Therapeutics Inc. Common Stock,$139.19,-1.7,-1.207%,9006,United States,2016,886348,Health Care,Biotechnology: Pharmaceutical Preparations
RGEN,Repligen Corporation Common Stock,$177.23,-15,-7.803%,8670,United States,1986,1945969,Health Care,Biotechnology: Biological Products (No Diagnostic Substances)
QGEN,Qiagen N.V. Common Shares,$42.04,-1.72,-3.931%,8663,Netherlands,2026,2617449,Health Care,Biotechnology: Biological Products (No Diagnostic Substances)
PCVX,Vaxcyte Inc. Common Stock,$56.05,-0.85,-1.494%,8340,United States,2020,1166313,Health Care,Biotechnology: Biological Products (No Diagnostic Substances)
ABVX,Abivax SA American Depositary Shares,$95.10,-3.92,-3.959%,8297,France,2023,1244452,Health Care,Biotechnology: Pharmaceutical Preparations
TGTX,TG Therapeutics Inc. Common Stock,$53.62,-2.16,-3.872%,8207,United States,,2122767,Health Care,Biotechnology: Pharmaceutical Preparations
PRAX,Praxis Precision Medicines Inc. Common Stock,$286.91,-4.32,-1.483%,8010,United States,2020,381726,Health Care,Biotechnology: Pharmaceutical Preparations
SYRE,Spyre Therapeutics Inc. Common Stock,$89.93,0.9,1.011%,7929,United States,2016,1662656,Health Care,Biotechnology: Pharmaceutical Preparations
IONS,Ionis Pharmaceuticals Inc. Common Stock,$44.00,-0.65,-1.456%,7312,United States,,2030331,Health Care,Biotechnology: Pharmaceutical Preparations
AMRX,Amneal Pharmaceuticals Inc. Class A Common Stock,$20.07,-0.07,-0.348%,6990,United States,,3936510,Health Care,Biotechnology: Pharmaceutical Preparations
IMVT,Immunovant Inc. Common Stock,$33.65,-0.13,-0.385%,6950,United States,2019,1671766,Health Care,Biotechnology: Biological Products (No Diagnostic Substances)
ALKS,Alkermes plc Ordinary Shares,$40.54,0.02,0.049%,6801,Ireland,1991,2626391,Health Care,Biotechnology: Pharmaceutical Preparations
BLTE,Belite Bio Inc American Depositary Shares,$162.98,-6.84,-4.028%,6563,United States,2022,198842,Health Care,Biotechnology: Pharmaceutical Preparations
LNTH,Lantheus Holdings Inc. Common Stock,$99.65,0.12,0.121%,6504,United States,2015,617171,Health Care,Biotechnology: In Vitro & In Vivo Diagnostic Substances
IOVA,Iovance Biotherapeutics Inc. Common Stock,$14.23,-0.59,-3.981%,6445,United States,,15968264,Health Care,Biotechnology: Biological Products (No Diagnostic Substances)
RYTM,Rhythm Pharmaceuticals Inc. Common Stock,$93.41,-1.805,-1.896%,6431,United States,2017,850633,Health Care,Biotechnology: Pharmaceutical Preparations
KOD,Kodiak Sciences Inc Common Stock,$98.46,3.66,3.861%,6188,United States,2018,3795698,Health Care,Biotechnology: Biological Products (No Diagnostic Substances)
CGON,CG Oncology Inc. Common stock,$68.35,-2.54,-3.583%,6058,United States,2024,984899,Health Care,Biotechnology: Biological Products (No Diagnostic Substances)
LGND,Ligand Pharmaceuticals Incorporated Common Stock,$302.74,-9.63,-3.083%,6035,United States,,374021,Health Care,Biotechnology: Pharmaceutical Preparations
KNSA,Kiniksa Pharmaceuticals International plc Class A Ordinary Shares,$75.22,0.61,0.818%,5868,United States,2018,878621,Health Care,Biotechnology: Pharmaceutical Preparations
SRRK,Scholar Rock Holding Corporation Common Stock,$46.16,-2.16,-4.470%,5621,United States,2018,1061661,Health Care,Biotechnology: Biological Products (No Diagnostic Substances)
ORKA,Oruka Therapeutics Inc. Common Stock,$83.42,0.13,0.156%,5523,United States,,921061,Health Care,Biotechnology: In Vitro & In Vivo Diagnostic Substances
COGT,Cogent Biosciences Inc. Common Stock,$31.59,-0.43,-1.343%,5481,United States,2018,1698650,Health Care,Biotechnology: Pharmaceutical Preparations
MIRM,Mirum Pharmaceuticals Inc. Common Stock,$83.92,-1.56,-1.825%,5449,United States,2019,641980,Health Care,Biotechnology: Pharmaceutical Preparations
CRSP,CRISPR Therapeutics AG Common Shares,$55.44,0.12,0.217%,5360,Switzerland,2016,1058273,Health Care,Biotechnology: Biological Products (No Diagnostic Substances)
TVTX,Travere Therapeutics Inc. Common Stock,$56.85,-2.03,-3.448%,5358,United States,,2394714,Health Care,Biotechnology: Pharmaceutical Preparations
PTCT,PTC Therapeutics Inc. Common Stock,$64.13,-0.65,-1.003%,5352,United States,2013,1197777,Health Care,Biotechnology: Pharmaceutical Preparations
ERAS,Erasca Inc. Common Stock,$14.58,-0.08,-0.546%,5099,United States,2021,3691678,Health Care,Biotechnology: Pharmaceutical Preparations
GRFS,Grifols S.A. American Depositary Shares,$7.30,-0.01,-0.137%,5019,Spain,,623140,Health Care,Biotechnology: Pharmaceutical Preparations
DNTH,Dianthus Therapeutics Inc. Common Stock,$88.32,0.27,0.307%,4940,United States,2018,767071,Health Care,Biotechnology: Pharmaceutical Preparations
MANE,Veradermics Incorporated Common Stock,$117.22,-4.01,-3.308%,4897,United States,2026,660262,Health Care,Biotechnology: Pharmaceutical Preparations
ABCL,AbCellera Biologics Inc. Common Shares,$13.91,-0.68,-4.661%,4505,Canada,2020,7788841,Health Care,Biotechnology: Pharmaceutical Preparations
GMAB,Genmab A/S ADS,$34.55,-1.125,-3.153%,4438,Denmark,2019,6377105,Health Care,Biotechnology: Pharmaceutical Preparations
EWTX,Edgewise Therapeutics Inc. Common Stock,$40.48,-0.12,-0.296%,4396,United States,2021,1286717,Health Care,Biotechnology: Pharmaceutical Preparations
ADPT,Adaptive Biotechnologies Corporation Common Stock,$27.37,-1.53,-5.294%,4368,United States,2019,6018884,Health Care,Biotechnology: Biological Products (No Diagnostic Substances)
INDV,Indivior Pharmaceuticals Inc. Common Stock,$35.38,-0.47,-1.311%,4175,United Kingdom,,1879086,Health Care,Biotechnology: Pharmaceutical Preparations
TNGX,Tango Therapeutics Inc.,$24.45,-0.5,-2.004%,4122,United States,2020,2910340,Health Care,Biotechnology: Pharmaceutical Preparations
RLAY,Relay Therapeutics Inc. Common Stock,$18.49,0.44,2.438%,4051,United States,2020,2824219,Health Care,Biotechnology: Biological Products (No Diagnostic Substances)
VKTX,Viking Therapeutics Inc. Common Stock,$30.51,-2.09,-6.411%,3834,United States,2015,6831970,Health Care,Biotechnology: Pharmaceutical Preparations
XENE,Xenon Pharmaceuticals Inc. Common Shares,$38.93,1.74,4.679%,3769,Canada,2014,3660594,Health Care,Biotechnology: Pharmaceutical Preparations
LEGN,Legend Biotech Corporation American Depositary Shares,$19.32,-0.57,-2.866%,3757,United States,2020,2223749,Health Care,Biotechnology: Pharmaceutical Preparations
PBLS,Parabilis Medicines Inc. Common Stock,$30.44,-1.85,-5.729%,3712,United States,2026,885863,Health Care,Biotechnology: Pharmaceutical Preparations
IDYA,IDEAYA Biosciences Inc. Common Stock,$37.81,-0.61,-1.588%,3648,United States,2019,712288,Health Care,Biotechnology: Pharmaceutical Preparations
TLX,Telix Pharmaceuticals Limited American Depositary Shares,$10.72,-0.25,-2.279%,3631,Australia,,201827,Health Care,Biotechnology: Pharmaceutical Preparations
OGN,Organon & Co. Common Stock ,$13.71,0.01,0.073%,3600,United States,2021,2105119,Health Care,Biotechnology: Pharmaceutical Preparations
TARS,Tarsus Pharmaceuticals Inc. Common Stock,$75.46,-3.15,-4.007%,3530,United States,2020,1242209,Health Care,Biotechnology: Biological Products (No Diagnostic Substances)
AMLX,Amylyx Pharmaceuticals Inc. Common Stock,$28.08,-1.02,-3.505%,3522,United States,2022,1354155,Health Care,Biotechnology: Pharmaceutical Preparations
ACAD,ACADIA Pharmaceuticals Inc. Common Stock,$19.89,-0.26,-1.290%,3427,United States,1985,2731751,Health Care,Biotechnology: Pharmaceutical Preparations
ELVN,Enliven Therapeutics Inc. Common Stock,$46.21,0.37,0.807%,3385,United States,2020,944911,Health Care,Biotechnology: Pharmaceutical Preparations
DNLI,Denali Therapeutics Inc. Common Stock,$20.53,-0.14,-0.677%,3281,United States,2017,1939846,Health Care,Biotechnology: Biological Products (No Diagnostic Substances)
RCUS,Arcus Biosciences Inc. Common Stock,$25.23,-0.6,-2.323%,3212,United States,2018,1362766,Health Care,Biotechnology: Pharmaceutical Preparations
ARQT,Arcutis Biotherapeutics Inc. Common Stock,$25.29,-1.14,-4.313%,3178,United States,2020,1637483,Health Care,Biotechnology: Pharmaceutical Preparations
DYN,Dyne Therapeutics Inc. Common Stock,$15.82,-0.29,-1.800%,2954,United States,2020,3699489,Health Care,Biotechnology: Pharmaceutical Preparations
PGEN,Precigen Inc. Common Stock,$8.21,-0.35,-4.089%,2939,United States,,4613787,Health Care,Biotechnology: Pharmaceutical Preparations
NAMS,NewAmsterdam Pharma Company N.V. Ordinary Shares,$24.16,-0.16,-0.658%,2888,Netherlands,,1628339,Health Care,Biotechnology: Pharmaceutical Preparations
ZLAB,Zai Lab Limited American Depositary Shares,$25.50,-0.84,-3.189%,2862,China,2017,545243,Health Care,Biotechnology: Pharmaceutical Preparations
MBX,MBX Biosciences Inc. Common Stock,$56.55,-2.07,-3.531%,2723,United States,2024,434193,Health Care,Biotechnology: Pharmaceutical Preparations
NEOG,Neogen Corporation Common Stock,$12.24,-0.56,-4.375%,2669,United States,1989,2968220,Health Care,Biotechnology: In Vitro & In Vivo Diagnostic Substances
VCRE,Vicore Pharma Holding AB American Depositary Shares,$9.43,-0.08,-0.841%,2654,Sweden,,41072,Health Care,Biotechnology: Pharmaceutical Preparations
HCM,HUTCHMED (China) Limited American Depositary Shares,$14.57,-0.06,-0.410%,2541,Hong Kong,2016,71000,Health Care,Biotechnology: Pharmaceutical Preparations
CLDX,Celldex Therapeutics Inc.,$32.18,-0.23,-0.710%,2527,United States,,1443367,Health Care,Biotechnology: In Vitro & In Vivo Diagnostic Substances
BEAM,Beam Therapeutics Inc. Common Stock,$24.39,-0.06,-0.245%,2519,United States,2020,1695619,Health Care,Biotechnology: Biological Products (No Diagnostic Substances)
LQDA,Liquidia Corporation Common Stock,$27.99,-2.27,-7.502%,2505,United States,2018,21574042,Health Care,Biotechnology: Pharmaceutical Preparations
RVMDW,Revolution Medicines Inc. Warrant,$11.60,0.16,1.399%,2486,United States,,20255,Health Care,Biotechnology: Biological Products (No Diagnostic Substances)
SUPN,Supernus Pharmaceuticals Inc. Common Stock,$42.18,-0.86,-1.998%,2451,United States,2012,424651,Health Care,Biotechnology: Pharmaceutical Preparations
IRON,Disc Medicine Inc. Common Stock,$63.61,-1.85,-2.826%,2442,United States,,771858,Health Care,Biotechnology: Pharmaceutical Preparations
NRIX,Nurix Therapeutics Inc. Common stock,$23.34,-0.37,-1.561%,2422,United States,2020,1334909,Health Care,Biotechnology: Pharmaceutical Preparations
IMNM,Immunome Inc. Common Stock,$20.89,-0.62,-2.882%,2372,United States,2020,1096849,Health Care,Biotechnology: Pharmaceutical Preparations
HRMY,Harmony Biosciences Holdings Inc. Common Stock,$39.57,0.31,0.790%,2304,United States,2020,1227793,Health Care,Biotechnology: Pharmaceutical Preparations
SLS,SELLAS Life Sciences Group Inc. Common Stock,$11.33,-0.98,-7.961%,2288,United States,,6227508,Health Care,Biotechnology: Pharmaceutical Preparations
SDGR,Schrodinger Inc. Common Stock,$30.46,-0.59,-1.900%,2278,United States,2020,5142801,Health Care,Biotechnology: Pharmaceutical Preparations
VERA,Vera Therapeutics Inc. Class A Common Stock,$30.99,-1.3,-4.026%,2233,United States,2021,1009633,Health Care,Biotechnology: Pharmaceutical Preparations
ADMA,ADMA Biologics Inc Common Stock,$9.93,-0.1,-0.997%,2224,United States,,3969852,Health Care,Biotechnology: Biological Products (No Diagnostic Substances)
ALVO,Alvotech Ordinary Shares,$5.62,-0.18,-3.103%,2194,Luxembourg,,1201632,Health Care,Biotechnology: Biological Products (No Diagnostic Substances)
RXRX,Recursion Pharmaceuticals Inc. Class A Common Stock,$4.07,-0.06,-1.453%,2178,United States,2021,17484321,Health Care,Biotechnology: Biological Products (No Diagnostic Substances)
PHVS,Pharvaris N.V. Ordinary Shares,$31.01,-0.71,-2.238%,2160,Netherlands,2021,654594,Health Care,Biotechnology: Pharmaceutical Preparations
VRDN,Viridian Therapeutics Inc. Common Stock,$18.99,-1.6,-7.771%,2151,United States,2014,3375373,Health Care,Biotechnology: Pharmaceutical Preparations
BHC,Bausch Health Companies Inc. Common Stock,$5.73,-0.1,-1.715%,2142,Canada,,1454466,Health Care,Biotechnology: Pharmaceutical Preparations
AUPH,Aurinia Pharmaceuticals Inc Ordinary Shares,$15.95,-0.245,-1.513%,2122,Canada,,934034,Health Care,Biotechnology: Pharmaceutical Preparations
PBH,Prestige Consumer Healthcare Inc. Common Stock,$44.77,-1.1,-2.398%,2120,United States,2005,731431,Health Care,Biotechnology: Pharmaceutical Preparations
MLYS,Mineralys Therapeutics Inc. Common Stock,$23.72,-1.41,-5.611%,2097,United States,2023,1654646,Health Care,Biotechnology: Pharmaceutical Preparations
ADRX,ADARx Pharmaceuticals Inc. Common Stock,$19.54,-0.4,-2.006%,2086,United States,2026,962253,Health Care,Biotechnology: Pharmaceutical Preparations
BCRX,BioCryst Pharmaceuticals Inc. Common Stock,$8.12,-0.21,-2.521%,2074,United States,1994,6869838,Health Care,Biotechnology: Biological Products (No Diagnostic Substances)
GPCR,Structure Therapeutics Inc. American Depositary Shares,$28.98,-2.29,-7.323%,2066,United States,2023,2592903,Health Care,Biotechnology: Pharmaceutical Preparations
TRVI,Trevi Therapeutics Inc. Common Stock,$14.18,-0.14,-0.978%,2020,United States,2019,3145328,Health Care,Biotechnology: Pharmaceutical Preparations
VCEL,Vericel Corporation Common Stock,$39.44,-0.7,-1.744%,2019,United States,,497355,Health Care,Biotechnology: Biological Products (No Diagnostic Substances)
BHVN,Biohaven Ltd. Common Shares ,$13.14,-0.21,-1.573%,1984,United States,2022,1507259,Health Care,Biotechnology: Pharmaceutical Preparations
URGN,UroGen Pharma Ltd. Ordinary Shares,$40.55,-0.08,-0.197%,1982,Israel,2017,624646,Health Care,Biotechnology: Pharmaceutical Preparations
NUVB,Nuvation Bio Inc. Class A Common Stock,$5.56,-0.04,-0.714%,1952,United States,2020,3471551,Health Care,Biotechnology: Pharmaceutical Preparations
MRVI,Maravai LifeSciences Holdings Inc. Class A Common Stock,$7.50,-0.16,-2.089%,1947,United States,2020,4340498,Health Care,Biotechnology: Pharmaceutical Preparations
PRGO,Perrigo Company plc Ordinary Shares,$14.02,-0.74,-5.014%,1945,United States,,2635682,Health Care,Biotechnology: Pharmaceutical Preparations
AGIO,Agios Pharmaceuticals Inc. Common Stock,$32.48,-0.77,-2.316%,1939,United States,2013,1703772,Health Care,Biotechnology: Pharmaceutical Preparations
BRVE,Braveheart Bio Inc. Common Stock,$21.41,1.21,5.990%,1927,United States,2026,669436,Health Care,Biotechnology: Pharmaceutical Preparations
PVLA,Palvella Therapeutics Inc. Common Stock,$132.73,-5.2,-3.770%,1912,United States,,343389,Health Care,Biotechnology: Pharmaceutical Preparations
VIR,Vir Biotechnology Inc. Common Stock,$11.29,0.11,0.984%,1910,United States,2019,2575853,Health Care,Biotechnology: Biological Products (No Diagnostic Substances)
LKFT,Lakefront Biotherapeutics American Depositary Shares,$28.86,-0.79,-2.664%,1901,Belgium,2015,341555,Health Care,Biotechnology: Pharmaceutical Preparations
MESO,Mesoblast Limited American Depositary Shares,$14.32,-0.33,-2.253%,1862,Australia,2015,332318,Health Care,Biotechnology: Biological Products (No Diagnostic Substances)
SRPT,Sarepta Therapeutics Inc. Common Stock (DE),$17.57,-0.65,-3.568%,1855,United States,,2885388,Health Care,Biotechnology: Pharmaceutical Preparations
ZYME,Zymeworks Inc. Common Stock,$25.96,-0.53,-2.001%,1842,United States,,808720,Health Care,Biotechnology: Pharmaceutical Preparations
XNCR,Xencor Inc. Common Stock,$24.77,-0.18,-0.721%,1841,United States,2013,1095013,Health Care,Biotechnology: Pharmaceutical Preparations
ZBIO,Zenas BioPharma Inc. Common Stock,$27.94,0.97,3.597%,1821,United States,2024,881891,Health Care,Biotechnology: Pharmaceutical Preparations
SEPN,Septerna Inc. Common Stock,$38.05,-1.08,-2.760%,1776,United States,2024,545270,Health Care,Biotechnology: Pharmaceutical Preparations
GENB,Generate Biomedicines Inc. Common Stock,$13.80,-1.22,-8.123%,1771,United States,2026,1394860,Health Care,Biotechnology: Pharmaceutical Preparations
NVAX,Novavax Inc. Common Stock,$10.60,-0.21,-1.943%,1748,United States,,3149726,Health Care,Biotechnology: Biological Products (No Diagnostic Substances)
NTLA,Intellia Therapeutics Inc. Common Stock,$12.12,0.06,0.498%,1698,United States,2016,7448477,Health Care,Biotechnology: In Vitro & In Vivo Diagnostic Substances
XERS,Xeris Biopharma Holdings Inc. Common Stock,$9.25,-0.31,-3.243%,1686,United States,2018,3591131,Health Care,Biotechnology: Pharmaceutical Preparations
STOK,Stoke Therapeutics Inc. Common Stock,$26.01,0.01,0.038%,1678,United States,2019,1161215,Health Care,Biotechnology: Pharmaceutical Preparations
ANIP,ANI Pharmaceuticals Inc.,$72.96,0.31,0.427%,1675,United States,,316716,Health Care,Biotechnology: Pharmaceutical Preparations
CMPS,COMPASS Pathways Plc American Depository Shares,$11.95,-0.49,-3.939%,1654,United Kingdom,2020,3894084,Health Care,Biotechnology: Pharmaceutical Preparations
SNDX,Syndax Pharmaceuticals Inc. Common Stock,$18.22,-0.58,-3.085%,1626,United States,2016,1431674,Health Care,Biotechnology: Pharmaceutical Preparations
QURE,uniQure N.V. Ordinary Shares,$23.37,-0.79,-3.270%,1621,Netherlands,2014,3186035,Health Care,Biotechnology: Pharmaceutical Preparations
NKTR,Nektar Therapeutics  Common Stock,$46.99,-13.555,-22.388%,1604,United States,,6272082,Health Care,Biotechnology: Pharmaceutical Preparations
OCUL,Ocular Therapeutix Inc. Common Stock,$7.29,-0.38,-4.954%,1600,United States,2014,4514411,Health Care,Biotechnology: Pharmaceutical Preparations
RAPP,Rapport Therapeutics Inc. Common Stock,$32.83,-0.77,-2.292%,1575,United States,2024,326818,Health Care,Biotechnology: Pharmaceutical Preparations
IMCR,Immunocore Holdings plc American Depositary Shares,$30.54,0.25,0.825%,1572,United Kingdom,2021,769667,Health Care,Biotechnology: Biological Products (No Diagnostic Substances)
GHRS,GH Research PLC Ordinary Shares,$22.86,-0.62,-2.641%,1567,Ireland,2021,255146,Health Care,Biotechnology: Pharmaceutical Preparations
TSHA,Taysha Gene Therapies Inc. Common Stock,$4.74,-0.13,-2.669%,1544,United States,2020,3847698,Health Care,Biotechnology: Biological Products (No Diagnostic Substances)
NAMSW,NewAmsterdam Pharma Company N.V. Warrant,$12.65,0,0.000%,1512,Netherlands,,2,Health Care,Biotechnology: Pharmaceutical Preparations
ETON,Eton Pharmaceuticals Inc. Common Stock,$51.98,0.49,0.952%,1485,United States,2018,1326733,Health Care,Biotechnology: Pharmaceutical Preparations
INVA,Innoviva Inc. Common Stock,$20.55,-0.66,-3.112%,1484,United States,2004,927129,Health Care,Biotechnology: Pharmaceutical Preparations
AAPG,Ascentage Pharma Group International American Depository Shares,$15.90,-0.41,-2.514%,1483,China,2025,4331,Health Care,Biotechnology: Pharmaceutical Preparations
MAZE,Maze Therapeutics Inc. Common Stock,$26.65,-0.53,-1.950%,1480,United States,2025,589388,Health Care,Biotechnology: Biological Products (No Diagnostic Substances)
PAHC,Phibro Animal Health Corporation Class A Common Stock,$35.87,0.13,0.364%,1456,United States,2014,275091,Health Care,Biotechnology: Pharmaceutical Preparations
RARE,Ultragenyx Pharmaceutical Inc. Common Stock,$14.75,-0.28,-1.863%,1454,United States,2014,4117678,Health Care,Biotechnology: Pharmaceutical Preparations
COAG,Hemab Therapeutics Holdings Inc. Common Stock,$31.06,0.22,0.713%,1450,United States,2026,437795,Health Care,Biotechnology: Biological Products (No Diagnostic Substances)
TYRA,Tyra Biosciences Inc. Common Stock,$21.01,-0.86,-3.932%,1444,United States,2021,889717,Health Care,Biotechnology: Pharmaceutical Preparations
INBX,Inhibrx Biosciences Inc. Common Stock,$97.93,-2.15,-2.148%,1441,United States,,216655,Health Care,Biotechnology: Biological Products (No Diagnostic Substances)
ANAB,AnaptysBio Inc. Common Stock,$48.63,-1.63,-3.243%,1439,United States,2017,512371,Health Care,Biotechnology: Pharmaceutical Preparations
KLRA,Kailera Therapeutics Inc. Common Stock,$11.03,-0.39,-3.415%,1429,United States,2026,2188063,Health Care,Biotechnology: Pharmaceutical Preparations
AVBP,ArriVent BioPharma Inc. Common Stock,$28.93,-1.35,-4.458%,1426,United States,2024,591797,Health Care,Biotechnology: Pharmaceutical Preparations
KRSA,Korsana Biosciences Inc. Common Stock,$31.20,-0.8,-2.500%,1420,United States,,14750,Health Care,Biotechnology: Pharmaceutical Preparations
NBTX,Nanobiotix S.A. American Depositary Shares,$27.90,-3.26,-10.462%,1417,France,2020,192451,Health Care,Biotechnology: Pharmaceutical Preparations
OMER,Omeros Corporation Common Stock,$18.47,-0.57,-2.994%,1337,United States,2009,1236891,Health Care,Biotechnology: Pharmaceutical Preparations
KARD,Kardigan Inc. Common Stock,$14.25,-0.5,-3.390%,1332,United States,2026,913900,Health Care,Biotechnology: Pharmaceutical Preparations
ORIC,Oric Pharmaceuticals Inc. Common Stock,$12.52,-0.95,-7.053%,1297,United States,2020,1770975,Health Care,Biotechnology: Pharmaceutical Preparations
MNKD,MannKind Corporation Common Stock,$3.95,0.05,1.282%,1270,United States,2004,10190829,Health Care,Biotechnology: Pharmaceutical Preparations
REPL,Replimune Group Inc. Common Stock,$13.45,0.21,1.586%,1267,United States,2018,2518988,Health Care,Biotechnology: Biological Products (No Diagnostic Substances)
IMTX,Immatics N.V. Ordinary Shares,$8.44,-0.34,-3.872%,1262,Germany,,639788,Health Care,Biotechnology: Biological Products (No Diagnostic Substances)
DMRA,Damora Therapeutics Inc. Ordinary Shares,$20.23,-1.05,-4.934%,1248,Denmark,2020,354663,Health Care,Biotechnology: Pharmaceutical Preparations
AVLN,Avalyn Pharma Inc. Common Stock,$27.42,-1.07,-3.756%,1215,United States,2026,423604,Health Care,Biotechnology: Pharmaceutical Preparations
TRAX,First Tracks Biotherapeutics Inc. Ordinary Shares ,$33.92,-1.52,-4.289%,1211,United States,,564167,Health Care,Biotechnology: Pharmaceutical Preparations
BCAX,Bicara Therapeutics Inc. Common Stock,$18.20,-0.41,-2.203%,1204,United States,2024,698050,Health Care,Biotechnology: Pharmaceutical Preparations
LBRX,LB Pharmaceuticals Inc Common Stock,$37.28,-1.1,-2.866%,1202,United States,2025,278901,Health Care,Biotechnology: Pharmaceutical Preparations
OPK,OPKO Health Inc. Common Stock,$1.57,-0.04,-2.484%,1171,United States,,2496156,Health Care,Biotechnology: Pharmaceutical Preparations
HROW,Harrow Inc. Common Stock,$30.61,-0.19,-0.617%,1147,United States,,597258,Health Care,Biotechnology: Pharmaceutical Preparations
LTGO,Latigo Biotherapeutics Inc. Common Stock,$16.69,-0.01,-0.060%,1106,United States,2026,436725,Health Care,Biotechnology: Pharmaceutical Preparations
AMPH,Amphastar Pharmaceuticals Inc. Common Stock,$25.35,-0.46,-1.782%,1078,United States,2014,531032,Health Care,Biotechnology: Pharmaceutical Preparations
VOR,Vor Biopharma Inc. Common Stock,$18.06,-1.02,-5.346%,1068,United States,2021,876806,Health Care,Biotechnology: Biological Products (No Diagnostic Substances)
JANX,Janux Therapeutics Inc. Common Stock,$16.96,-0.32,-1.852%,1036,United States,2021,837576,Health Care,Biotechnology: Pharmaceutical Preparations
SVRA,Savara Inc. Common Stock,$5.04,-0.115,-2.229%,1036,United States,,2549682,Health Care,Biotechnology: Pharmaceutical Preparations
AKTS,Aktis Oncology Inc. Common stock,$18.52,-0.95,-4.879%,1030,United States,2026,305224,Health Care,Biotechnology: Pharmaceutical Preparations
MGTX,MeiraGTx Holdings plc Ordinary Shares,$10.66,-0.34,-3.091%,1023,United States,2018,1066090,Health Care,Biotechnology: Biological Products (No Diagnostic Substances)
ANL,Adlai Nortye Group Ltd. American Depositary Shares,$15.76,-0.24,-1.500%,1014,Cayman Islands,2023,124795,Health Care,Biotechnology: Pharmaceutical Preparations
SPTX,Seaport Therapeutics Inc. Common Stock,$18.95,-1.22,-6.049%,1014,United States,2026,330204,Health Care,Biotechnology: Pharmaceutical Preparations
PCRX,Pacira BioSciences Inc. Common Stock,$25.01,-0.04,-0.160%,996,United States,2011,510615,Health Care,Biotechnology: Pharmaceutical Preparations
ANRO,Alto Neuroscience Inc. Common Stock,$25.31,-0.22,-0.862%,993,United States,2024,575818,Health Care,Biotechnology: Pharmaceutical Preparations
ODTX,Odyssey Therapeutics Inc. Common Stock,$20.42,-1.8,-8.101%,981,United States,2026,308448,Health Care,Biotechnology: Biological Products (No Diagnostic Substances)
MLTX,MoonLake Immunotherapeutics Class A Ordinary Shares,$11.47,-0.23,-1.966%,976,United States,2020,1305355,Health Care,Biotechnology: Pharmaceutical Preparations
GLUE,Monte Rosa Therapeutics Inc. Common Stock,$11.26,-0.67,-5.616%,960,United States,2021,2868677,Health Care,Biotechnology: Biological Products (No Diagnostic Substances)
KURA,Kura Oncology Inc. Common Stock,$10.65,-0.06,-0.560%,947,United States,,2430825,Health Care,Biotechnology: Pharmaceutical Preparations
APMD,Apnimed Inc. Common Stock,$22.54,0.63,2.875%,938,United States,2026,747602,Health Care,Biotechnology: Pharmaceutical Preparations
CGEM,Cullinan Therapeutics Inc. Common Stock,$14.53,-0.82,-5.342%,935,United States,2021,911836,Health Care,Biotechnology: Biological Products (No Diagnostic Substances)
ALMS,Alumis Inc. Common Stock,$7.21,-0.18,-2.436%,933,United States,2024,2131458,Health Care,Biotechnology: Pharmaceutical Preparations
CRVS,Corvus Pharmaceuticals Inc. Common Stock,$10.93,-0.59,-5.122%,919,United States,2016,1309060,Health Care,Biotechnology: Pharmaceutical Preparations
NNNN,Anbio Biotechnology Class A Ordinary Shares,$6.29,-0.01,-0.159%,905,Germany,2025,12652,Health Care,Biotechnology: In Vitro & In Vivo Diagnostic Substances
ABUS,Arbutus Biopharma Corporation Common Stock,$4.56,-0.22,-4.603%,902,Canada,,16120399,Health Care,Biotechnology: Pharmaceutical Preparations
SLBT,SL Science Holding Limited Ordinary Shares,$1.60,-0.1,-5.882%,897,Taiwan,,34298,Health Care,Biotechnology: Biological Products (No Diagnostic Substances)
CYRX,CryoPort Inc. Common Stock,$17.36,-0.04,-0.230%,879,United States,,1044544,Health Care,Biotechnology: Pharmaceutical Preparations
RIGL,Rigel Pharmaceuticals Inc. Common Stock,$46.97,-1.18,-2.451%,877,United States,2000,235021,Health Care,Biotechnology: Pharmaceutical Preparations
JBIO,Jade Biosciences Inc. Common Stock,$13.77,-0.28,-1.993%,875,United States,2021,1071695,Health Care,Biotechnology: Pharmaceutical Preparations
HELP,Helus Pharma Inc. Common Stock,$11.91,-0.38,-3.092%,870,Canada,,1328365,Health Care,Biotechnology: Pharmaceutical Preparations
SANA,Sana Biotechnology Inc. Common Stock,$2.89,-0.025,-0.858%,865,United States,2021,3770605,Health Care,Biotechnology: Biological Products (No Diagnostic Substances)
IMMX,Immix Biopharma Inc. Common Stock,$10.23,-0.175,-1.682%,848,United States,2021,1648343,Health Care,Biotechnology: Pharmaceutical Preparations
ARDX,Ardelyx Inc. Common Stock,$3.38,-0.04,-1.170%,842,United States,2014,4107396,Health Care,Biotechnology: Pharmaceutical Preparations
OBX,Obsidian Therapeutics Inc. Common Stock,$13.32,-0.41,-2.986%,822,United States,,299813,Health Care,Biotechnology: Pharmaceutical Preparations
IVA,Inventiva S.A. American Depository Shares,$3.46,-0.23,-6.233%,817,France,2020,5325177,Health Care,Biotechnology: Pharmaceutical Preparations
ATTO,Attovia Therapeutics Inc. Common Stock,$17.79,0.65,3.792%,812,United States,2026,530821,Health Care,Biotechnology: Biological Products (No Diagnostic Substances)
LXRX,Lexicon Pharmaceuticals Inc. Common Stock,$1.82,-0.055,-2.933%,809,United States,,2273055,Health Care,Biotechnology: Pharmaceutical Preparations
DNA,Ginkgo Bioworks Holdings Inc. Class A Common Stock,$12.50,-0.33,-2.572%,804,United States,2021,2915996,Health Care,Biotechnology: Biological Products (No Diagnostic Substances)
AVTX,Avalo Therapeutics Inc. Common Stock,$14.95,-0.38,-2.479%,801,United States,2015,932405,Health Care,Biotechnology: Pharmaceutical Preparations
ANNX,Annexon Inc. Common Stock,$4.12,-0.11,-2.600%,781,United States,2020,3919089,Health Care,Biotechnology: Pharmaceutical Preparations
GYRE,Gyre Therapeutics Inc. Common Stock,$7.00,-0.33,-4.502%,780,United States,2006,140003,Health Care,Biotechnology: Pharmaceutical Preparations
CADL,Candel Therapeutics Inc. Common Stock,$10.16,-0.28,-2.682%,777,United States,2021,1037630,Health Care,Biotechnology: Biological Products (No Diagnostic Substances)
GERN,Geron Corporation Common Stock,$1.21,-0.02,-1.626%,777,United States,1996,13255464,Health Care,Biotechnology: Pharmaceutical Preparations
ACHV,Achieve Life Sciences Inc. Common Shares,$7.53,-0.56,-6.922%,774,United States,,1153561,Health Care,Biotechnology: In Vitro & In Vivo Diagnostic Substances
DSGN,Design Therapeutics Inc. Common Stock,$12.24,-0.33,-2.625%,765,United States,2021,346599,Health Care,Biotechnology: Pharmaceutical Preparations
FDMT,4D Molecular Therapeutics Inc. Common Stock,$13.84,-0.47,-3.284%,764,United States,2020,655487,Health Care,Biotechnology: Biological Products (No Diagnostic Substances)
WVE,Wave Life Sciences Inc. Common Stock,$3.88,0.18,4.865%,764,Singapore,2015,5418894,Health Care,Biotechnology: Pharmaceutical Preparations
SLDB,Solid Biosciences Inc. Common Stock,$6.98,-0.25,-3.458%,748,United States,2018,1582217,Health Care,Biotechnology: Biological Products (No Diagnostic Substances)
FTH,Faeth Therapeutics Inc. Common Stock,$28.27,-1.47,-4.943%,730,United States,2021,268499,Health Care,Biotechnology: Pharmaceutical Preparations
OLMA,Olema Pharmaceuticals Inc. Common Stock,$8.27,-0.37,-4.282%,723,United States,2020,1009532,Health Care,Biotechnology: Pharmaceutical Preparations
VSTM,Verastem Inc. Common Stock,$7.90,-0.15,-1.863%,715,United States,2012,1762517,Health Care,Biotechnology: Pharmaceutical Preparations
QDEL,QuidelOrtho Corporation Common Stock,$10.38,-0.16,-1.518%,711,United States,,2768575,Health Care,Biotechnology: In Vitro & In Vivo Diagnostic Substances
COLL,Collegium Pharmaceutical Inc. Common Stock,$21.84,0.02,0.092%,711,United States,2015,1000136,Health Care,Biotechnology: Pharmaceutical Preparations
PHAR,Pharming Group N.V. ADS each representing 10 ordinary shares,$9.95,-0.04,-0.400%,702,Netherlands,,12099,Health Care,Biotechnology: Pharmaceutical Preparations
STTK,Shattuck Labs Inc. Common Stock,$6.84,0.02,0.293%,686,United States,2020,2023697,Health Care,Biotechnology: Pharmaceutical Preparations
NVCT,Nuvectis Pharma Inc. Common Stock,$20.72,-0.4,-1.894%,675,United States,2022,168287,Health Care,Biotechnology: Pharmaceutical Preparations
ETRA,Electra Therapeutics Inc. Common stock,$10.68,-0.57,-5.067%,670,United States,2026,1255371,Health Care,Biotechnology: Biological Products (No Diagnostic Substances)
DBVT,DBV Technologies S.A. American Depositary Shares,$11.21,-0.55,-4.677%,663,France,2014,564497,Health Care,Biotechnology: Biological Products (No Diagnostic Substances)
ACRS,Aclaris Therapeutics Inc. Common Stock,$4.41,-0.85,-16.160%,649,United States,2015,5177137,Health Care,Biotechnology: Pharmaceutical Preparations
CLYM,Climb Bio Inc. Common Stock,$11.07,-0.4,-3.487%,635,United States,2021,953175,Health Care,Biotechnology: Pharmaceutical Preparations
AURA,Aura Biosciences Inc. Common Stock,$6.04,-0.24,-3.822%,626,United States,2021,807356,Health Care,Biotechnology: Biological Products (No Diagnostic Substances)
MPLT,MapLight Therapeutics Inc. Common Stock,$9.63,-0.56,-5.496%,623,United States,2025,432241,Health Care,Biotechnology: Pharmaceutical Preparations
IRWD,Ironwood Pharmaceuticals Inc. Class A Common Stock,$3.76,-0.21,-5.290%,621,United States,2010,2642569,Health Care,Biotechnology: Pharmaceutical Preparations
ZVRA,Zevra Therapeutics Inc. Common Stock,$10.18,-0.79,-7.201%,604,United States,,1301161,Health Care,Biotechnology: Pharmaceutical Preparations
BLSM,BlossomHill Therapeutics Inc. Common Stock,$18.59,-0.05,-0.268%,590,United States,2026,152599,Health Care,Biotechnology: Pharmaceutical Preparations
EVO,Evotec SE American Depositary Shares,$1.65,-0.065,-3.801%,585,Germany,2021,119057,Health Care,Biotechnology: Pharmaceutical Preparations
CRMD,CorMedix Inc. Common Stock,$7.42,-0.28,-3.636%,578,United States,,1052595,Health Care,Biotechnology: Pharmaceutical Preparations
SGMT,Sagimet Biosciences Inc. Series A Common Stock,$9.37,-0.51,-5.162%,577,United States,2023,2008424,Health Care,Biotechnology: Pharmaceutical Preparations
CTMX,CytomX Therapeutics Inc. Common Stock,$2.63,-0.09,-3.309%,573,United States,2015,2697839,Health Care,Biotechnology: Pharmaceutical Preparations
PHAT,Phathom Pharmaceuticals Inc. Common Stock,$7.08,-0.22,-3.014%,572,United States,2019,1059783,Health Care,Biotechnology: Pharmaceutical Preparations
VALN,Valneva SE American Depositary Shares,$5.90,-0.285,-4.608%,559,France,2021,34515,Health Care,Biotechnology: Biological Products (No Diagnostic Substances)
AQST,Aquestive Therapeutics Inc. Common Stock,$4.44,-0.19,-4.104%,557,United States,2018,2686573,Health Care,Biotechnology: Pharmaceutical Preparations
PRME,Prime Medicine Inc. Common Stock,$2.99,-0.065,-2.128%,542,United States,2022,2829856,Health Care,Biotechnology: Biological Products (No Diagnostic Substances)
ALT,Altimmune Inc. Common Stock,$2.76,-0.1,-3.497%,536,United States,,3593584,Health Care,Biotechnology: Pharmaceutical Preparations
FBIOP,Fortress Biotech Inc. 9.375% Series A Cumulative Redeemable Perpetual Preferred Stock,$16.06,-0.45,-2.726%,535,United States,,7290,Health Care,Biotechnology: Pharmaceutical Preparations
ALLO,Allogene Therapeutics Inc. Common Stock,$1.54,-0.06,-3.750%,532,United States,2018,4606963,Health Care,Biotechnology: Biological Products (No Diagnostic Substances)
NGNE,Neurogene Inc. Common Stock ,$26.55,-1.27,-4.565%,531,Canada,2014,182613,Health Care,Biotechnology: Pharmaceutical Preparations
CBIO,Crescent Biopharma Inc. Common Stock,$14.26,-0.33,-2.262%,529,United States,2014,300914,Health Care,Biotechnology: Pharmaceutical Preparations
MNPR,Monopar Therapeutics Inc. Common Stock,$77.97,-1.7,-2.134%,523,United States,2019,130826,Health Care,Biotechnology: Pharmaceutical Preparations
CAPR,Capricor Therapeutics Inc. Common Stock,$8.94,-0.53,-5.597%,519,United States,,3875995,Health Care,Biotechnology: Pharmaceutical Preparations
PROK,ProKidney Corp. Class A Ordinary Shares,$1.71,0.05,3.012%,516,United States,2021,1511189,Health Care,Biotechnology: Biological Products (No Diagnostic Substances)
OCS,Oculis Holding AG Ordinary shares,$8.76,-0.58,-6.210%,507,Switzerland,,578470,Health Care,Biotechnology: Pharmaceutical Preparations
PBYI,Puma Biotechnology Inc Common Stock,$9.84,-0.09,-0.906%,507,United States,,518447,Health Care,Biotechnology: Pharmaceutical Preparations
EOLS,Evolus Inc. Common Stock,$7.69,-0.31,-3.875%,507,United States,2018,922586,Health Care,Biotechnology: Pharmaceutical Preparations
ENTX,Entera Bio Ltd. Ordinary Shares,$2.89,-0.02,-0.687%,502,Israel,2018,640888,Health Care,Biotechnology: Biological Products (No Diagnostic Substances)
SLN,Silence Therapeutics Plc American Depository Share,$10.71,-0.22,-2.013%,501,United Kingdom,,1578918,Health Care,Biotechnology: Pharmaceutical Preparations
AUTL,Autolus Therapeutics plc American Depositary Share,$1.85,-0.09,-4.639%,492,United Kingdom,2018,1458903,Health Care,Biotechnology: Biological Products (No Diagnostic Substances)
RGNX,REGENXBIO Inc. Common Stock,$7.42,-0.11,-1.461%,489,United States,2015,1705187,Health Care,Biotechnology: Biological Products (No Diagnostic Substances)
CTNM,Contineum Therapeutics Inc. Class A Common Stock,$12.99,-0.43,-3.204%,488,United States,2024,774017,Health Care,Biotechnology: Pharmaceutical Preparations
ARVN,Arvinas Inc. Common Stock,$7.43,-0.305,-3.943%,485,United States,2018,807375,Health Care,Biotechnology: Pharmaceutical Preparations
DRUG,Bright Minds Biosciences Inc. Common Stock,$49.21,-0.61,-1.224%,483,Canada,,167000,Health Care,Biotechnology: Pharmaceutical Preparations
TKNO,Alpha Teknova Inc. Common Stock,$8.86,-0.04,-0.449%,475,United States,2021,344339,Health Care,Biotechnology: In Vitro & In Vivo Diagnostic Substances
OVID,Ovid Therapeutics Inc. Common Stock,$2.43,-0.06,-2.410%,474,United States,2017,1349475,Health Care,Biotechnology: Pharmaceutical Preparations
KMDA,Kamada Ltd. Ordinary Shares,$8.20,-0.26,-3.073%,473,Israel,2013,93674,Health Care,Biotechnology: Pharmaceutical Preparations
ASMB,Assembly Biosciences Inc. Common Stock,$22.98,-0.51,-2.171%,467,United States,2010,350816,Health Care,Biotechnology: Pharmaceutical Preparations
DMAC,DiaMedica Therapeutics Inc. Common Stock,$8.35,0.08,0.967%,450,United States,2018,234227,Health Care,Biotechnology: Pharmaceutical Preparations
TECX,Tectonic Therapeutic Inc. Common Stock,$22.67,-0.62,-2.662%,443,United States,2018,343524,Health Care,Biotechnology: Biological Products (No Diagnostic Substances)
PRTA,Prothena Corporation plc Ordinary Shares,$8.54,0.16,1.909%,438,United States,,457153,Health Care,Biotechnology: Pharmaceutical Preparations
AGMB,AgomAb Therapeutics NV American Depositary Shares,$8.65,-2.45,-22.072%,425,Belgium,2026,639387,Health Care,Biotechnology: Biological Products (No Diagnostic Substances)
SPRY,ARS Pharmaceuticals Inc. Common Stock,$4.12,-0.19,-4.408%,409,United States,2020,1971582,Health Care,Biotechnology: Pharmaceutical Preparations
AVIR,Atea Pharmaceuticals Inc. Common Stock,$5.10,-0.11,-2.111%,409,United States,2020,408666,Health Care,Biotechnology: Pharmaceutical Preparations
KYTX,Kyverna Therapeutics Inc. Common Stock,$6.52,-0.28,-4.118%,403,United States,2024,788514,Health Care,Biotechnology: Biological Products (No Diagnostic Substances)
EIKN,Eikon Therapeutics Inc. Common Stock,$7.41,-0.63,-7.836%,401,United States,2026,624581,Health Care,Biotechnology: Biological Products (No Diagnostic Substances)
ZURA,Zura Bio Limited Class A Ordinary Shares,$4.14,-0.02,-0.481%,396,Cayman Islands,,2913599,Health Care,Biotechnology: Biological Products (No Diagnostic Substances)
TTRX,Turn Therapeutics Inc. Common Stock,$13.31,-1.08,-7.505%,396,United States,,122102,Health Care,Biotechnology: Pharmaceutical Preparations
RZLT,Rezolute Inc. Common Stock (NV),$4.07,-0.07,-1.691%,393,United States,,981738,Health Care,Biotechnology: Pharmaceutical Preparations
RLMD,Relmada Therapeutics Inc. Common Stock,$3.66,-0.11,-2.918%,390,United States,,1358483,Health Care,Biotechnology: Pharmaceutical Preparations
MYGN,Myriad Genetics Inc. Common Stock,$4.06,-0.25,-5.800%,388,United States,1995,1657984,Health Care,Biotechnology: In Vitro & In Vivo Diagnostic Substances
EDIT,Editas Medicine Inc. Common Stock,$2.52,-0.05,-1.946%,387,United States,2016,1544290,Health Care,Biotechnology: Biological Products (No Diagnostic Substances)
CCCC,C4 Therapeutics Inc. Common Stock,$3.14,-0.19,-5.706%,386,United States,2020,1892070,Health Care,Biotechnology: Biological Products (No Diagnostic Substances)
GALT,Galectin Therapeutics Inc. Common Stock,$3.76,-0.12,-3.093%,379,United States,,327433,Health Care,Biotechnology: Pharmaceutical Preparations
AGEN,Agenus Inc. Common Stock,$8.33,-1.6,-16.113%,376,United States,2000,1952219,Health Care,Biotechnology: Biological Products (No Diagnostic Substances)
ARCT,Arcturus Therapeutics Holdings Inc. Common Stock,$13.21,-0.48,-3.506%,375,Israel,2013,497356,Health Care,Biotechnology: Pharmaceutical Preparations
IRD,Opus Genetics Inc. Common Stock,$4.51,-0.33,-6.818%,375,United States,,1873990,Health Care,Biotechnology: Pharmaceutical Preparations
ENTA,Enanta Pharmaceuticals Inc. Common Stock,$12.84,-0.34,-2.580%,373,United States,2013,331493,Health Care,Biotechnology: Pharmaceutical Preparations
FENC,Fennec Pharmaceuticals Inc. Common Stock,$10.33,-0.32,-3.005%,361,United States,,130158,Health Care,Biotechnology: Biological Products (No Diagnostic Substances)
SRZN,Surrozen Inc. Common Stock,$30.00,-2.18,-6.774%,352,United States,,438560,Health Care,Biotechnology: Biological Products (No Diagnostic Substances)
OCGN,Ocugen Inc. Common Stock,$1.00,-0.03,-2.913%,339,United States,2014,5058485,Health Care,Biotechnology: Biological Products (No Diagnostic Substances)
BNTC,Benitec Biopharma Inc. Common Stock,$9.58,-0.42,-4.200%,334,United States,2015,103102,Health Care,Biotechnology: Pharmaceutical Preparations
ARTV,Artiva Biotherapeutics Inc. Common Stock,$6.79,-0.33,-4.635%,331,United States,2024,444390,Health Care,Biotechnology: Biological Products (No Diagnostic Substances)
EBS,Emergent BioSolutions Inc. Common Stock,$6.37,-0.23,-3.485%,326,United States,2006,811242,Health Care,Biotechnology: Pharmaceutical Preparations
SCTX,Scribe Therapeutics Inc. Common Stock,$17.18,-1.23,-6.683%,325,United States,2026,670092,Health Care,Biotechnology: Biological Products (No Diagnostic Substances)
CABA,Cabaletta Bio Inc. Common Stock,$1.89,-0.03,-1.563%,320,United States,2019,8535389,Health Care,Biotechnology: Biological Products (No Diagnostic Substances)
LRMR,Larimar Therapeutics Inc. Common Stock,$3.06,-0.135,-4.225%,317,United States,2014,858326,Health Care,Biotechnology: Pharmaceutical Preparations
BBOT,BridgeBio Oncology Therapeutics Inc. Common Stock  ,$3.94,-0.16,-3.902%,315,United States,2024,1363725,Health Care,Biotechnology: Pharmaceutical Preparations
CYPH,Cypherpunk Technologies Inc. Common Stock,$2.92,-0.41,-12.312%,314,United States,,15690430,Health Care,Biotechnology: Pharmaceutical Preparations
BIOA,BioAge Labs Inc. Common Stock,$6.81,-0.28,-3.949%,312,United States,2024,591136,Health Care,Biotechnology: Pharmaceutical Preparations
CATX,Perspective Therapeutics Inc. Common Stock,$2.72,-0.03,-1.091%,310,United States,,1542550,Health Care,Biotechnology: Pharmaceutical Preparations
PRLD,Prelude Therapeutics Incorporated Common Stock,$3.79,-0.12,-3.069%,302,United States,2020,502517,Health Care,Biotechnology: Pharmaceutical Preparations
VOGX,Vogenx Inc Common Stock,$20.06,-2.73,-11.979%,297,United States,2026,94610,Health Care,Biotechnology: Pharmaceutical Preparations
LXEO,Lexeo Therapeutics Inc. Common Stock,$3.62,0.24,7.101%,297,United States,2023,2886521,Health Care,Biotechnology: Biological Products (No Diagnostic Substances)
IPSC,Century Therapeutics Inc. Common Stock,$1.61,-0.1,-5.848%,291,United States,2021,622513,Health Care,Biotechnology: Biological Products (No Diagnostic Substances)
VNDA,Vanda Pharmaceuticals Inc. Common Stock,$4.81,-0.1,-2.037%,290,United States,2006,1351746,Health Care,Biotechnology: Pharmaceutical Preparations
ABEO,Abeona Therapeutics Inc. Common Stock,$5.01,-0.24,-4.571%,286,United States,,1475822,Health Care,Biotechnology: Pharmaceutical Preparations
ACIU,AC Immune SA Common Stock,$2.81,0.19,7.252%,285,Switzerland,2016,352707,Health Care,Biotechnology: Pharmaceutical Preparations
RCKT,Rocket Pharmaceuticals Inc. Common Stock,$2.59,-0.04,-1.521%,284,United States,2015,2091990,Health Care,Biotechnology: Pharmaceutical Preparations
INDP,Indaptus Therapeutics Inc. Common Stock,$2.12,-0.18,-7.826%,282,United States,,479406,Health Care,Biotechnology: Pharmaceutical Preparations
FULC,Fulcrum Therapeutics Inc. Common Stock,$3.68,-0.02,-0.541%,280,United States,2019,1227545,Health Care,Biotechnology: Pharmaceutical Preparations
XFOR,X4 Pharmaceuticals Inc. Common Stock,$2.83,-0.07,-2.414%,280,United States,2017,501500,Health Care,Biotechnology: Biological Products (No Diagnostic Substances)
SABS,SAB Biotherapeutics Inc. Common Stock,$3.06,-0.11,-3.470%,278,United States,2021,426593,Health Care,Biotechnology: Biological Products (No Diagnostic Substances)
UPB,Upstream Bio Inc. Common Stock,$5.04,-0.23,-4.364%,276,United States,2024,832385,Health Care,Biotechnology: Pharmaceutical Preparations
FATE,Fate Therapeutics Inc. Common Stock,$2.30,-0.07,-2.954%,275,United States,2013,812989,Health Care,Biotechnology: Biological Products (No Diagnostic Substances)
IKT,Inhibikase Therapeutics Inc. Common Stock,$1.93,-0.125,-6.083%,269,United States,2020,476976,Health Care,Biotechnology: Biological Products (No Diagnostic Substances)
AMRN,Amarin Corporation plc,$12.72,-0.28,-2.154%,268,Ireland,,77333,Health Care,Biotechnology: Pharmaceutical Preparations
STRO,Sutro Biopharma Inc. Common Stock,$15.97,-0.14,-0.869%,264,United States,2018,197001,Health Care,Biotechnology: Biological Products (No Diagnostic Substances)
EVMN,Evommune Inc. Common Stock,$7.21,-1.05,-12.712%,261,United States,2025,1525199,Health Care,Biotechnology: Pharmaceutical Preparations
IMRX,Immuneering Corporation Class A Common Stock,$4.03,-0.065,-1.587%,260,United States,2021,538240,Health Care,Biotechnology: Pharmaceutical Preparations
GLSI,Greenwich LifeSciences Inc. Common Stock,$17.35,-0.7,-3.878%,254,United States,2020,121619,Health Care,Biotechnology: Pharmaceutical Preparations
IFRX,InflaRx N.V. Common Stock,$1.71,-0.09,-5.000%,251,Germany,2017,369964,Health Care,Biotechnology: Pharmaceutical Preparations
PALI,Palisade Bio Inc. Common Stock,$1.43,0.08,5.926%,249,United States,,2645209,Health Care,Biotechnology: Biological Products (No Diagnostic Substances)
BCYC,Bicycle Therapeutics plc American Depositary Shares,$3.56,-0.12,-3.261%,249,United Kingdom,2019,379987,Health Care,Biotechnology: Pharmaceutical Preparations
LFCR,Lifecore Biomedical Inc. Common Stock,$6.53,-0.05,-0.760%,247,United States,,707121,Health Care,Biotechnology: Pharmaceutical Preparations
ZNTL,Zentalis Pharmaceuticals Inc. Common Stock,$2.60,-0.165,-5.957%,246,United States,2020,1898791,Health Care,Biotechnology: Pharmaceutical Preparations
QTTB,Q32 Bio Inc. Common Stock,$8.25,-0.02,-0.242%,245,United States,2018,3087637,Health Care,Biotechnology: Pharmaceutical Preparations
AKBA,Akebia Therapeutics Inc. Common Stock,$0.87,-0.049,-5.326%,241,United States,2014,4518319,Health Care,Biotechnology: Pharmaceutical Preparations
CAMP,CAMP4 Therapeutics Corporation Common Stock,$3.84,-0.2,-4.950%,240,United States,2024,994728,Health Care,Biotechnology: Pharmaceutical Preparations
SIGA,SIGA Technologies Inc. Common Stock,$3.35,-0.05,-1.471%,240,United States,,619945,Health Care,Biotechnology: Pharmaceutical Preparations
IVVD,Invivyd Inc. Common Stock,$0.82,-0.0536,-6.160%,240,United States,2021,5459853,Health Care,Biotechnology: Biological Products (No Diagnostic Substances)
SLGL,Sol-Gel Technologies Ltd. Ordinary Shares,$73.00,-1.28,-1.723%,239,Israel,2018,32774,Health Care,Biotechnology: Pharmaceutical Preparations
LYEL,Lyell Immunopharma Inc. Common Stock,$9.41,-0.38,-3.882%,230,United States,2021,115255,Health Care,Biotechnology: Pharmaceutical Preparations
SION,Sionna Therapeutics Inc. Common Stock,$5.10,-0.16,-3.042%,230,United States,2025,1059894,Health Care,Biotechnology: Pharmaceutical Preparations
PRQR,ProQR Therapeutics N.V. Ordinary Shares,$1.63,-0.03,-1.807%,230,Netherlands,2014,1970535,Health Care,Biotechnology: Pharmaceutical Preparations
MGNX,MacroGenics Inc. Common Stock,$3.60,-0.26,-6.736%,229,United States,2013,656640,Health Care,Biotechnology: Pharmaceutical Preparations
LCTX,Lineage Cell Therapeutics Inc. Common Stock,$0.90,-0.0515,-5.389%,228,United States,,1651943,Health Care,Biotechnology: Biological Products (No Diagnostic Substances)
KROS,Keros Therapeutics Inc. Common Stock,$11.26,-0.14,-1.228%,223,United States,2020,140178,Health Care,Biotechnology: Pharmaceutical Preparations
NATR,Nature's Sunshine Products Inc. Common Stock,$12.59,-0.1,-0.788%,221,United States,,159967,Health Care,Biotechnology: Pharmaceutical Preparations
CGEN,Compugen Ltd. Ordinary Shares,$2.34,-0.04,-1.681%,221,Israel,2000,173354,Health Care,Biotechnology: Biological Products (No Diagnostic Substances)
TRDA,Entrada Therapeutics Inc. Common Stock,$5.68,-0.67,-10.551%,221,United States,2021,425152,Health Care,Biotechnology: Pharmaceutical Preparations
YARW,Yarrow Bioscience Inc. Common Stock,$23.60,1.08,4.796%,219,United States,2018,35416,Health Care,Biotechnology: Pharmaceutical Preparations
RNAC,Cartesian Therapeutics Inc. Common Stock,$7.22,0.01,0.139%,218,United States,2016,175763,Health Care,Biotechnology: Pharmaceutical Preparations
PLX,Protalix BioTherapeutics Inc. (DE) Common Stock,$2.68,-0.08,-2.899%,215,Israel,,1589293,Health Care,Biotechnology: Biological Products (No Diagnostic Substances)
WHWK,Whitehawk Therapeutics Inc. Common Stock,$3.76,0,0.000%,214,United States,,208078,Health Care,Biotechnology: Pharmaceutical Preparations
ANTX,AN2 Therapeutics Inc. Common Stock,$5.62,0.3,5.639%,212,United States,2022,509449,Health Care,Biotechnology: Pharmaceutical Preparations
ALEC,Alector Inc. Common Stock,$1.86,0.01,0.541%,207,United States,2019,774599,Health Care,Biotechnology: Biological Products (No Diagnostic Substances)
ELDN,Eledon Pharmaceuticals Inc. Common Stock,$2.44,-0.095,-3.755%,197,United States,2014,616538,Health Care,Biotechnology: Pharmaceutical Preparations
ADAG,Adagene Inc. American Depositary Shares,$2.93,-0.27,-8.438%,193,China,2021,278287,Health Care,Biotechnology: Pharmaceutical Preparations
DERM,Journey Medical Corporation Common Stock,$6.72,-0.12,-1.754%,189,United States,2021,103839,Health Care,Biotechnology: Pharmaceutical Preparations
SDEV,Stablecoin Development Corporation Common Stock,$3.66,1.07,41.313%,189,United States,,107778998,Health Care,Biotechnology: Pharmaceutical Preparations
CRDL,Cardiol Therapeutics Inc. Class A Common Shares,$1.56,-0.1,-6.024%,188,Canada,,1829269,Health Care,Biotechnology: Biological Products (No Diagnostic Substances)
NGEN,NervGen Pharma Corp. Common stock,$1.76,-0.15,-7.853%,187,Canada,,1051278,Health Care,Biotechnology: Pharmaceutical Preparations
ORMP,Oramed Pharmaceuticals Inc. Common Stock,$4.48,-0.19,-4.069%,186,Israel,,272611,Health Care,Biotechnology: Pharmaceutical Preparations
CUE,Cue Biopharma Inc. Common Stock,$25.25,-0.62,-2.397%,183,United States,2018,183453,Health Care,Biotechnology: Pharmaceutical Preparations
NKTX,Nkarta Inc. Common Stock,$2.56,-0.06,-2.290%,183,United States,2020,402302,Health Care,Biotechnology: Pharmaceutical Preparations
PYXS,Pyxis Oncology Inc. Common Stock,$2.19,-0.14,-6.009%,182,United States,2021,2604663,Health Care,Biotechnology: Pharmaceutical Preparations
MSLE,Satellos Bioscience Inc. Common Stock,$8.50,0,0.000%,180,Canada,,79984,Health Care,Biotechnology: Pharmaceutical Preparations
ORGO,Organogenesis Holdings Inc. Class A Common Stock,$1.40,0.03,2.190%,180,United States,2016,684634,Health Care,Biotechnology: Pharmaceutical Preparations
ALXO,ALX Oncology Holdings Inc. Common Stock,$1.30,-0.09,-6.475%,179,United States,2020,1481508,Health Care,Biotechnology: Pharmaceutical Preparations
CHRS,Coherus Oncology Inc. Common Stock,$1.16,-0.05,-4.132%,179,United States,2014,709405,Health Care,Biotechnology: Biological Products (No Diagnostic Substances)
IPHA,Innate Pharma S.A. ADS,$1.59,-0.04,-2.454%,177,France,2019,64056,Health Care,Biotechnology: Biological Products (No Diagnostic Substances)
AVXL,Anavex Life Sciences Corp. Common Stock,$1.89,-0.13,-6.436%,175,United States,,2342850,Health Care,Biotechnology: Biological Products (No Diagnostic Substances)
DTIL,Precision BioSciences Inc. Common Stock,$6.33,0.07,1.118%,174,United States,2019,242174,Health Care,Biotechnology: Biological Products (No Diagnostic Substances)
CNTN,Canton Strategic Holdings Inc. Common Stock,$2.19,-0.19,-8.000%,174,United States,2022,721776,Health Care,Biotechnology: Pharmaceutical Preparations
FHTX,Foghorn Therapeutics Inc. Common Stock,$2.92,-0.65,-18.207%,173,United States,2020,13378448,Health Care,Biotechnology: Pharmaceutical Preparations
VRXA,Veraxa Biotech AG Ordinary Shares,$1.19,-0.06,-4.800%,168,Switzerland,,65571,Health Care,Biotechnology: Pharmaceutical Preparations
VYGR,Voyager Therapeutics Inc. Common Stock,$2.67,-0.005,-0.187%,164,United States,2015,600102,Health Care,Biotechnology: Biological Products (No Diagnostic Substances)
TARA,Protara Therapeutics Inc.  Common Stock,$2.76,-0.29,-9.508%,163,United States,2014,4999054,Health Care,Biotechnology: Biological Products (No Diagnostic Substances)
CMPX,Compass Therapeutics Inc. Common Stock,$0.90,-0.1389,-13.356%,162,United States,,10067775,Health Care,Biotechnology: Biological Products (No Diagnostic Substances)
TNXP,Tonix Pharmaceuticals Holding Corp. Common Stock,$9.23,-0.51,-5.236%,158,United States,,477101,Health Care,Biotechnology: Pharmaceutical Preparations
OCSAW,Oculis Holding AG Warrants,$2.68,-0.22,-7.586%,155,Switzerland,,1947,Health Care,Biotechnology: Pharmaceutical Preparations
NBP,NovaBridge Biosciences American Depositary Shares,$1.34,-0.025,-1.832%,154,China,2020,342397,Health Care,Biotechnology: Pharmaceutical Preparations
MENS,Jyong Biotech Ltd. Ordinary Shares,$2.03,-0.02,-0.976%,154,Taiwan,2025,31275,Health Care,Biotechnology: Pharmaceutical Preparations
NERV,Minerva Neurosciences Inc Common Stock,$3.23,-0.12,-3.582%,154,United States,2014,89222,Health Care,Biotechnology: Pharmaceutical Preparations
PEPG,PepGen Inc. Common Stock,$2.21,-0.21,-8.678%,153,United States,2022,783014,Health Care,Biotechnology: Pharmaceutical Preparations
ABOS,Acumen Pharmaceuticals Inc. Common Stock,$2.07,-0.15,-6.757%,149,United States,2021,833420,Health Care,Biotechnology: Biological Products (No Diagnostic Substances)
KZIA,Kazia Therapeutics Limited American Depositary Shares,$9.47,-0.125,-1.303%,147,Australia,,132214,Health Care,Biotechnology: Pharmaceutical Preparations
MOLN,Molecular Partners AG American Depositary Shares,$3.91,0,0.000%,146,Switzerland,2021,761,Health Care,Biotechnology: Biological Products (No Diagnostic Substances)
TLSA,Tiziana Life Sciences Ltd. Common Shares,$1.14,0.03,2.703%,145,United Kingdom,2018,697735,Health Care,Biotechnology: Pharmaceutical Preparations
KRRO,Korro Bio Inc. Common Stock,$9.71,-0.2,-2.018%,142,United States,2019,88795,Health Care,Biotechnology: Pharmaceutical Preparations
CLLS,Cellectis S.A. American Depositary Shares,$1.40,-0.11,-7.285%,140,France,2015,140743,Health Care,Biotechnology: Pharmaceutical Preparations
OTLK,Outlook Therapeutics Inc. Common Stock,$0.57,0.0015,0.262%,139,United States,2016,7068893,Health Care,Biotechnology: Biological Products (No Diagnostic Substances)
HUMA,Humacyte Inc. Common Stock,$0.50,-0.0148,-2.859%,139,United States,2020,2995308,Health Care,Biotechnology: Biological Products (No Diagnostic Substances)
RNA,Atrium Therapeutics Inc. Common Stock,$8.14,-0.14,-1.691%,139,United States,,395730,Health Care,Biotechnology: Pharmaceutical Preparations
OGI,Organigram Global Inc. Common Shares,$0.98,-0.0136,-1.366%,138,Canada,,519143,Health Care,Biotechnology: Pharmaceutical Preparations
ADCT,ADC Therapeutics SA Common Shares,$1.08,-0.14,-11.475%,137,Switzerland,2020,862282,Health Care,Biotechnology: Pharmaceutical Preparations
ENGN,enGene Therapeutics Inc. Common Stock,$1.98,-0.02,-1.000%,132,Canada,,903050,Health Care,Biotechnology: Biological Products (No Diagnostic Substances)
PMVP,PMV Pharmaceuticals Inc. Common Stock,$1.75,0.08,4.790%,132,United States,2020,1647444,Health Care,Biotechnology: Pharmaceutical Preparations
CRBU,Caribou Biosciences Inc. Common Stock,$1.22,-0.05,-3.937%,130,United States,2021,687409,Health Care,Biotechnology: Biological Products (No Diagnostic Substances)
SPRB,Spruce Biosciences Inc. Common Stock,$44.77,-3.81,-7.843%,128,United States,2020,79648,Health Care,Biotechnology: Pharmaceutical Preparations
TNYA,Tenaya Therapeutics Inc. Common Stock,$0.57,-0.0379,-6.279%,126,United States,2021,4755458,Health Care,Biotechnology: Biological Products (No Diagnostic Substances)
UNCY,Unicycive Therapeutics Inc. Common Stock,$4.55,-0.145,-3.088%,126,United States,2021,1068838,Health Care,Biotechnology: Pharmaceutical Preparations
HURA,TuHURA Biosciences Inc. Common Stock,$1.98,-0.12,-5.714%,126,United States,,273616,Health Care,Biotechnology: Pharmaceutical Preparations
VTVT,vTv Therapeutics Inc. Class A Common Stock,$31.85,1.01,3.275%,125,United States,2015,34276,Health Care,Biotechnology: Pharmaceutical Preparations
INO,Inovio Pharmaceuticals Inc. Common Stock,$1.21,-0.01,-0.820%,125,United States,,1939703,Health Care,Biotechnology: Pharmaceutical Preparations
NRXP,NRX Pharmaceuticals Inc. Common Stock,$2.85,-0.07,-2.397%,123,United States,2017,625991,Health Care,Biotechnology: Pharmaceutical Preparations
ARMP,Armata Pharmaceuticals Inc. Common Stock,$3.31,-0.36,-9.809%,123,United States,,76464,Health Care,Biotechnology: Biological Products (No Diagnostic Substances)
CRBP,Corbus Pharmaceuticals Holdings Inc. Common Stock,$6.34,-0.48,-7.038%,122,United States,,803037,Health Care,Biotechnology: Pharmaceutical Preparations
GRML,Greenland Mines Ltd. Common Stock,$9.11,-1.51,-14.218%,121,United States,2022,3943767,Health Care,Biotechnology: Biological Products (No Diagnostic Substances)
LENZ,LENZ Therapeutics Inc. Common Stock,$3.79,-0.05,-1.302%,119,United States,2021,738906,Health Care,Biotechnology: Biological Products (No Diagnostic Substances)
IMUX,Immunic Inc. Common Stock,$8.64,-0.66,-7.097%,117,United States,2014,559818,Health Care,Biotechnology: Pharmaceutical Preparations
AARD,Aardvark Therapeutics Inc. Common Stock,$5.27,0,0.000%,115,United States,2025,47853,Health Care,Biotechnology: Pharmaceutical Preparations
GNLX,Genelux Corporation Common Stock,$2.52,-0.01,-0.395%,114,United States,2023,200942,Health Care,Biotechnology: Pharmaceutical Preparations
IMDX,Insight Molecular Diagnostics Inc. Common Stock,$3.47,-0.12,-3.343%,113,United States,,395210,Health Care,Biotechnology: In Vitro & In Vivo Diagnostic Substances
QUCY,Quantum Cyber N.V. Ordinary Shares,$1.35,0.04,3.053%,113,Germany,2021,446763,Health Care,Biotechnology: Pharmaceutical Preparations
CPIX,Cumberland Pharmaceuticals Inc. Common Stock,$7.51,-0.32,-4.087%,112,United States,2009,73346,Health Care,Biotechnology: Pharmaceutical Preparations
COYA,Coya Therapeutics Inc. Common Stock,$4.73,-0.28,-5.589%,110,United States,2022,116138,Health Care,Biotechnology: Pharmaceutical Preparations
RANI,Rani Therapeutics Holdings Inc. Class A Common Stock,$0.80,0.0045,0.569%,110,United States,2021,484907,Health Care,Biotechnology: Pharmaceutical Preparations
BDTX,Black Diamond Therapeutics Inc. Common Stock,$1.88,-0.005,-0.265%,108,United States,2020,399136,Health Care,Biotechnology: Biological Products (No Diagnostic Substances)
BGM,BGM Group Ltd. Class A Ordinary Shares,$7.82,0.2659,3.520%,104,China,2021,42105,Health Care,Biotechnology: Pharmaceutical Preparations
ALVOW,Alvotech Warrant,$0.26,-0.1152,-30.324%,103,Luxembourg,,7524,Health Care,Biotechnology: Biological Products (No Diagnostic Substances)
NMRA,Neumora Therapeutics Inc. Common Stock,$0.55,-0.0462,-7.749%,103,United States,2023,2849900,Health Care,Biotechnology: Biological Products (No Diagnostic Substances)
OKUR,OnKure Therapeutics Inc. Class A Common Stock,$2.54,-0.185,-6.789%,102,United States,2021,2082161,Health Care,Biotechnology: Pharmaceutical Preparations
MIST,Milestone Pharmaceuticals Inc. Common Shares,$0.82,-0.05,-5.776%,101,Canada,2019,725600,Health Care,Biotechnology: Pharmaceutical Preparations
PLYX,Polaryx Therapeutics Inc. Common Stock,$2.02,-0.05,-2.415%,100,United States,,58972,Health Care,Biotechnology: Pharmaceutical Preparations
EQ,Equillium Inc. Common Stock,$1.54,-0.085,-5.231%,97,United States,2018,529410,Health Care,Biotechnology: Pharmaceutical Preparations
ANIX,Anixa Biosciences Inc. Common Stock,$2.77,-0.16,-5.461%,96,United States,,290407,Health Care,Biotechnology: Pharmaceutical Preparations
BMEA,Biomea Fusion Inc. Common Stock,$1.30,-0.03,-2.256%,94,United States,2021,1069866,Health Care,Biotechnology: Pharmaceutical Preparations
CRDF,Cardiff Oncology Inc. Common Stock,$1.18,-0.03,-2.479%,91,United States,,298506,Health Care,Biotechnology: Biological Products (No Diagnostic Substances)
CTOR,Citius Oncology Inc. Common Stock,$0.98,-0.03,-2.970%,91,United States,2022,99597,Health Care,Biotechnology: Pharmaceutical Preparations
NTHI,NeOnc Technologies Holdings Inc. Common Stock,$3.06,-0.345,-10.132%,91,United States,,161072,Health Care,Biotechnology: Pharmaceutical Preparations
RLYB,Rallybio Corporation Common Stock,$16.76,-0.44,-2.558%,89,United States,2021,7087,Health Care,Biotechnology: Pharmaceutical Preparations
ICCC,ImmuCell Corporation Common Stock,$9.60,-0.2,-2.041%,87,United States,1987,39536,Health Care,Biotechnology: In Vitro & In Vivo Diagnostic Substances
ACRV,Acrivon Therapeutics Inc. Common Stock,$2.01,-0.04,-1.951%,86,United States,2022,316884,Health Care,Biotechnology: Pharmaceutical Preparations
ATRA,Atara Biotherapeutics Inc. Common Stock,$8.46,-0.04,-0.471%,84,United States,2014,90938,Health Care,Biotechnology: Biological Products (No Diagnostic Substances)
CGTX,Cognition Therapeutics Inc. Common Stock,$0.89,-0.0688,-7.167%,84,United States,2021,792179,Health Care,Biotechnology: Biological Products (No Diagnostic Substances)
PMN,ProMIS Neurosciences Inc. Common Shares (ON),$9.38,-1.47,-13.548%,84,Canada,,102146,Health Care,Biotechnology: Pharmaceutical Preparations
ONCY,Oncolytics Biotech Inc. Common Stock,$0.64,-0.027,-4.041%,81,Canada,,693120,Health Care,Biotechnology: Pharmaceutical Preparations
TELO,Telomir Pharmaceuticals Inc. Common Stock,$1.17,-0.03,-2.500%,80,United States,2024,59761,Health Care,Biotechnology: Pharmaceutical Preparations
MNOV,Medicinova Inc Common Stock,$1.63,-0.045,-2.687%,80,United States,,263272,Health Care,Biotechnology: Pharmaceutical Preparations
LFVN,Lifevantage Corporation Common Stock (Delaware),$6.24,-0.06,-0.952%,78,United States,,36177,Health Care,Biotechnology: Pharmaceutical Preparations
RFL,Rafael Holdings Inc. Class B Common Stock,$1.50,0.18,13.636%,77,United States,2018,505551,Health Care,Biotechnology: Pharmaceutical Preparations
PTHS,Pelthos Therapeutics Inc. Common Stock,$20.35,-0.66,-3.141%,77,,2024,44593,Health Care,Biotechnology: Biological Products (No Diagnostic Substances)
ALDX,Aldeyra Therapeutics Inc. Common Stock,$1.29,0.06,4.878%,77,United States,2014,1211453,Health Care,Biotechnology: Pharmaceutical Preparations
VRCA,Verrica Pharmaceuticals Inc. Common Stock,$4.51,-0.28,-5.839%,77,United States,2018,55313,Health Care,Biotechnology: Pharmaceutical Preparations
GANX,Gain Therapeutics Inc. Common Stock,$1.72,-0.01,-0.578%,75,United States,2021,497423,Health Care,Biotechnology: Pharmaceutical Preparations
OSTX,OS Therapies Incorporated Common Stock,$1.61,0.01,0.625%,74,,2024,329645,Health Care,Biotechnology: Pharmaceutical Preparations
RNTX,Rein Therapeutics Inc. Common Stock,$0.85,0.0481,5.983%,73,United States,2017,1108054,Health Care,Biotechnology: Pharmaceutical Preparations
SPRO,Spero Therapeutics Inc. Common Stock,$1.26,0.05,4.132%,73,United States,2017,1039216,Health Care,Biotechnology: Pharmaceutical Preparations
MAIA,MAIA Biotechnology Inc. Common Stock,$1.17,-0.01,-0.847%,72,,2022,781526,Health Care,Biotechnology: Pharmaceutical Preparations
TENX,Tenax Therapeutics Inc. Common Stock,$1.93,0.04,2.116%,72,United States,,2291867,Health Care,Biotechnology: Pharmaceutical Preparations
IBIO,iBio Inc. Common Stock,$1.11,-0.07,-5.932%,71,United States,,341293,Health Care,Biotechnology: Pharmaceutical Preparations
OKYO,OKYO Pharma Limited Ordinary Shares,$1.34,0.05,3.876%,70,Guernsey,2022,16907,Health Care,Biotechnology: Biological Products (No Diagnostic Substances)
RNXT,RenovoRx Inc. Common Stock,$1.55,-0.01,-0.641%,69,United States,2021,404037,Health Care,Biotechnology: Pharmaceutical Preparations
CING,Cingulate Inc. Common Stock,$4.75,-0.2,-4.040%,69,United States,2021,48989,Health Care,Biotechnology: Pharmaceutical Preparations
FBIO,Fortress Biotech Inc. Common Stock,$2.07,-0.07,-3.271%,69,United States,,286254,Health Care,Biotechnology: Pharmaceutical Preparations
CSBR,Champions Oncology Inc. Common Stock,$4.88,-0.12,-2.400%,67,United States,,2423,Health Care,Biotechnology: Biological Products (No Diagnostic Substances)
KLRS,Kalaris Therapeutics Inc. Common Stock,$2.85,-0.04,-1.384%,67,United States,2020,58628,Health Care,Biotechnology: Biological Products (No Diagnostic Substances)
HRTX,Heron Therapeutics Inc. Common Stock,$0.36,0.0424,13.525%,67,United States,,3182144,Health Care,Biotechnology: Pharmaceutical Preparations
APLM,Apollomics Inc. Class A Ordinary Shares,$23.27,-1.6838,-6.749%,67,United States,,1174,Health Care,Biotechnology: Pharmaceutical Preparations
XBIT,XBiotech Inc. Common Stock,$2.20,0.01,0.457%,67,United States,2015,13571,Health Care,Biotechnology: Pharmaceutical Preparations
GOSS,Gossamer Bio Inc. Common Stock,$10.93,-0.92,-7.764%,66,United States,2019,352159,Health Care,Biotechnology: Pharmaceutical Preparations
PLRX,Pliant Therapeutics Inc. Common Stock,$1.05,-0.03,-2.778%,65,United States,2020,379564,Health Care,Biotechnology: Pharmaceutical Preparations
INKT,MiNK Therapeutics Inc. Common Stock,$12.73,0.18,1.434%,64,United States,2021,26758,Health Care,Biotechnology: Biological Products (No Diagnostic Substances)
INCR,Intercure Ltd. Ordinary Shares,$5.37,0.098,1.859%,63,Israel,,2012,Health Care,Biotechnology: Pharmaceutical Preparations
ATHE,Alterity Therapeutics Limited American Depositary Shares,$3.49,-0.16,-4.384%,63,Australia,,23206,Health Care,Biotechnology: Pharmaceutical Preparations
ELOX,Eloxx Pharmaceuticals Inc. Common Stock,$15.71,0.4,2.613%,63,United States,,10888,Health Care,Biotechnology: Biological Products (No Diagnostic Substances)
HYFT,MindWalk Holdings Corp. Common Stock,$1.33,0.005,0.377%,62,Canada,,117092,Health Care,Biotechnology: Pharmaceutical Preparations
ACET,Adicet Bio Inc. Common Stock,$6.64,-0.5,-7.003%,62,United States,2018,149057,Health Care,Biotechnology: Pharmaceutical Preparations
NMAD,Nomad Power Solutions Inc. Common Stock,$3.86,-0.065,-1.656%,62,United States,,153786,Health Care,Biotechnology: Pharmaceutical Preparations
CNTB,Connect Biopharma Holdings Limited Ordinary Shares,$0.98,-0.1203,-10.936%,61,China,2021,7941234,Health Care,Biotechnology: Pharmaceutical Preparations
ZYBT,Zhengye Biotechnology Holding Limited Class A Ordinary Shares,$1.26,0.06,5.000%,59,China,2025,13855,Health Care,Biotechnology: Pharmaceutical Preparations
BOLD,Boundless Bio Inc. Common Stock,$2.59,0.08,3.187%,58,United States,2024,163791,Health Care,Biotechnology: Pharmaceutical Preparations
XLO,Xilio Therapeutics Inc. Common Stock,$8.91,-0.14,-1.547%,58,United States,2021,12889,Health Care,Biotechnology: Pharmaceutical Preparations
MREO,Mereo BioPharma Group plc American Depositary Shares,$0.37,-0.0351,-8.731%,58,United Kingdom,,1602508,Health Care,Biotechnology: Pharmaceutical Preparations
TLPH,Talphera Inc. Common Stock,$1.12,-0.04,-3.448%,58,United States,2011,106407,Health Care,Biotechnology: Pharmaceutical Preparations
CLNN,Clene Inc. Common Stock,$4.02,-0.06,-1.471%,57,United States,,100042,Health Care,Biotechnology: Pharmaceutical Preparations
BSEM,BioStem Technologies Inc. Common Stock,$3.07,-0.02,-0.647%,57,United States,,90861,Health Care,Biotechnology: Biological Products (No Diagnostic Substances)
HYPD,Hyperion DeFi Inc. Common Stock,$3.66,-0.085,-2.270%,56,United States,2018,252669,Health Care,Biotechnology: Pharmaceutical Preparations
EDSA,Edesa Biotech Inc. Common Shares,$4.01,-0.2,-4.751%,54,United States,,15496,Health Care,Biotechnology: Pharmaceutical Preparations
EXOZ,eXoZymes Inc. Common Stock,$5.76,-0.07,-1.201%,53,United States,2024,1002,Health Care,Biotechnology: Biological Products (No Diagnostic Substances)
INMB,INmune Bio Inc. Common stock,$1.93,-0.02,-1.026%,53,United States,2019,340819,Health Care,Biotechnology: Biological Products (No Diagnostic Substances)
SCYX,SCYNEXIS Inc. Common Stock,$5.37,0.43,8.704%,53,United States,2014,601986,Health Care,Biotechnology: Pharmaceutical Preparations
IMA,ImageneBio Inc. Common Stock,$4.58,0.0001,0.002%,51,United States,2021,11831,Health Care,Biotechnology: Biological Products (No Diagnostic Substances)
PDSB,PDS Biotechnology Corporation Common Stock,$0.71,-0.0446,-5.941%,51,United States,2015,3726194,Health Care,Biotechnology: Pharmaceutical Preparations
ELTX,Elicio Therapeutics Inc. Common Stock,$1.92,0.1,5.495%,50,United States,2021,311272,Health Care,Biotechnology: Pharmaceutical Preparations
ANVS,Annovis Bio Inc. Common Stock,$1.17,-0.1,-7.874%,49,United States,2020,1201845,Health Care,Biotechnology: Pharmaceutical Preparations
SER,Serina Therapeutics Inc. Common Stock,$1.95,-0.05,-2.500%,49,United States,2018,46773,Health Care,Biotechnology: Pharmaceutical Preparations
TIL,Instil Bio Inc. Common Stock,$7.24,-0.005,-0.069%,49,United States,2021,5206,Health Care,Biotechnology: Biological Products (No Diagnostic Substances)
DWTX,Dogwood Therapeutics Inc. Common Stock,$1.43,0.08,5.926%,48,United States,2020,26523,Health Care,Biotechnology: Pharmaceutical Preparations
FLNA,Filana Therapeutics Inc. Common Stock,$0.96,0.079,8.916%,46,United States,,2804741,Health Care,Biotechnology: Pharmaceutical Preparations
IBO,Impact BioMedical Inc. Common Stock,$5.43,-0.17,-3.036%,46,,2024,8994,Health Care,Biotechnology: Pharmaceutical Preparations
CELU,Celularity Inc. Class A Common Stock,$1.38,0.03,2.222%,44,United States,2019,142160,Health Care,Biotechnology: Pharmaceutical Preparations
NSRX,Nasus Pharma Ltd. Ordinary Shares,$3.81,0.125,3.388%,44,,2025,28626,Health Care,Biotechnology: Pharmaceutical Preparations
CRVO,CervoMed Inc. Common Stock,$2.93,-0.04,-1.347%,44,United States,,175089,Health Care,Biotechnology: Pharmaceutical Preparations
TVGN,Tevogen Inc. Common Stock,$6.72,0.1,1.511%,43,United States,2022,6542,Health Care,Biotechnology: Biological Products (No Diagnostic Substances)
VERU,Veru Inc. Common Stock,$2.54,-0.12,-4.511%,43,United States,,70699,Health Care,Biotechnology: Pharmaceutical Preparations
GRCE,Grace Therapeutics Inc. Common Stock,$2.04,-0.11,-5.116%,42,Canada,,344218,Health Care,Biotechnology: Pharmaceutical Preparations
HOWL,Werewolf Therapeutics Inc. Common Stock,$0.88,-0.0408,-4.424%,42,United States,2021,299335,Health Care,Biotechnology: Pharmaceutical Preparations
LITS,Lite Strategy Inc. Common Stock,$1.38,0.055,4.167%,41,United States,2003,1036849,Health Care,Biotechnology: Pharmaceutical Preparations
MGX,Metagenomi Therapeutics Inc. Common Stock,$1.10,0.045,4.245%,41,United States,2024,118339,Health Care,Biotechnology: Biological Products (No Diagnostic Substances)
LONA,LeonaBio Inc. Common Stock,$4.38,0.81,22.689%,41,United States,2020,6300593,Health Care,Biotechnology: Biological Products (No Diagnostic Substances)
IXHL,Incannex Healthcare Inc. Common Stock,$3.25,0.01,0.309%,40,Australia,,41401,Health Care,Biotechnology: Pharmaceutical Preparations
GNTA,Genenta Science S.p.A. American Depositary Shares,$0.80,0.1036,14.798%,38,Italy,2021,113371,Health Care,Biotechnology: Biological Products (No Diagnostic Substances)
SCLX,Scilex Holding Company Common Stock,$4.41,-0.04,-0.899%,37,United States,2021,16104,Health Care,Biotechnology: Biological Products (No Diagnostic Substances)
CVM,Cel-Sci Corporation Common Stock,$2.09,0.03,1.456%,36,United States,1997,810370,Health Care,Biotechnology: Biological Products (No Diagnostic Substances)
ATNM,Actinium Pharmaceuticals Inc. (Delaware) Common Stock,$1.15,0.03,2.679%,36,United States,,90841,Health Care,Biotechnology: Pharmaceutical Preparations
BCTX,BriaCell Therapeutics Corp. Common Shares,$4.11,-0.17,-3.972%,35,Canada,,61618,Health Care,Biotechnology: Pharmaceutical Preparations
ELUT,Elutia Inc. Class A Common Stock,$0.80,0.01,1.266%,35,United States,2020,6053131,Health Care,Biotechnology: Biological Products (No Diagnostic Substances)
RMTI,Rockwell Medical Inc. Common Stock,$8.57,0.03,0.351%,34,United States,1998,11140,Health Care,Biotechnology: Pharmaceutical Preparations
ALGS,Aligos Therapeutics Inc. Common Stock,$5.50,-0.13,-2.309%,34,United States,2020,28264,Health Care,Biotechnology: Biological Products (No Diagnostic Substances)
BYSI,BeyondSpring Inc. Ordinary Shares,$0.81,0.0437,5.675%,33,United States,2017,69868,Health Care,Biotechnology: Pharmaceutical Preparations
IMMP,Immutep Limited American Depositary Shares,$4.54,-0.11,-2.366%,33,Australia,,11139,Health Care,Biotechnology: Pharmaceutical Preparations
NNVC,NanoViricides Inc. Common Stock,$1.26,-0.04,-3.077%,32,United States,,205166,Health Care,Biotechnology: Pharmaceutical Preparations
QNCX,Quince Therapeutics Inc. Common Stock,$30.68,-0.33,-1.064%,31,United States,2019,20944,Health Care,Biotechnology: Biological Products (No Diagnostic Substances)
MIRA,MIRA Pharmaceuticals Inc. Common Stock,$0.72,-0.1218,-14.418%,30,United States,2023,668290,Health Care,Biotechnology: Pharmaceutical Preparations
MCRB,Seres Therapeutics Inc. Common Stock,$2.93,-0.42,-12.537%,29,United States,2015,247346,Health Care,Biotechnology: Pharmaceutical Preparations
CNTX,Context Therapeutics Inc. Common Stock,$0.31,0.014,4.660%,28,United States,2021,1140609,Health Care,Biotechnology: Pharmaceutical Preparations
ATYR,aTyr Pharma Inc. Common Stock,$0.29,-0.0089,-2.937%,28,United States,2015,2195622,Health Care,Biotechnology: Biological Products (No Diagnostic Substances)
EVAX,Evaxion A/S American Depositary Share,$3.18,-0.1,-3.049%,28,Denmark,2021,38126,Health Care,Biotechnology: Biological Products (No Diagnostic Substances)
CPHI,China Pharma Holdings Inc. Common Stock,$0.65,-0.004,-0.609%,28,China,,101335,Health Care,Biotechnology: Pharmaceutical Preparations
IGC,IGC Pharma Inc. Common Stock,$0.27,0.0011,0.409%,27,United States,,459184,Health Care,Biotechnology: Pharmaceutical Preparations
QNTM,Quantum Biopharma Ltd. Class B Subordinate Voting Shares,$3.42,-0.175,-4.861%,27,Canada,,82730,Health Care,Biotechnology: Pharmaceutical Preparations
ABVC,ABVC BioPharma Inc. Common Stock,$1.02,-0.04,-3.774%,27,United States,,138635,Health Care,Biotechnology: Pharmaceutical Preparations
OPTH,Optimi Health Corp. Common Shares,$4.64,-0.07,-1.486%,26,Canada,,30908,Health Care,Biotechnology: Pharmaceutical Preparations
KYNB,Kyntra Bio Inc. Common Stock,$6.50,-0.15,-2.256%,26,United States,2014,24014,Health Care,Biotechnology: Pharmaceutical Preparations
RNAZ,TransCode Therapeutics Inc. Common Stock,$1.54,-0.135,-8.036%,26,United States,2021,16720,Health Care,Biotechnology: Pharmaceutical Preparations
GRDX,GridAI Technologies Corp. Common Stock,$3.44,-0.242,-6.573%,24,United States,2016,73130,Health Care,Biotechnology: Pharmaceutical Preparations
TXMD,TherapeuticsMD Inc. Common Stock,$2.03,0,0.000%,23,United States,,20387,Health Care,Biotechnology: Pharmaceutical Preparations
AYTU,Aytu BioPharma Inc.  Common Stock,$2.09,-0.05,-2.336%,22,United States,,29933,Health Care,Biotechnology: Pharmaceutical Preparations
NXTC,NextCure Inc. Common Stock,$4.96,-0.05,-0.998%,22,United States,2019,46592,Health Care,Biotechnology: Pharmaceutical Preparations
QNRX,Quoin Pharmaceuticals Ltd. American Depositary Shares,$4.72,0.16,3.509%,22,Israel,2016,17465,Health Care,Biotechnology: Pharmaceutical Preparations
ATOS,Atossa Therapeutics Inc. Common Stock,$2.27,0.32,16.410%,22,United States,2012,113611,Health Care,Biotechnology: Pharmaceutical Preparations
COCP,Cocrystal Pharma Inc. Common Stock,$1.14,-0.01,-0.870%,21,United States,,68049,Health Care,Biotechnology: Pharmaceutical Preparations
UPC,Universe Pharmaceuticals Inc. Class A Ordinary Shares,$4.31,0.01,0.233%,21,China,2021,228762,Health Care,Biotechnology: Pharmaceutical Preparations
RADX,Radiopharm Theranostics Limited American Depositary Shares,$1.48,-0.14,-8.642%,21,Australia,,48047,Health Care,Biotechnology: Pharmaceutical Preparations
ACTU,Actuate Therapeutics Inc. Common stock,$0.89,0.1095,14.044%,21,United States,2024,494505,Health Care,Biotechnology: Pharmaceutical Preparations
PBM,Psyence Biomedical Ltd. Common Shares,$5.48,0.02,0.366%,20,Canada,,14978,Health Care,Biotechnology: Pharmaceutical Preparations
ESLA,Estrella Immunopharma Inc. Common Stock,$0.47,0.0083,1.778%,20,United States,2021,14740,Health Care,Biotechnology: Biological Products (No Diagnostic Substances)
TCRX,TScan Therapeutics Inc. Common Stock,$0.32,0.003,0.954%,20,United States,2021,624808,Health Care,Biotechnology: Biological Products (No Diagnostic Substances)
JSPR,Jasper Therapeutics Inc. Common Stock,$0.60,0.018,3.103%,19,United States,2020,294577,Health Care,Biotechnology: Biological Products (No Diagnostic Substances)
KPTI,Karyopharm Therapeutics Inc. Common Stock,$0.87,-0.3532,-28.951%,19,United States,2013,2659980,Health Care,Biotechnology: Pharmaceutical Preparations
NEUP,Neuphoria Therapeutics Inc. Common Stock,$3.51,-0.05,-1.404%,18,United States,2021,14307,Health Care,Biotechnology: Pharmaceutical Preparations
SHPH,Shuttle Pharmaceuticals Holdings Inc. Common Stock,$3.95,-0.09,-2.228%,18,United States,2022,12309,Health Care,Biotechnology: Pharmaceutical Preparations
MDCXW,Medicus Pharma Ltd. Warrant,$0.30,0,0.000%,18,Canada,,25,Health Care,Biotechnology: Pharmaceutical Preparations
CLRB,Cellectar Biosciences Inc.  Common Stock,$1.87,0.03,1.630%,17,United States,,30188,Health Care,Biotechnology: Pharmaceutical Preparations
MRKR,Marker Therapeutics Inc. Common Stock,$1.05,-0.02,-1.869%,17,United States,,127498,Health Care,Biotechnology: Pharmaceutical Preparations
DYAI,Dyadic International Inc. Common Stock,$0.43,-0.015,-3.374%,17,United States,,82648,Health Care,Biotechnology: Biological Products (No Diagnostic Substances)
AKTX,Akari Therapeutics plc ADS,$8.84,-0.46,-4.946%,17,United Kingdom,,28609,Health Care,Biotechnology: Pharmaceutical Preparations
RKTO,Rocket One Inc. Common Stock,$0.69,-0.0237,-3.318%,17,United States,2019,125161,Health Care,Biotechnology: Pharmaceutical Preparations
LTRN,Lantern Pharma Inc. Common Stock,$1.00,-0.01,-0.990%,17,United States,2020,253580,Health Care,Biotechnology: Pharmaceutical Preparations
LPCN,Lipocine Inc. Common Stock,$2.07,-0.13,-5.909%,17,United States,,71211,Health Care,Biotechnology: Pharmaceutical Preparations
NCEL,NewcelX Ltd. Ordinary Shares,$2.91,-0.165,-5.366%,16,Switzerland,2021,5185,Health Care,Biotechnology: Pharmaceutical Preparations
DARE,Dare Bioscience Inc. Common Stock,$0.85,-0.0023,-0.270%,16,United States,2014,135132,Health Care,Biotechnology: Pharmaceutical Preparations
ALLR,Allarity Therapeutics Inc. Common Stock,$1.04,-0.01,-0.952%,16,United States,,74359,Health Care,Biotechnology: Pharmaceutical Preparations
TVRD,Tvardi Therapeutics Inc. Common Stock,$1.24,-0.01,-0.800%,16,United States,2014,332663,Health Care,Biotechnology: Pharmaceutical Preparations
KTTA,Pasithea Therapeutics Corp. Common Stock,$0.49,-0.0039,-0.791%,16,United States,2021,12639,Health Care,Biotechnology: Pharmaceutical Preparations
PTN,Palatin Technologies Inc. Common Stock,$9.06,0.19,2.142%,16,United States,,33057,Health Care,Biotechnology: Pharmaceutical Preparations
LSTA,Lisata Therapeutics Inc. Common Stock,$1.49,0.05,3.472%,16,United States,,63144,Health Care,Biotechnology: Pharmaceutical Preparations
BFRI,Biofrontera Inc. Common Stock,$1.04,-0.04,-3.704%,15,United States,2021,347219,Health Care,Biotechnology: Pharmaceutical Preparations
BCDA,BioCardia Inc. Common Stock,$1.02,0.01,0.990%,15,United States,,205878,Health Care,Biotechnology: Biological Products (No Diagnostic Substances)
CTXR,Citius Pharmaceuticals Inc. Common Stock,$0.54,0.0092,1.733%,14,United States,,154963,Health Care,Biotechnology: Pharmaceutical Preparations
AEON,AEON Biopharma Inc. Class A Common Stock,$0.29,-0.01,-3.333%,14,United States,,6638001,Health Care,Biotechnology: Pharmaceutical Preparations
INAB,IN8bio Inc. Common Stock,$1.40,0.07,5.263%,13,United States,2021,78475,Health Care,Biotechnology: Biological Products (No Diagnostic Substances)
PASG,Passage Bio Inc. Common Stock,$4.20,-0.299,-6.644%,13,United States,2020,26486,Health Care,Biotechnology: Biological Products (No Diagnostic Substances)
HIND,Vyome Holdings Inc. Common Stock,$1.92,-0.01,-0.518%,13,United States,2016,9008,Health Care,Biotechnology: Pharmaceutical Preparations
TPST,Tempest Therapeutics Inc. Common Stock,$0.81,-0.0282,-3.380%,13,United States,,153421,Health Care,Biotechnology: Pharmaceutical Preparations
BIVI,BioVie Inc. Class A Common Stock,$1.47,-0.05,-3.289%,12,United States,,266176,Health Care,Biotechnology: Pharmaceutical Preparations
PLUR,Pluri Inc. Common Stock,$1.03,0.03,3.000%,12,Israel,,10401,Health Care,Biotechnology: Biological Products (No Diagnostic Substances)
VTGN,Vistagen Therapeutics Inc. Common Stock,$0.28,-0.0252,-8.187%,12,United States,,2030982,Health Care,Biotechnology: Pharmaceutical Preparations
BLRX,BioLineRx Ltd. American Depositary Shares,$2.35,0,0.000%,11,Israel,,7580,Health Care,Biotechnology: Pharmaceutical Preparations
BFRG,Bullfrog AI Holdings Inc. Common Stock,$0.63,0.0271,4.508%,11,United States,2023,311620,Health Care,Biotechnology: Pharmaceutical Preparations
PHIO,Phio Pharmaceuticals Corp. Common Stock,$1.00,-0.03,-2.913%,11,United States,,50267,Health Care,Biotechnology: Pharmaceutical Preparations
KPRX,Kiora Pharmaceuticals Inc.  Common Stock,$2.58,0.02,0.781%,11,United States,,16778,Health Care,Biotechnology: Pharmaceutical Preparations
ASBP,Aspire-Lakewood Holdings Inc. Common Stock,$8.12,-0.23,-2.754%,11,United States,2022,23063,Health Care,Biotechnology: Pharmaceutical Preparations
CALC,CalciMedica Inc. Common Stock,$1.65,0.03,1.852%,11,United States,2023,25934,Health Care,Biotechnology: Pharmaceutical Preparations
GTBP,GT Biopharma Inc. Common Stock,$6.20,-0.27,-4.173%,11,United States,,39009,Health Care,Biotechnology: Pharmaceutical Preparations
ADIL,Adial Pharmaceuticals Inc Common Stock,$4.13,0.12,2.993%,10,United States,2018,13391,Health Care,Biotechnology: Pharmaceutical Preparations
BCTXL,BriaCell Therapeutics Corp. Warrant expiring 2031,$1.23,0.07,6.034%,10,Canada,,8508,Health Care,Biotechnology: Pharmaceutical Preparations
GDTC,CytoMed Therapeutics Limited Ordinary Shares,$0.90,0.0569,6.750%,10,Singapore,2023,6442,Health Care,Biotechnology: Pharmaceutical Preparations
INTS,Intensity Therapeutics Inc. Common stock,$3.21,-0.16,-4.748%,10,United States,2023,15285,Health Care,Biotechnology: Biological Products (No Diagnostic Substances)
TOVX,Theriva Biologics Inc. Common Stock,$0.23,0,0.000%,10,United States,,427026,Health Care,Biotechnology: Pharmaceutical Preparations
BMRA,Biomerica Inc. Common Stock,$2.24,-0.0247,-1.093%,10,United States,,2251,Health Care,Biotechnology: In Vitro & In Vivo Diagnostic Substances
GRMLW,Greenland Mines Ltd Warrant,$0.77,0.03,4.054%,10,United States,2022,378517,Health Care,Biotechnology: Biological Products (No Diagnostic Substances)
MBRX,Moleculin Biotech Inc. Common Stock,$0.50,0.0034,0.679%,10,United States,2016,337136,Health Care,Biotechnology: Pharmaceutical Preparations
MTVA,MetaVia Inc. Common Stock,$1.54,-0.03,-1.911%,10,United States,2016,47057,Health Care,Biotechnology: Pharmaceutical Preparations
SNTI,Senti Biosciences Holdings Inc. Common Stock,$0.32,0.0122,3.908%,10,United States,2021,613345,Health Care,Biotechnology: Biological Products (No Diagnostic Substances)
MDCX,Medicus Pharma Ltd. Common Stock  ,$0.16,-0.004,-2.484%,9,Canada,,1132439,Health Care,Biotechnology: Pharmaceutical Preparations
CMMB,Chemomab Therapeutics Ltd. American Depositary Share,$1.30,0.11,9.244%,9,Israel,2019,195525,Health Care,Biotechnology: Pharmaceutical Preparations
IMRN,Immuron Limited American Depositary Shares,$1.13,-0.03,-2.586%,9,Australia,2017,53410,Health Care,Biotechnology: Pharmaceutical Preparations
APRE,Aprea Therapeutics Inc. Common stock,$0.72,-0.0265,-3.533%,9,United States,2019,779701,Health Care,Biotechnology: Pharmaceutical Preparations
BTTC,Black Titan Corporation Ordinary Shares,$0.63,0.1135,21.827%,8,Malaysia,,94506786,Health Care,Biotechnology: Biological Products (No Diagnostic Substances)
ENLV,Enlivex Ltd. Ordinary Shares,$0.42,-0.0801,-15.931%,8,Israel,2014,756705,Health Care,Biotechnology: Pharmaceutical Preparations
TRAW,Traws Pharma Inc. Common Stock,$0.55,-0.0485,-8.168%,8,United States,2013,140687,Health Care,Biotechnology: Pharmaceutical Preparations
LGVN,Longeveron Inc. Class A Common Stock,$2.59,-0.1,-3.717%,8,United States,2021,72959,Health Care,Biotechnology: Pharmaceutical Preparations
KALA,KALA BIO Inc. Common Stock,$0.42,-0.0099,-2.306%,8,United States,2017,1621436,Health Care,Biotechnology: Pharmaceutical Preparations
FBLG,FibroBiologics Inc. Common Stock,$1.21,-0.095,-7.308%,8,United States,,140136,Health Care,Biotechnology: Pharmaceutical Preparations
SNGX,Soligenix Inc. Common Stock,$0.36,0.0018,0.497%,7,United States,,52006,Health Care,Biotechnology: Pharmaceutical Preparations
CURX,Curanex Pharmaceuticals Inc Common Stock,$4.97,-0.06,-1.193%,7,United States,2025,8009,Health Care,Biotechnology: Pharmaceutical Preparations
AZTR,Azitra Inc Common Stock,$0.13,-0.0091,-6.613%,7,,2023,1429211,Health Care,Biotechnology: Pharmaceutical Preparations
ENSC,Ensysce Biosciences Inc. Common Stock,$0.40,-0.016,-3.848%,7,United States,,199356,Health Care,Biotechnology: Pharmaceutical Preparations
XCUR,Exicure Inc. Common Stock,$1.18,-0.0099,-0.832%,7,United States,,4584,Health Care,Biotechnology: Pharmaceutical Preparations
NRSN,NeuroSense Therapeutics Ltd. Ordinary Shares,$4.05,-0.38,-8.578%,7,Israel,2021,51920,Health Care,Biotechnology: Pharmaceutical Preparations
CNSP,CNS Pharmaceuticals Inc. Common Stock,$5.24,-0.0597,-1.126%,7,United States,2019,885,Health Care,Biotechnology: Pharmaceutical Preparations
AIM,AIM ImmunoTech Inc. Common Stock,$0.19,0.0127,7.257%,7,,,848092,Health Care,Biotechnology: Biological Products (No Diagnostic Substances)
INM,InMed Pharmaceuticals Inc. Common Shares,$1.35,-0.01,-0.735%,7,Canada,,99972,Health Care,Biotechnology: Pharmaceutical Preparations
IMNN,Imunon Inc. Common Stock,$1.32,0.03,2.326%,7,United States,,138038,Health Care,Biotechnology: Pharmaceutical Preparations
SCNX,Scienture Holdings Inc. Common Stock,$0.18,-0.0827,-31.832%,7,United States,,1933579,Health Care,Biotechnology: Pharmaceutical Preparations
CELZ,Creative Medical Technology Holdings Inc. Common Stock,$0.94,0.0071,0.760%,7,United States,,208313,Health Care,Biotechnology: Biological Products (No Diagnostic Substances)
SKYE,Skye Bioscience Inc. Common Stock,$1.60,-0.01,-0.621%,7,United States,,20217,Health Care,Biotechnology: Pharmaceutical Preparations
ACXP,Acurx Pharmaceuticals Inc. Common Stock,$1.26,0,0.000%,7,United States,2021,64950,Health Care,Biotechnology: Pharmaceutical Preparations
BOLT,Bolt Biotherapeutics Inc. Common Stock,$3.51,-0.17,-4.620%,6,United States,2021,21677,Health Care,Biotechnology: Pharmaceutical Preparations
CANF,Can-Fite Biopharma Ltd American Depositary Shares each representing two (2) Ordinary Shares,$2.21,0.01,0.455%,6,Israel,,34610,Health Care,Biotechnology: Pharmaceutical Preparations
VNRX,VolitionRX Limited Common Stock,$0.23,-0.0233,-9.031%,6,Singapore,2015,8137829,Health Care,Biotechnology: In Vitro & In Vivo Diagnostic Substances
ENVB,Enveric Biosciences Inc. Common Stock,$1.46,-0.025,-1.684%,6,United States,,83641,Health Care,Biotechnology: Pharmaceutical Preparations
LEXX,Lexaria Bioscience Corp. Common Stock,$3.09,-0.06,-1.905%,6,Canada,,48670,Health Care,Biotechnology: Pharmaceutical Preparations
QCLS,Q/C Technologies Inc. Common Stock,$0.78,-0.0758,-8.906%,6,United States,2014,600756,Health Care,Biotechnology: In Vitro & In Vivo Diagnostic Substances
ALZN,Alzamend Neuro Inc. Common Stock,$1.31,-0.415,-23.988%,6,United States,2021,150764,Health Care,Biotechnology: Pharmaceutical Preparations
APUS,Apimeds Pharmaceuticals US Inc. Common Stock,$4.10,-0.9,-18.000%,6,,2025,146526,Health Care,Biotechnology: Pharmaceutical Preparations
LNAI,Lunai Bioworks Inc. Common Stock,$1.38,-0.09,-6.122%,6,United States,,38354,Health Care,Biotechnology: Pharmaceutical Preparations
BGMS,Bio Green Med Solution Inc. Common Stock,$0.90,0.0222,2.517%,5,United States,,2226,Health Care,Biotechnology: Pharmaceutical Preparations
VRXAW,Veraxa Biotech AG Warrants,$0.04,-0.0186,-30.948%,5,Switzerland,,376431,Health Care,Biotechnology: Pharmaceutical Preparations
GELS,Gelteq Limited Ordinary Shares,$0.54,0.0128,2.415%,5,Australia,2024,202899,Health Care,Biotechnology: Pharmaceutical Preparations
CDIO,Cardio Diagnostics Holdings Inc. Common stock,$1.92,0.02,1.053%,5,United States,2022,16852,Health Care,Biotechnology: In Vitro & In Vivo Diagnostic Substances
PULM,Pulmatrix Inc. Common Stock,$1.54,0.02,1.316%,5,United States,2014,7945,Health Care,Biotechnology: Pharmaceutical Preparations
KAPA,Kairos Pharma Ltd. Common Stock,$1.56,-0.08,-4.878%,5,,2024,79154,Health Care,Biotechnology: Pharmaceutical Preparations
XBIO,Xenetic Biosciences Inc. Common Stock,$2.24,-0.08,-3.448%,5,United States,,13390,Health Care,Biotechnology: Pharmaceutical Preparations
XTLB,XTL Biopharmaceuticals Ltd. American Depositary Shares,$2.13,-0.17,-7.391%,5,Israel,,7148,Health Care,Biotechnology: Pharmaceutical Preparations
TRIB,Trinity Biotech plc American Depositary Shares,$6.32,-0.11,-1.711%,5,Ireland,1992,15999,Health Care,Biotechnology: In Vitro & In Vivo Diagnostic Substances
ADXN,Addex Therapeutics Ltd American Depositary Shares,$2.98,0.22,7.971%,5,Switzerland,,6909,Health Care,Biotechnology: Pharmaceutical Preparations
JAGX,Jaguar Health Inc. Common Stock,$3.95,-0.55,-12.222%,5,United States,2015,471322,Health Care,Biotechnology: Pharmaceutical Preparations
LIMN,Liminatus Pharma Inc. Class A Common Stock,$3.75,0.02,0.536%,5,United States,,28192,Health Care,Biotechnology: Biological Products (No Diagnostic Substances)
NCNA,NuCana plc American Depositary Share,$1.17,-0.18,-13.333%,4,United Kingdom,2017,804742,Health Care,Biotechnology: Pharmaceutical Preparations
ERNA,Ernexa Therapeutics Inc. Common Stock,$2.96,-0.24,-7.500%,4,United States,,35746,Health Care,Biotechnology: Pharmaceutical Preparations
PCSA,Processa Pharmaceuticals Inc. Common Stock,$1.62,-0.02,-1.220%,4,United States,,10183,Health Care,Biotechnology: Pharmaceutical Preparations
DRMA,Dermata Therapeutics Inc. Common Stock,$1.11,0.01,0.909%,4,United States,2021,21053,Health Care,Biotechnology: Pharmaceutical Preparations
SXTP,60 Degrees Pharmaceuticals Inc. Common Stock,$1.25,-0.08,-6.015%,4,United States,2023,137176,Health Care,Biotechnology: Pharmaceutical Preparations
PMCB,PharmaCyte  Biotech Inc. Common Stock,$0.40,-0.0067,-1.632%,4,United States,,82723,Health Care,Biotechnology: Biological Products (No Diagnostic Substances)
GRI,GRI Bio Inc. Common Stock,$1.96,0.03,1.554%,4,United States,2021,20281,Health Care,Biotechnology: Pharmaceutical Preparations
CLDI,Calidi Biotherapeutics Inc. Common Stock,$1.08,0.01,0.935%,3,,2021,15033,Health Care,Biotechnology: Biological Products (No Diagnostic Substances)
CAPS,Capstone Holding Corp. Common Stock,$0.15,0.0052,3.611%,3,United States,,3366434,Health Care,Biotechnology: Pharmaceutical Preparations
SXTC,China SXT Pharmaceuticals Inc. Class A Ordinary Shares,$2.96,-0.05,-1.661%,3,China,2019,299683,Health Care,Biotechnology: Pharmaceutical Preparations
EOCN,Eocene Ltd. Ordinary Shares,$3.40,-0.085,-2.436%,3,Israel,2014,12587,Health Care,Biotechnology: Pharmaceutical Preparations
MBIO,Mustang Bio Inc. Common Stock,$0.47,0.0042,0.907%,3,United States,,16106,Health Care,Biotechnology: Pharmaceutical Preparations
CVKD,Cadrenal Therapeutics Inc. Common Stock,$0.97,-0.11,-10.185%,3,United States,2023,111332,Health Care,Biotechnology: Pharmaceutical Preparations
VIVS,VivoSim Labs Inc. Common Stock,$0.21,-0.0045,-2.123%,3,United States,,186528,Health Care,Biotechnology: Biological Products (No Diagnostic Substances)
DCOY,Decoy Therapeutics Inc. Common Stock,$1.85,-0.115,-5.838%,3,United States,2015,169470,Health Care,Biotechnology: Pharmaceutical Preparations
JUNS,Jupiter Neurosciences Inc. Common Stock,$2.50,0.06,2.459%,3,United States,2024,13387,Health Care,Biotechnology: Pharmaceutical Preparations
ONCO,Onconetix Inc. Common Stock,$0.74,-0.0382,-4.883%,3,United States,2022,884092,Health Care,Biotechnology: Pharmaceutical Preparations
GOVX,GeoVax Labs Inc. Common Stock,$0.32,-0.0119,-3.562%,3,United States,,124519,Health Care,Biotechnology: Pharmaceutical Preparations
REVB,Revelation Biosciences Inc. Common Stock,$0.80,-0.016,-1.958%,3,United States,2020,60812,Health Care,Biotechnology: Pharmaceutical Preparations
PPCB,Propanc Biopharma Inc. Common Stock,$0.50,0.007,1.417%,3,Australia,,83011,Health Care,Biotechnology: Pharmaceutical Preparations
APVO,Aptevo Therapeutics Inc. Common Stock,$1.76,-0.06,-3.297%,3,United States,,25088,Health Care,Biotechnology: Pharmaceutical Preparations
XRTX,XORTX Therapeutics Inc. Common Shares,$1.73,0.04,2.367%,3,Canada,,22090,Health Care,Biotechnology: Pharmaceutical Preparations
HCWB,HCW Biologics Inc. Common Stock,$1.69,-0.02,-1.170%,3,United States,2021,55710,Health Care,Biotechnology: Pharmaceutical Preparations
SLXN,Silexion Therapeutics Corp Ordinary Shares,$0.28,0.0017,0.613%,3,Israel,,3304075,Health Care,Biotechnology: Biological Products (No Diagnostic Substances)
VRAX,Virax Biolabs Group Limited Ordinary Shares,$2.24,0.056,2.564%,3,United Kingdom,2022,30888,Health Care,Biotechnology: In Vitro & In Vivo Diagnostic Substances
SBFM,Sunshine Biopharma Inc. Common Stock,$0.69,-0.0854,-11.048%,2,Canada,,133900,Health Care,Biotechnology: Pharmaceutical Preparations
RDHL,Redhill Biopharma Ltd. American Depositary Shares,$0.48,0,0.000%,2,Israel,,564386,Health Care,Biotechnology: Pharmaceutical Preparations
CMND,Clearmind Medicine Inc. Common Shares,$0.72,-0.0893,-11.092%,2,Canada,,221346,Health Care,Biotechnology: Pharmaceutical Preparations
PRFX,PRF Technologies Ltd. Ordinary Shares,$0.95,0,0.000%,2,Israel,2020,22962,Health Care,Biotechnology: Pharmaceutical Preparations
BFRGW,Bullfrog AI Holdings Inc. Warrants,$0.15,0.0022,1.497%,2,United States,2023,6038,Health Care,Biotechnology: Pharmaceutical Preparations
BDRX,Biodexa Pharmaceuticals plc American Depositary Shs,$0.63,-0.0235,-3.582%,2,United Kingdom,,253131,Health Care,Biotechnology: Pharmaceutical Preparations
SPRC,SciSparc Ltd. Ordinary Shares,$4.55,-0.17,-3.602%,2,Israel,,1471,Health Care,Biotechnology: Pharmaceutical Preparations
SILO,Silo Pharma Inc. Common Stock,$1.50,-0.01,-0.662%,2,United States,,44296,Health Care,Biotechnology: Pharmaceutical Preparations
ELAB,PMGC Holdings Inc. Common Stock,$3.23,-0.315,-8.898%,2,United States,2023,181975,Health Care,Biotechnology: Pharmaceutical Preparations
PPBT,Purple Biotech Ltd. American Depositary Shares,$1.52,0,0.000%,2,Israel,2015,12273,Health Care,Biotechnology: Pharmaceutical Preparations
MTNB,Matinas Biopharma Holdings Inc. Common Stock,$2.42,-0.13,-5.098%,2,United States,2017,45177,Health Care,Biotechnology: Pharmaceutical Preparations
TCRT,Alaunos Therapeutics Inc. Common Stock,$0.92,0.0325,3.662%,2,United States,,93774,Health Care,Biotechnology: Pharmaceutical Preparations
LABT,Lakewood-Amedex Biotherapeutics Inc. Common Stock,$0.93,-0.0252,-2.638%,2,United States,,175027,Health Care,Biotechnology: Pharmaceutical Preparations
OGEN,Oragenics Inc. Common Stock,$0.48,-0.0118,-2.399%,2,United States,,32443,Health Care,Biotechnology: Pharmaceutical Preparations
GNPX,Genprex Inc. Common Stock,$2.56,-0.36,-12.329%,2,United States,2018,148272,Health Care,Biotechnology: Pharmaceutical Preparations
ARTL,Artelo Biosciences Inc. Common Stock,$3.83,-0.21,-5.198%,2,United States,,93028,Health Care,Biotechnology: Pharmaceutical Preparations
SCNI,Scinai Immunotherapeutics Ltd. American Depositary Shares,$1.31,-0.11,-7.746%,1,Israel,2015,43755,Health Care,Biotechnology: Biological Products (No Diagnostic Substances)
CRIS,Curis Inc. Common Stock,$0.83,-0.0083,-0.989%,1,United States,,37978,Health Care,Biotechnology: Biological Products (No Diagnostic Substances)
BCTXZ,BriaCell Therapeutics Corp. Warrant expiring 2030,$0.16,-0.036,-18.182%,1,Canada,,30007,Health Care,Biotechnology: Pharmaceutical Preparations
CDT,CDT Equity Inc. Common Stock,$1.25,-0.11,-8.088%,1,United States,2022,268885,Health Care,Biotechnology: Pharmaceutical Preparations
SABSW,SAB Biotherapeutics Inc. Warrant,$0.01,0,0.000%,1,United States,2021,29017,Health Care,Biotechnology: Biological Products (No Diagnostic Substances)
HLSQ,Tessera Defense and Homeland Security Inc. Common Stock,$0.38,-0.016,-3.992%,1,,2019,437840,Health Care,Biotechnology: Biological Products (No Diagnostic Substances)
SCLXW,Scilex Holding Company Warrant,$0.10,0,0.000%,0,United States,2021,100,Health Care,Biotechnology: Biological Products (No Diagnostic Substances)
TVGNW,Tevogen Inc. Warrant,$0.06,-0.009,-12.950%,0,United States,2022,269982,Health Care,Biotechnology: Biological Products (No Diagnostic Substances)
BFRIW,Biofrontera Inc. Warrants,$0.01,0,0.000%,0,United States,2021,85,Health Care,Biotechnology: Pharmaceutical Preparations
SXTPW,60 Degrees Pharmaceuticals Inc. Warrant,$0.03,0,0.000%,0,United States,2023,6,Health Care,Biotechnology: Pharmaceutical Preparations
NRSNW,NeuroSense Therapeutics Ltd. Warrant,$0.04,0,0.000%,0,Israel,2021,6,Health Care,Biotechnology: Pharmaceutical Preparations
SLXNW,Silexion Therapeutics Corp Warrant,$0.01,0.0025,49.020%,0,Israel,,2371,Health Care,Biotechnology: Biological Products (No Diagnostic Substances)
PBMWW,Psyence Biomedical Ltd. Warrant,$0.02,0.0001,0.476%,0,Canada,,240062,Health Care,Biotechnology: Pharmaceutical Preparations
CINGW,Cingulate Inc. Warrants,$0.01,0,0.000%,0,United States,2021,16,Health Care,Biotechnology: Pharmaceutical Preparations
ERNAW,Ernexa Therapeutics Inc. Warrants,$0.04,0.0068,21.451%,0,United States,,1577,Health Care,Biotechnology: Pharmaceutical Preparations
APLMW,Apollomics Inc. Warrant,$0.01,0.0022,19.643%,0,United States,,3820,Health Care,Biotechnology: Pharmaceutical Preparations
CDIOW,Cardio Diagnostics Holdings Inc. Warrant,$0.01,0.0014,16.279%,0,United States,2022,13581,Health Care,Biotechnology: In Vitro & In Vivo Diagnostic Substances
REVBW,Revelation Biosciences Inc. Warrant,$0.01,-0.0019,-26.027%,0,United States,2020,505,Health Care,Biotechnology: Pharmaceutical Preparations
CDTTW,CDT Equity Inc. Warrant,$0.01,0,0.000%,0,United States,2022,100,Health Care,Biotechnology: Pharmaceutical Preparations
BKHA,Black Hawk Acquisition Corporation Class A Ordinary Shares,$12.35,0,0.000%,0,United States,2024,123,Health Care,Biotechnology: Biological Products (No Diagnostic Substances)
EMIS,Emmis Acquisition Corp. Class A Ordinary Shares,$10.27,0,0.000%,0,United States,2025,7,Health Care,Biotechnology: Pharmaceutical Preparations
