Symbol,Name,Last Sale,Net Change,% Change,Market Cap,Country,IPO Year,Volume,Sector,Industry
LLY,Eli Lilly and Company Common Stock,$1188.58,-28.37,-2.331%,1119335,United States,,2008960,Health Care,Biotechnology: Pharmaceutical Preparations
JNJ,Johnson & Johnson Common Stock,$256.98,-2.12,-0.818%,618606,United States,,6533402,Health Care,Biotechnology: Pharmaceutical Preparations
ABBV,AbbVie Inc. Common Stock,$248.08,-1.83,-0.732%,438305,United States,2012.0,5780739,Health Care,Biotechnology: Pharmaceutical Preparations
MRK,Merck & Company Inc. Common Stock (new),$123.54,-1.53,-1.223%,305122,United States,,8388424,Health Care,Biotechnology: Pharmaceutical Preparations
NVS,Novartis AG Common Stock,$154.05,-0.57,-0.369%,293950,Switzerland,,1165494,Health Care,Biotechnology: Pharmaceutical Preparations
AZN,AstraZeneca PLC Ordinary Shares,$171.61,-6.88,-3.855%,266120,United Kingdom,2026.0,3594764,Health Care,Biotechnology: Pharmaceutical Preparations
NVO,Novo Nordisk A/S Common Stock,$49.48,0.6,1.227%,219094,Denmark,,6315215,Health Care,Biotechnology: Pharmaceutical Preparations
AMGN,Amgen Inc. Common Stock,$363.39,-0.23,-0.063%,196124,United States,1983.0,1632623,Health Care,Biotechnology: Biological Products (No Diagnostic Substances)
ABT,Abbott Laboratories Common Stock,$93.93,-0.47,-0.498%,163608,United States,,6911811,Health Care,Biotechnology: Pharmaceutical Preparations
GILD,Gilead Sciences Inc. Common Stock,$129.83,-5.01,-3.716%,161193,United States,1992.0,5935310,Health Care,Biotechnology: Biological Products (No Diagnostic Substances)
PFE,Pfizer Inc. Common Stock,$24.17,-0.08,-0.33%,137755,United States,,27484935,Health Care,Biotechnology: Pharmaceutical Preparations
VRTX,Vertex Pharmaceuticals Incorporated Common Stock,$485.39,-11.11,-2.238%,123194,United States,1991.0,1430186,Health Care,Biotechnology: Pharmaceutical Preparations
BMY,Bristol-Myers Squibb Company Common Stock,$57.58,-0.36,-0.621%,117582,United States,,11203508,Health Care,Biotechnology: Pharmaceutical Preparations
GSK,GSK plc American Depositary Shares (Each representing two Ordinary Shares),$52.78,0.31,0.591%,106886,United Kingdom,2022.0,2867657,Health Care,Biotechnology: Pharmaceutical Preparations
SNY,Sanofi ADS,$43.50,-0.4,-0.911%,106090,France,,2661942,Health Care,Biotechnology: Pharmaceutical Preparations
REGN,Regeneron Pharmaceuticals Inc. Common Stock,$664.52,-3.43,-0.514%,69667,United States,1991.0,581736,Health Care,Biotechnology: Pharmaceutical Preparations
ARGX,argenx SE American Depositary Shares,$877.62,-31.87,-3.504%,54467,Netherlands,2017.0,325243,Health Care,Biotechnology: Biological Products (No Diagnostic Substances)
IDXX,IDEXX Laboratories Inc. Common Stock,$563.57,4.97,0.89%,44456,United States,1991.0,612525,Health Care,Biotechnology: In Vitro & In Vivo Diagnostic Substances
ALNY,Alnylam Pharmaceuticals Inc. Common Stock,$298.76,-14.03,-4.485%,39888,United States,2004.0,2538154,Health Care,Biotechnology: Pharmaceutical Preparations
RVMD,Revolution Medicines Inc. Common Stock,$186.88,-4.25,-2.224%,39730,United States,2020.0,1354178,Health Care,Biotechnology: Biological Products (No Diagnostic Substances)
TEVA,Teva Pharmaceutical Industries Limited American Depositary Shares,$32.95,-0.15,-0.453%,38367,Israel,,6638126,Health Care,Biotechnology: Pharmaceutical Preparations
ONC,BeOne Medicines Ltd. American Depositary Shares,$298.70,-4.13,-1.364%,33207,Cayman Islands,2016.0,254520,Health Care,Biotechnology: Pharmaceutical Preparations
RPRX,Royalty Pharma plc Class A Ordinary Shares ,$56.43,-1.53,-2.64%,32494,United States,2020.0,2518876,Health Care,Biotechnology: Pharmaceutical Preparations
ZTS,Zoetis Inc. Class A Common Stock,$75.56,0.48,0.639%,31676,United States,2013.0,5157673,Health Care,Biotechnology: Pharmaceutical Preparations
BIIB,Biogen Inc. Common Stock,$199.15,0.24,0.121%,29401,United States,,1133115,Health Care,Biotechnology: Biological Products (No Diagnostic Substances)
MRNA,Moderna Inc. Common Stock,$68.27,-8.29,-10.828%,27088,United States,2018.0,9159221,Health Care,Biotechnology: Biological Products (No Diagnostic Substances)
ROIV,Roivant Sciences Ltd. Common Shares,$35.97,-0.84,-2.282%,25872,United Kingdom,,6237667,Health Care,Biotechnology: Pharmaceutical Preparations
INSM,Insmed Incorporated Common Stock,$115.61,-2.65,-2.241%,25058,United States,,2931502,Health Care,Biotechnology: Pharmaceutical Preparations
UTHR,United Therapeutics Corporation Common Stock,$547.06,-5.42,-0.981%,23220,United States,1999.0,301586,Health Care,Biotechnology: Pharmaceutical Preparations
BNTX,BioNTech SE American Depositary Share,$91.49,-1.49,-1.602%,22993,Germany,2019.0,551751,Health Care,Biotechnology: Biological Products (No Diagnostic Substances)
VTRS,Viatris Inc. Common Stock,$16.27,-0.07,-0.428%,18947,United States,,7928504,Health Care,Biotechnology: Pharmaceutical Preparations
GMAB,Genmab A/S ADS,$29.00,-0.78,-2.619%,18629,Denmark,2019.0,4927202,Health Care,Biotechnology: Pharmaceutical Preparations
BDRX,Biodexa Pharmaceuticals plc American Depositary Shs,$2.49,-0.1,-3.861%,18578,United Kingdom,,16659,Health Care,Biotechnology: Pharmaceutical Preparations
NBIX,Neurocrine Biosciences Inc. Common Stock,$177.11,-3.44,-1.905%,17808,United States,1996.0,1047622,Health Care,Biotechnology: Biological Products (No Diagnostic Substances)
BBIO,BridgeBio Pharma Inc. Common Stock,$85.89,-4.28,-4.747%,16809,United States,2019.0,6382884,Health Care,Biotechnology: Pharmaceutical Preparations
ASND,Ascendis Pharma A/S Ordinary Share,$270.45,-4.98,-1.808%,16761,Denmark,2015.0,375408,Health Care,Biotechnology: Pharmaceutical Preparations
JAZZ,Jazz Pharmaceuticals plc Common Stock (Ireland),$243.82,-3.09,-1.251%,15316,Ireland,2007.0,630662,Health Care,Biotechnology: Pharmaceutical Preparations
EXEL,Exelixis Inc. Common Stock,$56.50,-0.6,-1.051%,14201,United States,2000.0,3219332,Health Care,Biotechnology: Biological Products (No Diagnostic Substances)
ELAN,Elanco Animal Health Incorporated Common Stock,$24.82,0.2,0.812%,12396,United States,2018.0,3875930,Health Care,Biotechnology: Pharmaceutical Preparations
MDGL,Madrigal Pharmaceuticals Inc. Common Stock,$536.70,-23.31,-4.162%,12373,United States,2007.0,294013,Health Care,Biotechnology: Pharmaceutical Preparations
ABVX,Abivax SA American Depositary Shares,$139.90,-0.84,-0.597%,12044,France,2023.0,837616,Health Care,Biotechnology: Pharmaceutical Preparations
AXSM,Axsome Therapeutics Inc. Common Stock,$233.80,-15.15,-6.086%,12031,United States,2015.0,804606,Health Care,Biotechnology: Pharmaceutical Preparations
SMMT,Summit Therapeutics Inc. Common Stock ,$15.25,-0.23,-1.486%,11836,United States,2015.0,2724881,Health Care,Biotechnology: Pharmaceutical Preparations
BMRN,BioMarin Pharmaceutical Inc. Common Stock,$59.12,-0.85,-1.417%,11426,United States,1999.0,1512269,Health Care,Biotechnology: Pharmaceutical Preparations
TECH,Bio-Techne Corp Common Stock,$71.30,0.15,0.211%,11163,United States,,2938848,Health Care,Biotechnology: Biological Products (No Diagnostic Substances)
RDY,Dr. Reddy's Laboratories Ltd Common Stock,$13.19,-0.7,-5.04%,11009,India,,3272025,Health Care,Biotechnology: Pharmaceutical Preparations
KRYS,Krystal Biotech Inc. Common Stock,$365.81,-5.43,-1.463%,10783,United States,2017.0,363770,Health Care,Biotechnology: Biological Products (No Diagnostic Substances)
ARWR,Arrowhead Pharmaceuticals Inc. Common Stock,$76.40,-7.6,-9.048%,10761,United States,,2952307,Health Care,Biotechnology: Pharmaceutical Preparations
CYTK,Cytokinetics Incorporated Common Stock,$84.87,-1.2,-1.394%,10560,United States,2004.0,1768086,Health Care,Biotechnology: Pharmaceutical Preparations
APGE,Apogee Therapeutics Inc. Common Stock,$133.65,0.08,0.06%,10075,United States,2023.0,787886,Health Care,Biotechnology: Biological Products (No Diagnostic Substances)
CORT,Corcept Therapeutics Incorporated Common Stock,$91.88,-1.37,-1.469%,9863,United States,2004.0,1128496,Health Care,Biotechnology: Pharmaceutical Preparations
KYMR,Kymera Therapeutics Inc. Common Stock,$119.35,0.35,0.294%,9817,United States,2020.0,665694,Health Care,Biotechnology: Biological Products (No Diagnostic Substances)
NUVL,Nuvalent Inc. Class A Common Stock,$123.90,0.07,0.057%,9787,United States,2021.0,2057895,Health Care,Biotechnology: Pharmaceutical Preparations
IONS,Ionis Pharmaceuticals Inc. Common Stock,$58.25,-6.02,-9.367%,9626,United States,,11440181,Health Care,Biotechnology: Pharmaceutical Preparations
PRAX,Praxis Precision Medicines Inc. Common Stock,$324.99,-8.13,-2.441%,9060,United States,2020.0,398646,Health Care,Biotechnology: Pharmaceutical Preparations
HALO,Halozyme Therapeutics Inc. Common Stock,$76.20,-2.42,-3.078%,9038,United States,,1474533,Health Care,Biotechnology: Biological Products (No Diagnostic Substances)
CRNX,Crinetics Pharmaceuticals Inc. Common Stock,$83.58,-0.04,-0.048%,8812,United States,2018.0,7356384,Health Care,Biotechnology: Pharmaceutical Preparations
TGTX,TG Therapeutics Inc. Common Stock,$57.12,-1.94,-3.285%,8744,United States,,1230523,Health Care,Biotechnology: Pharmaceutical Preparations
ALKS,Alkermes plc Ordinary Shares,$51.94,-1.84,-3.421%,8657,Ireland,1991.0,1691481,Health Care,Biotechnology: Pharmaceutical Preparations
IBRX,ImmunityBio Inc. Common Stock,$8.22,-0.65,-7.328%,8609,United States,2015.0,12825882,Health Care,Biotechnology: Biological Products (No Diagnostic Substances)
SYRE,Spyre Therapeutics Inc. Common Stock,$97.74,-1.01,-1.023%,8594,United States,2016.0,779252,Health Care,Biotechnology: Pharmaceutical Preparations
QGEN,Qiagen N.V. Common Shares,$41.51,-0.48,-1.143%,8554,Netherlands,2026.0,3565173,Health Care,Biotechnology: Biological Products (No Diagnostic Substances)
PTGX,Protagonist Therapeutics Inc. Common Stock,$131.42,-6.22,-4.519%,8451,United States,2016.0,1060930,Health Care,Biotechnology: Pharmaceutical Preparations
PCVX,Vaxcyte Inc. Common Stock,$58.21,-1.62,-2.708%,8405,United States,2020.0,624082,Health Care,Biotechnology: Pharmaceutical Preparations
IMVT,Immunovant Inc. Common Stock,$39.71,-1.38,-3.358%,8152,United States,2019.0,1095103,Health Care,Biotechnology: Biological Products (No Diagnostic Substances)
RGEN,Repligen Corporation Common Stock,$144.24,0.3,0.208%,8136,United States,1986.0,476056,Health Care,Biotechnology: Biological Products (No Diagnostic Substances)
MIRM,Mirum Pharmaceuticals Inc. Common Stock,$122.13,-5.57,-4.362%,7447,United States,2019.0,539186,Health Care,Biotechnology: Pharmaceutical Preparations
RYTM,Rhythm Pharmaceuticals Inc. Common Stock,$108.40,-7.08,-6.131%,7428,United States,2017.0,506162,Health Care,Biotechnology: Pharmaceutical Preparations
PTCT,PTC Therapeutics Inc. Common Stock,$84.85,-4.7,-5.248%,7038,United States,2013.0,1066919,Health Care,Biotechnology: Pharmaceutical Preparations
LQDA,Liquidia Corporation Common Stock,$77.93,-3.52,-4.322%,6930,United States,2018.0,1165906,Health Care,Biotechnology: Pharmaceutical Preparations
LNTH,Lantheus Holdings Inc. Common Stock,$105.64,-0.35,-0.33%,6877,United States,2015.0,942482,Health Care,Biotechnology: In Vitro & In Vivo Diagnostic Substances
SRRK,Scholar Rock Holding Corporation Common Stock,$56.71,-1.23,-2.123%,6795,United States,2018.0,828839,Health Care,Biotechnology: Biological Products (No Diagnostic Substances)
XENE,Xenon Pharmaceuticals Inc. Common Shares,$68.92,-2.04,-2.875%,6662,Canada,2014.0,1535947,Health Care,Biotechnology: Pharmaceutical Preparations
COGT,Cogent Biosciences Inc. Common Stock,$38.87,-1.64,-4.048%,6641,United States,2018.0,2051996,Health Care,Biotechnology: Pharmaceutical Preparations
CGON,CG Oncology Inc. Common stock,$75.24,1.92,2.619%,6636,United States,2024.0,1042727,Health Care,Biotechnology: Biological Products (No Diagnostic Substances)
LGND,Ligand Pharmaceuticals Incorporated Common Stock,$316.24,-6.37,-1.975%,6337,United States,,148683,Health Care,Biotechnology: Pharmaceutical Preparations
BLTE,Belite Bio Inc American Depositary Shares,$149.33,-3.91,-2.552%,5874,United States,2022.0,153725,Health Care,Biotechnology: Pharmaceutical Preparations
ERAS,Erasca Inc. Common Stock,$18.53,-0.65,-3.389%,5762,United States,2021.0,3018082,Health Care,Biotechnology: Pharmaceutical Preparations
TWST,Twist Bioscience Corporation Common Stock,$90.635,-3.035,-3.24%,5643,United States,2018.0,1353230,Health Care,Biotechnology: Biological Products (No Diagnostic Substances)
AMRX,Amneal Pharmaceuticals Inc. Class A Common Stock,$17.01,-0.01,-0.059%,5426,United States,,1733395,Health Care,Biotechnology: Pharmaceutical Preparations
DNTH,Dianthus Therapeutics Inc. Common Stock,$97.60,-2.43,-2.429%,5335,United States,2018.0,842773,Health Care,Biotechnology: Pharmaceutical Preparations
TVTX,Travere Therapeutics Inc. Common Stock,$56.59,-1.88,-3.215%,5262,United States,,1247624,Health Care,Biotechnology: Pharmaceutical Preparations
ORKA,Oruka Therapeutics Inc. Common Stock,$86.79,-1.48,-1.677%,5234,United States,,503075,Health Care,Biotechnology: In Vitro & In Vivo Diagnostic Substances
CRSP,CRISPR Therapeutics AG Common Shares,$53.35,-2.99,-5.307%,5145,Switzerland,2016.0,2071024,Health Care,Biotechnology: Biological Products (No Diagnostic Substances)
INDV,Indivior Pharmaceuticals Inc. Common Stock,$40.50,-0.8,-1.937%,5053,United Kingdom,,1260240,Health Care,Biotechnology: Pharmaceutical Preparations
LEGN,Legend Biotech Corporation American Depositary Shares,$27.08,-0.3,-1.096%,5029,United States,2020.0,1343047,Health Care,Biotechnology: Pharmaceutical Preparations
GRFS,Grifols S.A. American Depositary Shares,$7.27,-0.02,-0.274%,4998,Spain,,523323,Health Care,Biotechnology: Pharmaceutical Preparations
MANE,Veradermics Incorporated Common Stock,$119.60,-5.31,-4.251%,4996,,2026.0,348363,Health Care,Biotechnology: Pharmaceutical Preparations
EWTX,Edgewise Therapeutics Inc. Common Stock,$45.41,-2.94,-6.081%,4885,United States,2021.0,1068253,Health Care,Biotechnology: Pharmaceutical Preparations
KNSA,Kiniksa Pharmaceuticals International plc Class A Ordinary Shares,$63.44,-1.94,-2.967%,4880,United States,2018.0,443230,Health Care,Biotechnology: Pharmaceutical Preparations
VKTX,Viking Therapeutics Inc. Common Stock,$38.86,-2.28,-5.542%,4511,United States,2015.0,2157776,Health Care,Biotechnology: Pharmaceutical Preparations
TNGX,Tango Therapeutics Inc.,$31.06,0.54,1.769%,4492,United States,2020.0,3372083,Health Care,Biotechnology: Pharmaceutical Preparations
ACAD,ACADIA Pharmaceuticals Inc. Common Stock,$26.22,-0.19,-0.719%,4489,United States,1985.0,1442834,Health Care,Biotechnology: Pharmaceutical Preparations
NAMS,NewAmsterdam Pharma Company N.V. Ordinary Shares,$35.26,-0.66,-1.837%,4122,Netherlands,,564280,Health Care,Biotechnology: Pharmaceutical Preparations
DNLI,Denali Therapeutics Inc. Common Stock,$25.68,-1.53,-5.623%,4075,United States,2017.0,1383209,Health Care,Biotechnology: Biological Products (No Diagnostic Substances)
DYN,Dyne Therapeutics Inc. Common Stock,$23.42,-0.85,-3.502%,3871,United States,2020.0,1514822,Health Care,Biotechnology: Pharmaceutical Preparations
CPRX,Catalyst Pharmaceuticals Inc. Common Stock,$31.47,0.0,0.00%,3852,United States,2006.0,1346685,Health Care,Biotechnology: Pharmaceutical Preparations
RLAY,Relay Therapeutics Inc. Common Stock,$20.005,-0.745,-3.59%,3832,United States,2020.0,3188277,Health Care,Biotechnology: Biological Products (No Diagnostic Substances)
GPCR,Structure Therapeutics Inc. American Depositary Shares,$53.36,-1.78,-3.228%,3792,United States,2023.0,736881,Health Care,Biotechnology: Pharmaceutical Preparations
TLX,Telix Pharmaceuticals Limited American Depositary Shares,$11.14,-0.64,-5.433%,3773,Australia,,186404,Health Care,Biotechnology: Pharmaceutical Preparations
RCUS,Arcus Biosciences Inc. Common Stock,$28.92,-1.04,-3.471%,3637,United States,2018.0,811753,Health Care,Biotechnology: Pharmaceutical Preparations
PBLS,Parabilis Medicines Inc. Common Stock,$30.57,0.21,0.692%,3630,United States,2026.0,664329,Health Care,Biotechnology: Pharmaceutical Preparations
ALMS,Alumis Inc. Common Stock,$28.31,-1.99,-6.568%,3609,United States,2024.0,917215,Health Care,Biotechnology: Pharmaceutical Preparations
OGN,Organon & Co. Common Stock ,$13.52,0.03,0.222%,3550,United States,2021.0,3023809,Health Care,Biotechnology: Pharmaceutical Preparations
ARQT,Arcutis Biotherapeutics Inc. Common Stock,$27.74,-1.04,-3.614%,3469,United States,2020.0,1572194,Health Care,Biotechnology: Pharmaceutical Preparations
ADPT,Adaptive Biotechnologies Corporation Common Stock,$21.06,-0.74,-3.394%,3370,United States,2019.0,1907578,Health Care,Biotechnology: Biological Products (No Diagnostic Substances)
BEAM,Beam Therapeutics Inc. Common Stock,$32.68,-3.14,-8.766%,3362,United States,2020.0,2833367,Health Care,Biotechnology: Biological Products (No Diagnostic Substances)
RARE,Ultragenyx Pharmaceutical Inc. Common Stock,$33.82,-0.79,-2.283%,3330,United States,2014.0,1578207,Health Care,Biotechnology: Pharmaceutical Preparations
IDYA,IDEAYA Biosciences Inc. Common Stock,$36.99,-0.29,-0.778%,3249,United States,2019.0,677534,Health Care,Biotechnology: Pharmaceutical Preparations
ELVN,Enliven Therapeutics Inc. Common Stock,$51.09,-1.09,-2.089%,3111,United States,2020.0,623709,Health Care,Biotechnology: Pharmaceutical Preparations
CLDX,Celldex Therapeutics Inc.,$39.11,0.13,0.334%,3069,United States,,694029,Health Care,Biotechnology: In Vitro & In Vivo Diagnostic Substances
VERA,Vera Therapeutics Inc. Class A Common Stock,$42.00,-0.45,-1.06%,3014,United States,2021.0,3403119,Health Care,Biotechnology: Pharmaceutical Preparations
IRON,Disc Medicine Inc. Common Stock,$76.59,-2.35,-2.977%,2925,United States,,324598,Health Care,Biotechnology: Pharmaceutical Preparations
MBX,MBX Biosciences Inc. Common Stock,$61.05,-4.66,-7.092%,2905,United States,2024.0,852145,Health Care,Biotechnology: Pharmaceutical Preparations
SUPN,Supernus Pharmaceuticals Inc. Common Stock,$48.46,-0.29,-0.595%,2812,United States,2012.0,1126247,Health Care,Biotechnology: Pharmaceutical Preparations
QURE,uniQure N.V. Ordinary Shares,$42.63,-1.85,-4.159%,2688,Netherlands,2014.0,1140035,Health Care,Biotechnology: Pharmaceutical Preparations
KLRA,Kailera Therapeutics Inc. Common Stock,$20.68,-0.33,-1.571%,2679,United States,2026.0,558332,Health Care,Biotechnology: Pharmaceutical Preparations
BCRX,BioCryst Pharmaceuticals Inc. Common Stock,$10.45,-0.27,-2.519%,2655,United States,1994.0,3359386,Health Care,Biotechnology: Biological Products (No Diagnostic Substances)
SLBT,SL Science Holding Limited Ordinary Shares,$4.73,0.17,3.728%,2652,Taiwan,,110092,Health Care,Biotechnology: Biological Products (No Diagnostic Substances)
IMNM,Immunome Inc. Common Stock,$23.35,-0.82,-3.393%,2644,United States,2020.0,1104931,Health Care,Biotechnology: Pharmaceutical Preparations
KOD,Kodiak Sciences Inc Common Stock,$41.31,1.23,3.069%,2585,United States,2018.0,996682,Health Care,Biotechnology: Biological Products (No Diagnostic Substances)
TRVI,Trevi Therapeutics Inc. Common Stock,$17.84,-0.56,-3.043%,2532,United States,2019.0,1027176,Health Care,Biotechnology: Pharmaceutical Preparations
TARS,Tarsus Pharmaceuticals Inc. Common Stock,$58.14,-6.0,-9.355%,2501,United States,2020.0,2367209,Health Care,Biotechnology: Biological Products (No Diagnostic Substances)
AGIO,Agios Pharmaceuticals Inc. Common Stock,$41.23,-1.56,-3.646%,2452,United States,2013.0,1133958,Health Care,Biotechnology: Pharmaceutical Preparations
PHVS,Pharvaris N.V. Ordinary Shares,$35.07,-0.89,-2.475%,2443,Netherlands,2021.0,639264,Health Care,Biotechnology: Pharmaceutical Preparations
VCEL,Vericel Corporation Common Stock,$47.00,-1.31,-2.712%,2400,United States,,451877,Health Care,Biotechnology: Biological Products (No Diagnostic Substances)
NRIX,Nurix Therapeutics Inc. Common stock,$23.06,-1.63,-6.602%,2384,United States,2020.0,1553056,Health Care,Biotechnology: Pharmaceutical Preparations
NKTR,Nektar Therapeutics  Common Stock,$70.36,-2.56,-3.511%,2377,United States,,786380,Health Care,Biotechnology: Pharmaceutical Preparations
TAK,Takeda Pharmaceutical Company Limited American Depositary Shares (each representing 1/2 of a share of Common Stock),$16.56,-0.05,-0.301%,2373,Japan,2018.0,1503797,Health Care,Biotechnology: Pharmaceutical Preparations
SLS,SELLAS Life Sciences Group Inc. Common Stock,$12.76,-0.75,-5.551%,2373,United States,,6388118,Health Care,Biotechnology: Pharmaceutical Preparations
MLYS,Mineralys Therapeutics Inc. Common Stock,$28.38,-0.58,-2.003%,2341,United States,2023.0,727723,Health Care,Biotechnology: Pharmaceutical Preparations
BHVN,Biohaven Ltd. Common Shares ,$15.55,-1.24,-7.385%,2340,United States,2022.0,2128497,Health Care,Biotechnology: Pharmaceutical Preparations
PBH,Prestige Consumer Healthcare Inc. Common Stock,$48.90,0.42,0.866%,2316,United States,2005.0,347102,Health Care,Biotechnology: Pharmaceutical Preparations
ZLAB,Zai Lab Limited American Depositary Shares,$20.49,0.51,2.553%,2302,China,2017.0,1189853,Health Care,Biotechnology: Pharmaceutical Preparations
OCUL,Ocular Therapeutix Inc. Common Stock,$10.20,-0.34,-3.226%,2233,United States,2014.0,1875646,Health Care,Biotechnology: Pharmaceutical Preparations
KARD,Kardigan Inc. Common Stock,$24.635,0.185,0.757%,2159,United States,2026.0,338745,Health Care,Biotechnology: Pharmaceutical Preparations
HRMY,Harmony Biosciences Holdings Inc. Common Stock,$36.84,-1.37,-3.585%,2132,United States,2020.0,668847,Health Care,Biotechnology: Pharmaceutical Preparations
ADMA,ADMA Biologics Inc Common Stock,$9.08,-0.19,-2.05%,2109,United States,,2343202,Health Care,Biotechnology: Biological Products (No Diagnostic Substances)
NEOG,Neogen Corporation Common Stock,$9.62,-0.13,-1.333%,2094,United States,1989.0,1570810,Health Care,Biotechnology: In Vitro & In Vivo Diagnostic Substances
SNDX,Syndax Pharmaceuticals Inc. Common Stock,$23.61,-1.23,-4.952%,2091,United States,2016.0,2100883,Health Care,Biotechnology: Pharmaceutical Preparations
PVLA,Palvella Therapeutics Inc. Common Stock,$144.76,-6.28,-4.158%,2076,United States,,214979,Health Care,Biotechnology: Pharmaceutical Preparations
AUPH,Aurinia Pharmaceuticals Inc Ordinary Shares,$15.78,-0.81,-4.882%,2050,Canada,,1201963,Health Care,Biotechnology: Pharmaceutical Preparations
SION,Sionna Therapeutics Inc. Common Stock,$45.29,0.35,0.779%,2044,United States,2025.0,371008,Health Care,Biotechnology: Pharmaceutical Preparations
NUVB,Nuvation Bio Inc. Class A Common Stock,$5.81,-0.3,-4.91%,2023,United States,2020.0,6087632,Health Care,Biotechnology: Pharmaceutical Preparations
ABCL,AbCellera Biologics Inc. Common Shares,$6.80,-0.49,-6.722%,2003,Canada,2020.0,7273328,Health Care,Biotechnology: Pharmaceutical Preparations
SRPT,Sarepta Therapeutics Inc. Common Stock (DE),$18.95,-1.57,-7.651%,2000,United States,,3025896,Health Care,Biotechnology: Pharmaceutical Preparations
RAPP,Rapport Therapeutics Inc. Common Stock,$41.75,-0.3,-0.713%,1996,United States,2024.0,435514,Health Care,Biotechnology: Pharmaceutical Preparations
LKFT,Lakefront Biotherapeutics American Depositary Shares,$30.27,-0.32,-1.046%,1994,Belgium,2015.0,136741,Health Care,Biotechnology: Pharmaceutical Preparations
MESO,Mesoblast Limited American Depositary Shares,$15.44,0.61,4.113%,1992,Australia,2015.0,292529,Health Care,Biotechnology: Biological Products (No Diagnostic Substances)
RVMDW,Revolution Medicines Inc. Warrant,$9.36,-0.456,-4.645%,1989,United States,,23542,Health Care,Biotechnology: Biological Products (No Diagnostic Substances)
NTLA,Intellia Therapeutics Inc. Common Stock,$14.215,-1.225,-7.934%,1986,United States,2016.0,6171132,Health Care,Biotechnology: In Vitro & In Vivo Diagnostic Substances
AMLX,Amylyx Pharmaceuticals Inc. Common Stock,$17.77,-0.61,-3.319%,1975,United States,2022.0,1068710,Health Care,Biotechnology: Pharmaceutical Preparations
ANAB,AnaptysBio Inc. Common Stock,$66.39,-0.2,-0.30%,1965,United States,2017.0,401104,Health Care,Biotechnology: Pharmaceutical Preparations
STOK,Stoke Therapeutics Inc. Common Stock,$31.38,-1.45,-4.417%,1954,United States,2019.0,614898,Health Care,Biotechnology: Pharmaceutical Preparations
TYRA,Tyra Biosciences Inc. Common Stock,$32.75,-0.26,-0.788%,1947,United States,2021.0,998760,Health Care,Biotechnology: Pharmaceutical Preparations
GLUE,Monte Rosa Therapeutics Inc. Common Stock,$23.04,-1.48,-6.036%,1946,United States,2021.0,1718298,Health Care,Biotechnology: Biological Products (No Diagnostic Substances)
NBTX,Nanobiotix S.A. American Depositary Shares,$40.07,1.12,2.875%,1939,France,2020.0,119872,Health Care,Biotechnology: Pharmaceutical Preparations
HCM,HUTCHMED (China) Limited American Depositary Shares,$11.07,0.09,0.82%,1931,Hong Kong,2016.0,37487,Health Care,Biotechnology: Pharmaceutical Preparations
ATAI,AtaiBeckley Inc. Common Stock,$5.17,-0.16,-3.002%,1903,Germany,2008.0,7996861,Health Care,Biotechnology: Pharmaceutical Preparations
BCAX,Bicara Therapeutics Inc. Common Stock,$28.91,-0.77,-2.594%,1899,United States,2024.0,584455,Health Care,Biotechnology: Pharmaceutical Preparations
PGEN,Precigen Inc. Common Stock,$5.32,-0.21,-3.797%,1896,United States,,3455419,Health Care,Biotechnology: Pharmaceutical Preparations
ZYME,Zymeworks Inc. Common Stock,$25.88,-1.19,-4.396%,1889,United States,,482761,Health Care,Biotechnology: Pharmaceutical Preparations
IOVA,Iovance Biotherapeutics Inc. Common Stock,$4.23,-0.14,-3.204%,1888,United States,,9921093,Health Care,Biotechnology: Biological Products (No Diagnostic Substances)
RXRX,Recursion Pharmaceuticals Inc. Class A Common Stock,$3.56,-0.2,-5.319%,1886,United States,2021.0,20762104,Health Care,Biotechnology: Biological Products (No Diagnostic Substances)
URGN,UroGen Pharma Ltd. Ordinary Shares,$38.56,-1.67,-4.151%,1878,Israel,2017.0,1281223,Health Care,Biotechnology: Pharmaceutical Preparations
AAPG,Ascentage Pharma Group International American Depository Shares,$19.97,1.07,5.661%,1863,China,2025.0,3635,Health Care,Biotechnology: Pharmaceutical Preparations
ANIP,ANI Pharmaceuticals Inc.,$82.07,-1.71,-2.041%,1843,United States,,241478,Health Care,Biotechnology: Pharmaceutical Preparations
CMPS,COMPASS Pathways Plc American Depository Shares,$13.64,0.04,0.294%,1840,United Kingdom,2020.0,4183765,Health Care,Biotechnology: Pharmaceutical Preparations
GENB,Generate Biomedicines Inc. Common Stock,$14.325,-1.395,-8.874%,1836,United States,2026.0,885892,Health Care,Biotechnology: Pharmaceutical Preparations
TSHA,Taysha Gene Therapies Inc. Common Stock,$6.34,-0.23,-3.501%,1821,United States,2020.0,2850172,Health Care,Biotechnology: Biological Products (No Diagnostic Substances)
GHRS,GH Research PLC Ordinary Shares,$26.51,-0.69,-2.537%,1817,Ireland,2021.0,128509,Health Care,Biotechnology: Pharmaceutical Preparations
ZBIO,Zenas BioPharma Inc. Common Stock,$28.74,-0.69,-2.345%,1814,United States,2024.0,960038,Health Care,Biotechnology: Pharmaceutical Preparations
BHC,Bausch Health Companies Inc. Common Stock,$4.78,-0.08,-1.646%,1786,Canada,,1367217,Health Care,Biotechnology: Pharmaceutical Preparations
MPLT,MapLight Therapeutics Inc. Common Stock,$39.32,-0.48,-1.206%,1782,United States,2025.0,1183990,Health Care,Biotechnology: Pharmaceutical Preparations
COAG,Hemab Therapeutics Holdings Inc. Common Stock,$38.03,0.83,2.231%,1776,United States,2026.0,210409,Health Care,Biotechnology: Biological Products (No Diagnostic Substances)
DMRA,Damora Therapeutics Inc. Common Stock,$28.53,-2.25,-7.31%,1756,Denmark,2020.0,312633,Health Care,Biotechnology: Pharmaceutical Preparations
MAZE,Maze Therapeutics Inc. Common Stock,$30.57,-1.85,-5.706%,1691,United States,2025.0,789819,Health Care,Biotechnology: Biological Products (No Diagnostic Substances)
VIR,Vir Biotechnology Inc. Common Stock,$9.96,-0.38,-3.675%,1679,United States,2019.0,1676726,Health Care,Biotechnology: Biological Products (No Diagnostic Substances)
INVA,Innoviva Inc. Common Stock,$22.24,0.04,0.18%,1641,United States,2004.0,2676250,Health Care,Biotechnology: Pharmaceutical Preparations
SEPN,Septerna Inc. Common Stock,$35.93,-1.91,-5.048%,1619,United States,2024.0,378181,Health Care,Biotechnology: Pharmaceutical Preparations
HROW,Harrow Inc. Common Stock,$42.48,-0.45,-1.048%,1583,United States,,407801,Health Care,Biotechnology: Pharmaceutical Preparations
MRVI,Maravai LifeSciences Holdings Inc. Class A Common Stock,$6.09,0.12,2.01%,1572,United States,2020.0,4389014,Health Care,Biotechnology: Pharmaceutical Preparations
AVBP,ArriVent BioPharma Inc. Common Stock,$33.69,0.02,0.059%,1569,United States,2024.0,436624,Health Care,Biotechnology: Pharmaceutical Preparations
AKTS,Aktis Oncology Inc. Common stock,$27.88,-0.54,-1.90%,1541,United States,2026.0,487232,Health Care,Biotechnology: Pharmaceutical Preparations
IMCR,Immunocore Holdings plc American Depositary Shares,$31.95,-1.13,-3.416%,1536,United Kingdom,2021.0,410629,Health Care,Biotechnology: Biological Products (No Diagnostic Substances)
NVAX,Novavax Inc. Common Stock,$9.33,-0.07,-0.745%,1534,United States,,5095796,Health Care,Biotechnology: Biological Products (No Diagnostic Substances)
MLTX,MoonLake Immunotherapeutics Class A Ordinary Shares,$20.36,0.43,2.158%,1498,United States,2020.0,1939650,Health Care,Biotechnology: Pharmaceutical Preparations
XERS,Xeris Biopharma Holdings Inc. Common Stock,$8.34,-0.28,-3.248%,1439,United States,2018.0,1525782,Health Care,Biotechnology: Pharmaceutical Preparations
PRGO,Perrigo Company plc Ordinary Shares,$10.22,-0.19,-1.825%,1414,United States,,3394127,Health Care,Biotechnology: Pharmaceutical Preparations
INBX,Inhibrx Biosciences Inc. Common Stock,$93.01,-10.84,-10.438%,1364,United States,,369290,Health Care,Biotechnology: Biological Products (No Diagnostic Substances)
NNNN,Anbio Biotechnology Class A Ordinary Shares,$9.39,-1.76,-15.785%,1351,Germany,2025.0,56470,Health Care,Biotechnology: In Vitro & In Vivo Diagnostic Substances
CRVS,Corvus Pharmaceuticals Inc. Common Stock,$15.67,-0.53,-3.272%,1317,United States,2016.0,1207852,Health Care,Biotechnology: Pharmaceutical Preparations
ARDX,Ardelyx Inc. Common Stock,$5.28,-0.1,-1.859%,1304,United States,2014.0,2335678,Health Care,Biotechnology: Pharmaceutical Preparations
PAHC,Phibro Animal Health Corporation Class A Common Stock,$32.07,-0.31,-0.957%,1300,United States,2014.0,525302,Health Care,Biotechnology: Pharmaceutical Preparations
IMTX,Immatics N.V. Ordinary Shares,$9.68,-0.28,-2.811%,1298,Germany,,264090,Health Care,Biotechnology: Biological Products (No Diagnostic Substances)
TRAX,First Tracks Biotherapeutics Inc. Ordinary Shares ,$36.24,3.84,11.852%,1264,United States,,1920218,Health Care,Biotechnology: Pharmaceutical Preparations
MNKD,MannKind Corporation Common Stock,$4.09,-0.05,-1.208%,1263,United States,2004.0,4244696,Health Care,Biotechnology: Pharmaceutical Preparations
CAPR,Capricor Therapeutics Inc. Common Stock,$21.51,-0.99,-4.40%,1245,United States,,1226859,Health Care,Biotechnology: Pharmaceutical Preparations
QDEL,QuidelOrtho Corporation Common Stock,$18.27,0.83,4.759%,1245,United States,,1278542,Health Care,Biotechnology: In Vitro & In Vivo Diagnostic Substances
AVLN,Avalyn Pharma Inc. Common Stock,$28.06,-0.86,-2.974%,1243,United States,2026.0,322037,Health Care,Biotechnology: Pharmaceutical Preparations
MGTX,MeiraGTx Holdings plc Ordinary Shares,$13.39,-0.55,-3.945%,1240,United States,2018.0,735764,Health Care,Biotechnology: Biological Products (No Diagnostic Substances)
SVRA,Savara Inc. Common Stock,$6.03,-0.26,-4.134%,1235,United States,,1720446,Health Care,Biotechnology: Pharmaceutical Preparations
SDGR,Schrodinger Inc. Common Stock,$16.49,-0.3,-1.787%,1232,United States,2020.0,1095210,Health Care,Biotechnology: Pharmaceutical Preparations
WVE,Wave Life Sciences Ltd. Ordinary Shares,$6.25,-0.06,-0.951%,1202,Singapore,2015.0,3550107,Health Care,Biotechnology: Pharmaceutical Preparations
XNCR,Xencor Inc. Common Stock,$15.85,-0.265,-1.644%,1175,United States,2013.0,544682,Health Care,Biotechnology: Pharmaceutical Preparations
SPTX,Seaport Therapeutics Inc. Common Stock,$21.58,1.07,5.217%,1155,United States,2026.0,76171,Health Care,Biotechnology: Pharmaceutical Preparations
COLL,Collegium Pharmaceutical Inc. Common Stock,$35.23,-0.58,-1.62%,1142,United States,2015.0,286221,Health Care,Biotechnology: Pharmaceutical Preparations
ORIC,Oric Pharmaceuticals Inc. Common Stock,$10.85,-0.09,-0.823%,1123,United States,2020.0,1073817,Health Care,Biotechnology: Pharmaceutical Preparations
CGEM,Cullinan Therapeutics Inc. Common Stock,$18.13,-0.25,-1.36%,1114,United States,2021.0,684739,Health Care,Biotechnology: Biological Products (No Diagnostic Substances)
BIOA,BioAge Labs Inc. Common Stock,$24.34,-0.55,-2.21%,1081,United States,2024.0,704432,Health Care,Biotechnology: Pharmaceutical Preparations
SANA,Sana Biotechnology Inc. Common Stock,$3.85,-0.08,-2.036%,1071,United States,2021.0,2904991,Health Care,Biotechnology: Biological Products (No Diagnostic Substances)
OLMA,Olema Pharmaceuticals Inc. Common Stock,$11.91,-0.37,-3.013%,1040,United States,2020.0,927057,Health Care,Biotechnology: Pharmaceutical Preparations
VOR,Vor Biopharma Inc. Common Stock,$19.14,-0.61,-3.089%,1037,United States,2021.0,2184680,Health Care,Biotechnology: Biological Products (No Diagnostic Substances)
JBIO,Jade Biosciences Inc. Common Stock,$20.95,-1.53,-6.806%,1034,United States,2021.0,1413190,Health Care,Biotechnology: Pharmaceutical Preparations
SLDB,Solid Biosciences Inc. Common Stock,$10.42,-0.72,-6.463%,1025,United States,2018.0,1472663,Health Care,Biotechnology: Biological Products (No Diagnostic Substances)
ALVO,Alvotech Ordinary Shares,$3.28,-0.04,-1.205%,1023,Luxembourg,,397735,Health Care,Biotechnology: Biological Products (No Diagnostic Substances)
OPK,OPKO Health Inc. Common Stock,$1.35,-0.04,-2.878%,1019,United States,,2060951,Health Care,Biotechnology: Pharmaceutical Preparations
KURA,Kura Oncology Inc. Common Stock,$11.45,-0.63,-5.215%,1016,United States,,1338796,Health Care,Biotechnology: Pharmaceutical Preparations
AVTX,Avalo Therapeutics Inc. Common Stock,$19.21,-0.74,-3.709%,1009,United States,2015.0,852817,Health Care,Biotechnology: Pharmaceutical Preparations
PHAT,Phathom Pharmaceuticals Inc. Common Stock,$12.61,0.45,3.701%,1005,United States,2019.0,2324845,Health Care,Biotechnology: Pharmaceutical Preparations
ETON,Eton Pharmaceuticals Inc. Common Stock,$36.61,-0.72,-1.929%,1002,United States,2018.0,250834,Health Care,Biotechnology: Pharmaceutical Preparations
PCRX,Pacira BioSciences Inc. Common Stock,$25.48,-0.02,-0.078%,1002,United States,2011.0,365223,Health Care,Biotechnology: Pharmaceutical Preparations
JANX,Janux Therapeutics Inc. Common Stock,$16.40,-0.35,-2.09%,1000,United States,2021.0,887888,Health Care,Biotechnology: Pharmaceutical Preparations
LXRX,Lexicon Pharmaceuticals Inc. Common Stock,$2.22,-0.03,-1.333%,986,United States,,2298590,Health Care,Biotechnology: Pharmaceutical Preparations
PHAR,Pharming Group N.V. ADS each representing 10 ordinary shares,$13.86,-0.18,-1.282%,978,Netherlands,,13768,Health Care,Biotechnology: Pharmaceutical Preparations
DBVT,DBV Technologies S.A. American Depositary Shares,$16.49,0.41,2.55%,976,France,2014.0,151103,Health Care,Biotechnology: Biological Products (No Diagnostic Substances)
GERN,Geron Corporation Common Stock,$1.50,-0.06,-3.846%,962,United States,1996.0,10348939,Health Care,Biotechnology: Pharmaceutical Preparations
ANNX,Annexon Inc. Common Stock,$5.80,-0.14,-2.357%,950,United States,2020.0,2736886,Health Care,Biotechnology: Pharmaceutical Preparations
ABUS,Arbutus Biopharma Corporation Common Stock,$4.80,-0.34,-6.615%,948,Canada,,2950699,Health Care,Biotechnology: Pharmaceutical Preparations
DSGN,Design Therapeutics Inc. Common Stock,$15.19,-0.23,-1.492%,948,United States,2021.0,836513,Health Care,Biotechnology: Pharmaceutical Preparations
LBRX,LB Pharmaceuticals Inc Common Stock,$32.95,-0.79,-2.341%,944,United States,2025.0,186570,Health Care,Biotechnology: Pharmaceutical Preparations
FTH,Faeth Therapeutics Inc. Common Stock,$36.16,3.62,11.125%,932,United States,2021.0,238137,Health Care,Biotechnology: Pharmaceutical Preparations
ANRO,Alto Neuroscience Inc. Common Stock,$26.48,-1.16,-4.197%,929,United States,2024.0,517111,Health Care,Biotechnology: Pharmaceutical Preparations
REPL,Replimune Group Inc. Common Stock,$10.99,-0.12,-1.08%,922,United States,2018.0,2304372,Health Care,Biotechnology: Biological Products (No Diagnostic Substances)
FBRX,Forte Biosciences Inc. Common Stock,$43.92,7.22,19.673%,899,United States,2017.0,3186345,Health Care,Biotechnology: Pharmaceutical Preparations
IVA,Inventiva S.A. American Depository Shares,$4.30,-0.23,-5.077%,898,France,2020.0,582527,Health Care,Biotechnology: Pharmaceutical Preparations
TBPH,Theravance Biopharma Inc. Ordinary Shares,$16.93,-0.05,-0.294%,872,Cayman Islands,,868525,Health Care,Biotechnology: Pharmaceutical Preparations
AMPH,Amphastar Pharmaceuticals Inc. Common Stock,$18.72,-0.3,-1.577%,825,United States,2014.0,311073,Health Care,Biotechnology: Pharmaceutical Preparations
ESPR,Esperion Therapeutics Inc. Common Stock,$3.18,-0.01,-0.313%,819,United States,2013.0,58811605,Health Care,Biotechnology: Pharmaceutical Preparations
CTMX,CytomX Therapeutics Inc. Common Stock,$3.76,-0.195,-4.93%,818,United States,2015.0,2992109,Health Care,Biotechnology: Pharmaceutical Preparations
CYRX,CryoPort Inc. Common Stock,$16.17,0.45,2.863%,815,United States,,540117,Health Care,Biotechnology: Pharmaceutical Preparations
CLYM,Climb Bio Inc. Common Stock,$14.00,0.18,1.302%,801,United States,2021.0,1254239,Health Care,Biotechnology: Pharmaceutical Preparations
ODTX,Odyssey Therapeutics Inc. Common Stock,$16.69,-0.14,-0.832%,801,United States,2026.0,619531,Health Care,Biotechnology: Biological Products (No Diagnostic Substances)
OCS,Oculis Holding AG Ordinary shares,$13.63,-0.07,-0.511%,790,Switzerland,,201548,Health Care,Biotechnology: Pharmaceutical Preparations
ZVRA,Zevra Therapeutics Inc. Common Stock,$13.35,-0.59,-4.232%,789,United States,,2060298,Health Care,Biotechnology: Pharmaceutical Preparations
SPRY,ARS Pharmaceuticals Inc. Common Stock,$7.94,0.06,0.761%,788,United States,2020.0,1397497,Health Care,Biotechnology: Pharmaceutical Preparations
RIGL,Rigel Pharmaceuticals Inc. Common Stock,$42.55,-1.21,-2.765%,787,United States,2000.0,461250,Health Care,Biotechnology: Pharmaceutical Preparations
ACRS,Aclaris Therapeutics Inc. Common Stock,$5.58,-0.13,-2.277%,779,United States,2015.0,1391894,Health Care,Biotechnology: Pharmaceutical Preparations
IMMX,Immix Biopharma Inc. Common Stock,$11.11,0.02,0.18%,775,United States,2021.0,1624057,Health Care,Biotechnology: Pharmaceutical Preparations
DRUG,Bright Minds Biosciences Inc. Common Stock,$77.84,-0.36,-0.46%,763,Canada,,331462,Health Care,Biotechnology: Pharmaceutical Preparations
NGNE,Neurogene Inc. Common Stock ,$39.63,-3.21,-7.493%,757,Canada,2014.0,290622,Health Care,Biotechnology: Pharmaceutical Preparations
OMER,Omeros Corporation Common Stock,$10.28,0.01,0.097%,744,United States,2009.0,1090370,Health Care,Biotechnology: Pharmaceutical Preparations
IRWD,Ironwood Pharmaceuticals Inc. Class A Common Stock,$4.47,-0.2,-4.283%,735,United States,2010.0,2773316,Health Care,Biotechnology: Pharmaceutical Preparations
GYRE,Gyre Therapeutics Inc. Common Stock,$6.52,-0.34,-4.956%,726,United States,2006.0,67011,Health Care,Biotechnology: Pharmaceutical Preparations
RGNX,REGENXBIO Inc. Common Stock,$13.95,-1.7,-10.863%,721,United States,2015.0,3348452,Health Care,Biotechnology: Biological Products (No Diagnostic Substances)
ANL,Adlai Nortye Ltd. American Depositary Shares,$9.87,-0.81,-7.584%,719,Cayman Islands,2023.0,118575,Health Care,Biotechnology: Pharmaceutical Preparations
MNPR,Monopar Therapeutics Inc. Common Stock,$106.60,2.1,2.01%,714,United States,2019.0,149288,Health Care,Biotechnology: Pharmaceutical Preparations
AURA,Aura Biosciences Inc. Common Stock,$6.84,-0.16,-2.286%,707,United States,2021.0,442823,Health Care,Biotechnology: Biological Products (No Diagnostic Substances)
CADL,Candel Therapeutics Inc. Common Stock,$9.49,-0.4,-4.044%,695,United States,2021.0,1186793,Health Care,Biotechnology: Biological Products (No Diagnostic Substances)
ALLO,Allogene Therapeutics Inc. Common Stock,$2.00,-0.1,-4.762%,690,United States,2018.0,7764234,Health Care,Biotechnology: Biological Products (No Diagnostic Substances)
PRME,Prime Medicine Inc. Common Stock,$3.78,-0.45,-10.638%,682,United States,2022.0,6653691,Health Care,Biotechnology: Biological Products (No Diagnostic Substances)
RLMD,Relmada Therapeutics Inc. Common Stock,$6.41,-0.1,-1.536%,672,United States,,1444742,Health Care,Biotechnology: Pharmaceutical Preparations
BBOT,BridgeBio Oncology Therapeutics Inc. Common Stock  ,$8.32,-0.77,-8.471%,666,United States,2024.0,389514,Health Care,Biotechnology: Pharmaceutical Preparations
CRMD,CorMedix Inc. Common Stock,$8.40,-0.27,-3.114%,658,United States,,807960,Health Care,Biotechnology: Pharmaceutical Preparations
TECX,Tectonic Therapeutic Inc. Common Stock,$34.37,-0.9,-2.552%,648,United States,2018.0,100586,Health Care,Biotechnology: Biological Products (No Diagnostic Substances)
AGMB,AgomAb Therapeutics NV American Depositary Shares,$13.08,0.05,0.384%,644,Belgium,2026.0,47232,Health Care,Biotechnology: Biological Products (No Diagnostic Substances)
FDMT,4D Molecular Therapeutics Inc. Common Stock,$12.31,-0.58,-4.50%,643,United States,2020.0,683610,Health Care,Biotechnology: Biological Products (No Diagnostic Substances)
ACHV,Achieve Life Sciences Inc. Common Shares,$6.11,-0.29,-4.531%,627,United States,,2050629,Health Care,Biotechnology: In Vitro & In Vivo Diagnostic Substances
FBIOP,Fortress Biotech Inc. 9.375% Series A Cumulative Redeemable Perpetual Preferred Stock,$18.56,-0.24,-1.277%,616,United States,,8333,Health Care,Biotechnology: Pharmaceutical Preparations
MDXG,MiMedx Group Inc Common Stock,$4.11,-0.03,-0.725%,612,United States,,670190,Health Care,Biotechnology: Pharmaceutical Preparations
ALT,Altimmune Inc. Common Stock,$3.05,-0.07,-2.244%,593,United States,,2986226,Health Care,Biotechnology: Pharmaceutical Preparations
NVCT,Nuvectis Pharma Inc. Common Stock,$18.35,-0.64,-3.37%,578,United States,2022.0,224470,Health Care,Biotechnology: Pharmaceutical Preparations
EIKN,Eikon Therapeutics Inc. Common Stock,$10.58,-0.64,-5.704%,572,United States,2026.0,281993,Health Care,Biotechnology: Biological Products (No Diagnostic Substances)
CTNM,Contineum Therapeutics Inc. Class A Common Stock,$15.19,-0.26,-1.683%,567,United States,2024.0,279355,Health Care,Biotechnology: Pharmaceutical Preparations
DNA,Ginkgo Bioworks Holdings Inc. Class A Common Stock,$9.09,-0.64,-6.578%,564,United States,2021.0,1085034,Health Care,Biotechnology: Biological Products (No Diagnostic Substances)
XOMA,XOMA Royalty Corporation Common Stock,$44.22,-0.58,-1.295%,554,United States,1986.0,295663,Health Care,Biotechnology: Pharmaceutical Preparations
MYGN,Myriad Genetics Inc. Common Stock,$5.83,-0.27,-4.426%,550,United States,1995.0,857004,Health Care,Biotechnology: In Vitro & In Vivo Diagnostic Substances
ARVN,Arvinas Inc. Common Stock,$8.27,-0.27,-3.162%,533,United States,2018.0,423189,Health Care,Biotechnology: Pharmaceutical Preparations
PROK,ProKidney Corp. Class A Ordinary Shares,$1.76,-0.04,-2.222%,531,United States,2021.0,936959,Health Care,Biotechnology: Biological Products (No Diagnostic Substances)
AQST,Aquestive Therapeutics Inc. Common Stock,$4.12,-0.12,-2.83%,516,United States,2018.0,3054127,Health Care,Biotechnology: Pharmaceutical Preparations
KYTX,Kyverna Therapeutics Inc. Common Stock,$8.485,-1.325,-13.507%,515,United States,2024.0,1991070,Health Care,Biotechnology: Biological Products (No Diagnostic Substances)
STTK,Shattuck Labs Inc. Common Stock,$6.64,-0.39,-5.548%,509,United States,2020.0,1727071,Health Care,Biotechnology: Pharmaceutical Preparations
OCGN,Ocugen Inc. Common Stock,$1.47,0.0,0.00%,497,United States,2014.0,3468214,Health Care,Biotechnology: Biological Products (No Diagnostic Substances)
STRO,Sutro Biopharma Inc. Common Stock,$29.73,-0.26,-0.867%,492,United States,2018.0,242488,Health Care,Biotechnology: Biological Products (No Diagnostic Substances)
ZURA,Zura Bio Limited Class A Ordinary Shares,$5.11,-0.4,-7.26%,485,Cayman Islands,,1254589,Health Care,Biotechnology: Biological Products (No Diagnostic Substances)
CABA,Cabaletta Bio Inc. Common Stock,$2.975,-0.14,-4.494%,485,United States,2019.0,6376706,Health Care,Biotechnology: Biological Products (No Diagnostic Substances)
VSTM,Verastem Inc. Common Stock,$5.53,0.13,2.407%,485,United States,2012.0,2987106,Health Care,Biotechnology: Pharmaceutical Preparations
PRTA,Prothena Corporation plc Ordinary Shares,$9.24,-0.4,-4.149%,483,United States,,505160,Health Care,Biotechnology: Pharmaceutical Preparations
VALN,Valneva SE American Depositary Shares,$5.05,-0.245,-4.627%,479,France,2021.0,16120,Health Care,Biotechnology: Biological Products (No Diagnostic Substances)
CBIO,Crescent Biopharma Inc. Common Stock,$17.34,0.58,3.461%,478,United States,2014.0,302035,Health Care,Biotechnology: Pharmaceutical Preparations
EVMN,Evommune Inc. Common Stock,$13.21,-0.3,-2.221%,475,United States,2025.0,585881,Health Care,Biotechnology: Pharmaceutical Preparations
OVID,Ovid Therapeutics Inc. Common Stock,$2.52,-0.08,-3.077%,470,United States,2017.0,1394265,Health Care,Biotechnology: Pharmaceutical Preparations
TENX,Tenax Therapeutics Inc. Common Stock,$17.55,-0.77,-4.203%,465,United States,,1049693,Health Care,Biotechnology: Pharmaceutical Preparations
BNTC,Benitec Biopharma Inc. Common Stock,$13.42,-0.06,-0.445%,461,United States,2015.0,84577,Health Care,Biotechnology: Pharmaceutical Preparations
RZLT,Rezolute Inc. Common Stock (NV),$4.75,-0.38,-7.407%,457,United States,,2211003,Health Care,Biotechnology: Pharmaceutical Preparations
SGMT,Sagimet Biosciences Inc. Series A Common Stock,$7.37,0.02,0.272%,455,United States,2023.0,1113095,Health Care,Biotechnology: Pharmaceutical Preparations
CCCC,C4 Therapeutics Inc. Common Stock,$4.06,-0.23,-5.361%,448,United States,2020.0,2583012,Health Care,Biotechnology: Biological Products (No Diagnostic Substances)
LRMR,Larimar Therapeutics Inc. Common Stock,$4.28,0.15,3.632%,444,United States,2014.0,3445467,Health Care,Biotechnology: Pharmaceutical Preparations
EOLS,Evolus Inc. Common Stock,$6.61,-0.24,-3.504%,435,United States,2018.0,639139,Health Care,Biotechnology: Pharmaceutical Preparations
ASMB,Assembly Biosciences Inc. Common Stock,$27.40,-0.47,-1.686%,435,United States,2010.0,169998,Health Care,Biotechnology: Pharmaceutical Preparations
AUTL,Autolus Therapeutics plc American Depositary Share,$1.61,-0.08,-4.734%,428,United Kingdom,2018.0,1348322,Health Care,Biotechnology: Biological Products (No Diagnostic Substances)
RCKT,Rocket Pharmaceuticals Inc. Common Stock,$3.91,-0.28,-6.683%,426,United States,2015.0,1945461,Health Care,Biotechnology: Pharmaceutical Preparations
HELP,Cybin Inc. Common Stock,$6.87,0.24,3.62%,425,Canada,,1525169,Health Care,Biotechnology: Pharmaceutical Preparations
SLN,Silence Therapeutics Plc American Depository Share,$9.09,-0.77,-7.809%,425,United Kingdom,,365416,Health Care,Biotechnology: Pharmaceutical Preparations
CMPX,Compass Therapeutics Inc. Common Stock,$2.33,0.02,0.866%,419,United States,,2797273,Health Care,Biotechnology: Biological Products (No Diagnostic Substances)
EBS,Emergent BioSolutions Inc. Common Stock,$8.05,-0.13,-1.589%,415,United States,2006.0,1205698,Health Care,Biotechnology: Pharmaceutical Preparations
XFOR,X4 Pharmaceuticals Inc. Common Stock,$4.41,0.45,11.364%,415,United States,2017.0,912745,Health Care,Biotechnology: Biological Products (No Diagnostic Substances)
DMAC,DiaMedica Therapeutics Inc. Common Stock,$7.67,-0.04,-0.519%,413,United States,2018.0,163898,Health Care,Biotechnology: Pharmaceutical Preparations
KMDA,Kamada Ltd. Ordinary Shares,$7.12,-0.03,-0.42%,410,Israel,2013.0,10248,Health Care,Biotechnology: Pharmaceutical Preparations
UPB,Upstream Bio Inc. Common Stock,$7.53,-0.28,-3.585%,409,United States,2024.0,341729,Health Care,Biotechnology: Pharmaceutical Preparations
PBYI,Puma Biotechnology Inc Common Stock,$8.00,0.1,1.266%,407,United States,,342275,Health Care,Biotechnology: Pharmaceutical Preparations
IPSC,Century Therapeutics Inc. Common Stock,$2.25,-0.06,-2.597%,405,United States,2021.0,1200209,Health Care,Biotechnology: Biological Products (No Diagnostic Substances)
SOPH,SOPHiA GENETICS SA Ordinary Shares,$5.65,-0.17,-2.921%,405,Switzerland,2021.0,314374,Health Care,Biotechnology: Biological Products (No Diagnostic Substances)
AVIR,Atea Pharmaceuticals Inc. Common Stock,$4.99,0.08,1.629%,399,United States,2020.0,306544,Health Care,Biotechnology: Pharmaceutical Preparations
ENTA,Enanta Pharmaceuticals Inc. Common Stock,$13.70,-0.55,-3.86%,398,United States,2013.0,179250,Health Care,Biotechnology: Pharmaceutical Preparations
ABEO,Abeona Therapeutics Inc. Common Stock,$6.98,-0.14,-1.966%,397,United States,,1630102,Health Care,Biotechnology: Pharmaceutical Preparations
PRLD,Prelude Therapeutics Incorporated Common Stock,$4.805,-0.105,-2.138%,382,United States,2020.0,577910,Health Care,Biotechnology: Pharmaceutical Preparations
LXEO,Lexeo Therapeutics Inc. Common Stock,$4.82,-0.23,-4.554%,378,United States,2023.0,744601,Health Care,Biotechnology: Biological Products (No Diagnostic Substances)
AKBA,Akebia Therapeutics Inc. Common Stock,$1.40,-0.03,-2.098%,375,United States,2014.0,4152381,Health Care,Biotechnology: Pharmaceutical Preparations
VNDA,Vanda Pharmaceuticals Inc. Common Stock,$6.24,-0.14,-2.194%,375,United States,2006.0,596591,Health Care,Biotechnology: Pharmaceutical Preparations
NATR,Nature's Sunshine Products Inc. Common Stock,$21.27,0.01,0.047%,374,United States,,60841,Health Care,Biotechnology: Pharmaceutical Preparations
FENC,Fennec Pharmaceuticals Inc. Common Stock,$10.49,0.18,1.746%,362,United States,,173145,Health Care,Biotechnology: Biological Products (No Diagnostic Substances)
FATE,Fate Therapeutics Inc. Common Stock,$3.10,-0.01,-0.322%,361,United States,2013.0,6523392,Health Care,Biotechnology: Biological Products (No Diagnostic Substances)
INDP,Indaptus Therapeutics Inc. Common Stock,$2.63,0.13,5.20%,350,United States,,59669,Health Care,Biotechnology: Pharmaceutical Preparations
LYEL,Lyell Immunopharma Inc. Common Stock,$15.01,-0.2,-1.315%,350,United States,2021.0,116571,Health Care,Biotechnology: Pharmaceutical Preparations
FHTX,Foghorn Therapeutics Inc. Common Stock,$5.95,-0.06,-0.998%,349,United States,2020.0,293965,Health Care,Biotechnology: Pharmaceutical Preparations
ZNTL,Zentalis Pharmaceuticals Inc. Common Stock,$4.88,0.18,3.83%,347,United States,2020.0,1401508,Health Care,Biotechnology: Pharmaceutical Preparations
PALI,Palisade Bio Inc. Common Stock,$1.96,-0.01,-0.508%,340,United States,,3452738,Health Care,Biotechnology: Biological Products (No Diagnostic Substances)
IMRX,Immuneering Corporation Class A Common Stock,$5.11,-0.25,-4.664%,330,United States,2021.0,827769,Health Care,Biotechnology: Pharmaceutical Preparations
IRD,Opus Genetics Inc. Common Stock,$3.92,-0.1,-2.488%,323,United States,,598485,Health Care,Biotechnology: Pharmaceutical Preparations
LCTX,Lineage Cell Therapeutics Inc. Common Stock,$1.28,-0.01,-0.775%,319,United States,,738849,Health Care,Biotechnology: Biological Products (No Diagnostic Substances)
EDIT,Editas Medicine Inc. Common Stock,$3.26,-0.04,-1.212%,319,United States,2016.0,3588276,Health Care,Biotechnology: Biological Products (No Diagnostic Substances)
XOMAO,XOMA Royalty Corporation Depositary Shares Rep Series B 8.375% Cumulative Preferred Stock,$24.98,0.0,0.00%,313,United States,,3568,Health Care,Biotechnology: Pharmaceutical Preparations
XOMAP,XOMA Royalty Corporation 8.625% Series A Cumulative Perpetual Preferred Stock,$24.97,-0.0111,-0.044%,313,United States,,3722,Health Care,Biotechnology: Pharmaceutical Preparations
AMRN,Amarin Corporation plc,$14.88,-0.24,-1.587%,312,Ireland,,74758,Health Care,Biotechnology: Pharmaceutical Preparations
VRXA,Veraxa Biotech AG Ordinary Shares,$2.20,-0.28,-11.29%,311,Switzerland,,498213,Health Care,Biotechnology: Pharmaceutical Preparations
NMRA,Neumora Therapeutics Inc. Common Stock,$1.68,0.03,1.818%,311,United States,2023.0,1024366,Health Care,Biotechnology: Biological Products (No Diagnostic Substances)
ORGO,Organogenesis Holdings Inc. Class A Common Stock,$2.40,-0.06,-2.439%,308,United States,2016.0,1340432,Health Care,Biotechnology: Pharmaceutical Preparations
BCYC,Bicycle Therapeutics plc American Depositary Shares,$4.41,0.23,5.502%,307,United Kingdom,2019.0,804213,Health Care,Biotechnology: Pharmaceutical Preparations
ELDN,Eledon Pharmaceuticals Inc. Common Stock,$3.85,-0.28,-6.78%,297,United States,2014.0,1387847,Health Care,Biotechnology: Pharmaceutical Preparations
OCSAW,Oculis Holding AG Warrants,$5.12,-0.08,-1.538%,296,Switzerland,,909,Health Care,Biotechnology: Pharmaceutical Preparations
SABS,SAB Biotherapeutics Inc. Common Stock,$3.82,-0.14,-3.535%,292,United States,2021.0,296390,Health Care,Biotechnology: Biological Products (No Diagnostic Substances)
GLSI,Greenwich LifeSciences Inc. Common Stock,$19.80,0.23,1.175%,290,United States,2020.0,64703,Health Care,Biotechnology: Pharmaceutical Preparations
TKNO,Alpha Teknova Inc. Common Stock,$5.36,-0.06,-1.107%,287,United States,2021.0,103872,Health Care,Biotechnology: In Vitro & In Vivo Diagnostic Substances
ALXO,ALX Oncology Holdings Inc. Common Stock,$2.125,0.065,3.155%,285,United States,2020.0,781281,Health Care,Biotechnology: Pharmaceutical Preparations
TTRX,Turn Therapeutics Inc. Common Stock,$9.44,0.63,7.151%,281,United States,,163492,Health Care,Biotechnology: Pharmaceutical Preparations
RNAC,Cartesian Therapeutics Inc. Common Stock,$9.46,-0.21,-2.172%,277,United States,2016.0,133019,Health Care,Biotechnology: Pharmaceutical Preparations
MGNX,MacroGenics Inc. Common Stock,$4.33,-0.24,-5.252%,275,United States,2013.0,744548,Health Care,Biotechnology: Pharmaceutical Preparations
IKT,Inhibikase Therapeutics Inc. Common Stock,$2.04,0.0,0.00%,269,United States,2020.0,584751,Health Care,Biotechnology: Biological Products (No Diagnostic Substances)
SRZN,Surrozen Inc. Common Stock,$23.19,-0.31,-1.319%,269,United States,,148751,Health Care,Biotechnology: Biological Products (No Diagnostic Substances)
TRDA,Entrada Therapeutics Inc. Common Stock,$6.92,-0.48,-6.486%,268,United States,2021.0,380503,Health Care,Biotechnology: Pharmaceutical Preparations
GALT,Galectin Therapeutics Inc. Common Stock,$4.06,-0.31,-7.094%,267,United States,,528767,Health Care,Biotechnology: Pharmaceutical Preparations
ADAG,Adagene Inc. American Depositary Shares,$3.94,0.09,2.338%,260,China,2021.0,376851,Health Care,Biotechnology: Pharmaceutical Preparations
SIGA,SIGA Technologies Inc. Common Stock,$3.59,0.09,2.571%,257,United States,,627508,Health Care,Biotechnology: Pharmaceutical Preparations
EVO,Evotec SE American Depositary Shares,$2.785,-0.055,-1.937%,247,Germany,2021.0,31021,Health Care,Biotechnology: Pharmaceutical Preparations
ACIU,AC Immune SA Common Stock,$2.39,-0.21,-8.077%,243,Switzerland,2016.0,199735,Health Care,Biotechnology: Pharmaceutical Preparations
TARA,Protara Therapeutics Inc.  Common Stock,$4.32,0.12,2.857%,242,United States,2014.0,1008285,Health Care,Biotechnology: Biological Products (No Diagnostic Substances)
ARTV,Artiva Biotherapeutics Inc. Common Stock,$9.64,0.23,2.444%,238,United States,2024.0,442047,Health Care,Biotechnology: Biological Products (No Diagnostic Substances)
CHRS,Coherus Oncology Inc. Common Stock,$1.54,-0.09,-5.521%,237,United States,2014.0,930784,Health Care,Biotechnology: Biological Products (No Diagnostic Substances)
KPTI,Karyopharm Therapeutics Inc. Common Stock,$10.34,0.14,1.373%,234,United States,2013.0,320249,Health Care,Biotechnology: Pharmaceutical Preparations
KROS,Keros Therapeutics Inc. Common Stock,$11.80,-0.23,-1.912%,233,United States,2020.0,259094,Health Care,Biotechnology: Pharmaceutical Preparations
FULC,Fulcrum Therapeutics Inc. Common Stock,$3.50,-0.09,-2.507%,233,United States,2019.0,1549865,Health Care,Biotechnology: Pharmaceutical Preparations
AVXL,Anavex Life Sciences Corp. Common Stock,$2.50,-0.2,-7.407%,231,United States,,749396,Health Care,Biotechnology: Biological Products (No Diagnostic Substances)
IVVD,Invivyd Inc. Common Stock,$0.7834,-0.0203,-2.526%,230,United States,2021.0,2010396,Health Care,Biotechnology: Biological Products (No Diagnostic Substances)
CGEN,Compugen Ltd. Ordinary Shares,$2.39,-0.08,-3.239%,226,Israel,2000.0,158772,Health Care,Biotechnology: Biological Products (No Diagnostic Substances)
DTIL,Precision BioSciences Inc. Common Stock,$8.76,-0.4,-4.367%,226,United States,2019.0,579612,Health Care,Biotechnology: Biological Products (No Diagnostic Substances)
NBP,NovaBridge Biosciences American Depositary Shares,$1.90,0.04,2.151%,219,China,2020.0,482575,Health Care,Biotechnology: Pharmaceutical Preparations
NERV,Minerva Neurosciences Inc Common Stock,$4.72,0.0,0.00%,219,United States,2014.0,235018,Health Care,Biotechnology: Pharmaceutical Preparations
OTLK,Outlook Therapeutics Inc. Common Stock,$1.57,-0.11,-6.548%,219,United States,2016.0,7269771,Health Care,Biotechnology: Biological Products (No Diagnostic Substances)
CLLS,Cellectis S.A. American Depositary Shares,$2.99,-0.183,-5.767%,217,France,2015.0,6133,Health Care,Biotechnology: Pharmaceutical Preparations
RNA,Atrium Therapeutics Inc. Common Stock,$12.46,-0.45,-3.486%,213,United States,,319932,Health Care,Biotechnology: Pharmaceutical Preparations
WHWK,Whitehawk Therapeutics Inc. Common Stock,$3.97,0.11,2.85%,213,United States,,408645,Health Care,Biotechnology: Pharmaceutical Preparations
NKTX,Nkarta Inc. Common Stock,$2.97,-0.24,-7.477%,212,United States,2020.0,1305387,Health Care,Biotechnology: Pharmaceutical Preparations
KRRO,Korro Bio Inc. Common Stock,$14.56,0.26,1.818%,209,United States,2019.0,233789,Health Care,Biotechnology: Pharmaceutical Preparations
VYGR,Voyager Therapeutics Inc. Common Stock,$3.44,-0.24,-6.522%,207,United States,2015.0,715919,Health Care,Biotechnology: Biological Products (No Diagnostic Substances)
SLGL,Sol-Gel Technologies Ltd. Ordinary Shares,$73.95,-2.41,-3.156%,207,Israel,2018.0,54156,Health Care,Biotechnology: Pharmaceutical Preparations
MSLE,Satellos Bioscience Inc. Common Stock,$9.79,0.35,3.708%,203,Canada,,165899,Health Care,Biotechnology: Pharmaceutical Preparations
IMUX,Immunic Inc. Common Stock,$14.77,-0.01,-0.068%,201,United States,2014.0,131848,Health Care,Biotechnology: Pharmaceutical Preparations
TNXP,Tonix Pharmaceuticals Holding Corp. Common Stock,$12.53,-0.5,-3.837%,199,United States,,505012,Health Care,Biotechnology: Pharmaceutical Preparations
ARCT,Arcturus Therapeutics Holdings Inc. Common Stock,$6.97,-0.19,-2.654%,198,Israel,2013.0,405809,Health Care,Biotechnology: Pharmaceutical Preparations
PLX,Protalix BioTherapeutics Inc. (DE) Common Stock,$2.44,0.07,2.954%,196,Israel,,678053,Health Care,Biotechnology: Biological Products (No Diagnostic Substances)
DERM,Journey Medical Corporation Common Stock,$6.91,-0.09,-1.286%,190,United States,2021.0,158096,Health Care,Biotechnology: Pharmaceutical Preparations
CRBU,Caribou Biosciences Inc. Common Stock,$1.925,-0.015,-0.773%,190,United States,2021.0,3471683,Health Care,Biotechnology: Biological Products (No Diagnostic Substances)
QTTB,Q32 Bio Inc. Common Stock,$11.21,-1.38,-10.961%,190,United States,2018.0,3273072,Health Care,Biotechnology: Pharmaceutical Preparations
ABOS,Acumen Pharmaceuticals Inc. Common Stock,$2.63,-0.07,-2.593%,189,United States,2021.0,318440,Health Care,Biotechnology: Biological Products (No Diagnostic Substances)
TNYA,Tenaya Therapeutics Inc. Common Stock,$0.8704,0.0204,2.40%,188,United States,2021.0,3847953,Health Care,Biotechnology: Biological Products (No Diagnostic Substances)
EQ,Equillium Inc. Common Stock,$2.91,-0.05,-1.689%,183,United States,2018.0,1758907,Health Care,Biotechnology: Pharmaceutical Preparations
CNTN,Canton Strategic Holdings Inc. Common Stock,$2.38,0.09,3.93%,183,United States,2022.0,641387,Health Care,Biotechnology: Pharmaceutical Preparations
PRQR,ProQR Therapeutics N.V. Ordinary Shares,$1.73,-0.03,-1.705%,182,Netherlands,2014.0,549397,Health Care,Biotechnology: Pharmaceutical Preparations
CRBP,Corbus Pharmaceuticals Holdings Inc. Common Stock,$9.68,0.02,0.207%,179,United States,,216376,Health Care,Biotechnology: Pharmaceutical Preparations
ALEC,Alector Inc. Common Stock,$1.61,-0.025,-1.529%,178,United States,2019.0,597221,Health Care,Biotechnology: Biological Products (No Diagnostic Substances)
LFCR,Lifecore Biomedical Inc. Common Stock,$4.75,0.0,0.00%,178,United States,,145603,Health Care,Biotechnology: Pharmaceutical Preparations
LENZ,LENZ Therapeutics Inc. Common Stock,$5.59,-0.2,-3.454%,175,United States,2021.0,1202696,Health Care,Biotechnology: Biological Products (No Diagnostic Substances)
OKUR,OnKure Therapeutics Inc. Class A Common Stock,$4.28,-0.18,-4.036%,172,United States,2021.0,193808,Health Care,Biotechnology: Pharmaceutical Preparations
PYXS,Pyxis Oncology Inc. Common Stock,$2.67,0.03,1.136%,169,United States,2021.0,853124,Health Care,Biotechnology: Pharmaceutical Preparations
IPHA,Innate Pharma S.A. ADS,$1.7925,0.0025,0.14%,168,France,2019.0,11788,Health Care,Biotechnology: Biological Products (No Diagnostic Substances)
MENS,Jyong Biotech Ltd. Ordinary Shares,$2.21,-0.09,-3.913%,168,Taiwan,2025.0,46173,Health Care,Biotechnology: Pharmaceutical Preparations
AARD,Aardvark Therapeutics Inc. Common Stock,$7.60,2.6,52.00%,166,United States,2025.0,4030801,Health Care,Biotechnology: Pharmaceutical Preparations
ORMP,Oramed Pharmaceuticals Inc. Common Stock,$4.04,-0.14,-3.349%,165,Israel,,226898,Health Care,Biotechnology: Pharmaceutical Preparations
ADCT,ADC Therapeutics SA Common Shares,$1.29,-0.01,-0.769%,164,Switzerland,2020.0,1326216,Health Care,Biotechnology: Pharmaceutical Preparations
IMDX,Insight Molecular Diagnostics Inc. Common Stock,$5.08,0.23,4.742%,164,United States,,146582,Health Care,Biotechnology: In Vitro & In Vivo Diagnostic Substances
MOLN,Molecular Partners AG American Depositary Shares,$4.0239,0.0,0.00%,162,Switzerland,2021.0,468,Health Care,Biotechnology: Biological Products (No Diagnostic Substances)
ANTX,AN2 Therapeutics Inc. Common Stock,$4.50,-0.13,-2.808%,162,United States,2022.0,591726,Health Care,Biotechnology: Pharmaceutical Preparations
PEPG,PepGen Inc. Common Stock,$2.34,0.04,1.739%,161,United States,2022.0,2381474,Health Care,Biotechnology: Pharmaceutical Preparations
MIST,Milestone Pharmaceuticals Inc. Common Shares,$1.28,-0.03,-2.29%,159,Canada,2019.0,454663,Health Care,Biotechnology: Pharmaceutical Preparations
CNTB,Connect Biopharma Holdings Limited Ordinary Shares,$2.51,-0.15,-5.639%,158,China,2021.0,726659,Health Care,Biotechnology: Pharmaceutical Preparations
ARMP,Armata Pharmaceuticals Inc. Common Stock,$4.26,-0.57,-11.801%,156,United States,,244631,Health Care,Biotechnology: Biological Products (No Diagnostic Substances)
TLSA,Tiziana Life Sciences Ltd. Common Shares,$1.23,-0.03,-2.381%,156,United Kingdom,2018.0,244845,Health Care,Biotechnology: Pharmaceutical Preparations
HUMA,Humacyte Inc. Common Stock,$0.6937,-0.0066,-0.942%,154,United States,2020.0,13042176,Health Care,Biotechnology: Biological Products (No Diagnostic Substances)
KZIA,Kazia Therapeutics Limited American Depositary Shares,$13.56,0.58,4.468%,154,Australia,,240565,Health Care,Biotechnology: Pharmaceutical Preparations
CUE,Cue Biopharma Inc. Common Stock,$36.78,0.27,0.74%,154,United States,2018.0,287758,Health Care,Biotechnology: Pharmaceutical Preparations
HURA,TuHURA Biosciences Inc. Common Stock,$2.39,0.05,2.137%,152,United States,,510637,Health Care,Biotechnology: Pharmaceutical Preparations
NRXP,NRX Pharmaceuticals Inc. Common Stock,$4.19,0.08,1.946%,151,United States,2017.0,763751,Health Care,Biotechnology: Pharmaceutical Preparations
IFRX,InflaRx N.V. Common Stock,$2.05,-0.01,-0.485%,148,Germany,2017.0,986501,Health Care,Biotechnology: Pharmaceutical Preparations
UNCY,Unicycive Therapeutics Inc. Common Stock,$5.21,-0.05,-0.951%,142,United States,2021.0,1128155,Health Care,Biotechnology: Pharmaceutical Preparations
AGEN,Agenus Inc. Common Stock,$3.35,0.11,3.395%,139,United States,2000.0,833441,Health Care,Biotechnology: Biological Products (No Diagnostic Substances)
SPRB,Spruce Biosciences Inc. Common Stock,$50.07,-1.67,-3.228%,137,United States,2020.0,56482,Health Care,Biotechnology: Pharmaceutical Preparations
OGI,Organigram Global Inc. Common Shares,$0.9665,-0.0144,-1.468%,136,Canada,,232246,Health Care,Biotechnology: Pharmaceutical Preparations
GNLX,Genelux Corporation Common Stock,$3.03,0.05,1.678%,135,United States,2023.0,248654,Health Care,Biotechnology: Pharmaceutical Preparations
VTVT,vTv Therapeutics Inc. Class A Common Stock,$33.49,0.05,0.15%,131,United States,2015.0,54510,Health Care,Biotechnology: Pharmaceutical Preparations
ENGN,enGene Therapeutics Inc. Common Stock,$1.90,-0.02,-1.042%,127,Canada,,1096350,Health Care,Biotechnology: Biological Products (No Diagnostic Substances)
PMN,ProMIS Neurosciences Inc. Common Shares (ON),$14.25,-0.02,-0.14%,127,Canada,,101613,Health Care,Biotechnology: Pharmaceutical Preparations
MBOT,Microbot Medical Inc. Common Stock,$1.89,0.03,1.613%,126,Israel,,358281,Health Care,Biotechnology: Biological Products (No Diagnostic Substances)
ALDX,Aldeyra Therapeutics Inc. Common Stock,$2.07,-0.23,-10.00%,124,United States,2014.0,1226428,Health Care,Biotechnology: Pharmaceutical Preparations
COYA,Coya Therapeutics Inc. Common Stock,$5.26,0.0,0.00%,123,United States,2022.0,392172,Health Care,Biotechnology: Pharmaceutical Preparations
SPRO,Spero Therapeutics Inc. Common Stock,$2.10,-0.02,-0.943%,121,United States,2017.0,481984,Health Care,Biotechnology: Pharmaceutical Preparations
CRDL,Cardiol Therapeutics Inc. Class A Common Shares,$1.01,0.018,1.815%,116,Canada,,361644,Health Care,Biotechnology: Biological Products (No Diagnostic Substances)
NTHI,NeOnc Technologies Holdings Inc. Common Stock,$4.49,0.0,0.00%,116,United States,,35038,Health Care,Biotechnology: Pharmaceutical Preparations
ENLV,Enlivex Ltd. Ordinary Shares,$6.86,-0.54,-7.297%,115,Israel,2014.0,98162,Health Care,Biotechnology: Pharmaceutical Preparations
NMAD,Nomad Power Solutions Inc. Common Stock,$6.255,-0.025,-0.398%,112,United States,,235501,Health Care,Biotechnology: Pharmaceutical Preparations
PLYX,Polaryx Therapeutics Inc. Common Stock,$2.33,-0.1,-4.115%,110,United States,,129911,Health Care,Biotechnology: Pharmaceutical Preparations
BDTX,Black Diamond Therapeutics Inc. Common Stock,$1.91,0.03,1.596%,109,United States,2020.0,1045323,Health Care,Biotechnology: Biological Products (No Diagnostic Substances)
FBIO,Fortress Biotech Inc. Common Stock,$3.30,0.01,0.304%,109,United States,,661203,Health Care,Biotechnology: Pharmaceutical Preparations
VRCA,Verrica Pharmaceuticals Inc. Common Stock,$6.26,-0.27,-4.135%,107,United States,2018.0,14057,Health Care,Biotechnology: Pharmaceutical Preparations
ONCY,Oncolytics Biotech Inc. Common Stock,$0.8873,-0.0327,-3.554%,105,Canada,,1007993,Health Care,Biotechnology: Pharmaceutical Preparations
KLRS,Kalaris Therapeutics Inc. Common Stock,$4.44,-0.05,-1.114%,105,United States,2020.0,10289,Health Care,Biotechnology: Biological Products (No Diagnostic Substances)
ANIX,Anixa Biosciences Inc. Common Stock,$3.06,-0.16,-4.969%,104,United States,,192466,Health Care,Biotechnology: Pharmaceutical Preparations
PYPD,PolyPid Ltd. Ordinary Shares,$5.23,-0.19,-3.506%,99,Israel,2020.0,256619,Health Care,Biotechnology: Pharmaceutical Preparations
ICCC,ImmuCell Corporation Common Stock,$10.89,-0.565,-4.932%,98,United States,1987.0,35142,Health Care,Biotechnology: In Vitro & In Vivo Diagnostic Substances
ATHE,Alterity Therapeutics Limited American Depositary Shares,$5.43,0.05,0.929%,98,Australia,,5825,Health Care,Biotechnology: Pharmaceutical Preparations
SXTC,China SXT Pharmaceuticals Inc. Class A Ordinary Shares,$2.55,0.02,0.791%,97,China,2019.0,22128,Health Care,Biotechnology: Pharmaceutical Preparations
CGTX,Cognition Therapeutics Inc. Common Stock,$1.09,0.0,0.00%,97,United States,2021.0,1536610,Health Care,Biotechnology: Biological Products (No Diagnostic Substances)
BMEA,Biomea Fusion Inc. Common Stock,$1.32,0.01,0.763%,95,United States,2021.0,1407267,Health Care,Biotechnology: Pharmaceutical Preparations
PTHS,Pelthos Therapeutics Inc. Common Stock,$26.55,-0.61,-2.246%,92,,2024.0,29779,Health Care,Biotechnology: Biological Products (No Diagnostic Substances)
CRDF,Cardiff Oncology Inc. Common Stock,$1.33,0.01,0.758%,90,United States,,802306,Health Care,Biotechnology: Biological Products (No Diagnostic Substances)
LONA,LeonaBio Inc. Common Stock,$9.60,0.21,2.236%,90,United States,2020.0,39057,Health Care,Biotechnology: Biological Products (No Diagnostic Substances)
CPIX,Cumberland Pharmaceuticals Inc. Common Stock,$5.93,-0.11,-1.821%,88,United States,2009.0,48421,Health Care,Biotechnology: Pharmaceutical Preparations
ATRA,Atara Biotherapeutics Inc. Common Stock,$9.76,-0.185,-1.86%,87,United States,2014.0,66891,Health Care,Biotechnology: Biological Products (No Diagnostic Substances)
MAIA,MAIA Biotechnology Inc. Common Stock,$1.44,-0.02,-1.37%,87,,2022.0,507041,Health Care,Biotechnology: Pharmaceutical Preparations
RANI,Rani Therapeutics Holdings Inc. Class A Common Stock,$0.6872,-0.011,-1.575%,85,United States,2021.0,796838,Health Care,Biotechnology: Pharmaceutical Preparations
TELO,Telomir Pharmaceuticals Inc. Common Stock,$1.23,-0.04,-3.15%,84,United States,2024.0,29896,Health Care,Biotechnology: Pharmaceutical Preparations
ACRV,Acrivon Therapeutics Inc. Common Stock,$1.96,-0.09,-4.39%,83,United States,2022.0,349315,Health Care,Biotechnology: Pharmaceutical Preparations
RNTX,Rein Therapeutics Inc. Common Stock,$0.98,-0.0178,-1.784%,83,United States,2017.0,148434,Health Care,Biotechnology: Pharmaceutical Preparations
RLYB,Rallybio Corporation Common Stock,$15.73,-0.1,-0.632%,83,United States,2021.0,27274,Health Care,Biotechnology: Pharmaceutical Preparations
ACET,Adicet Bio Inc. Common Stock,$8.83,-0.11,-1.23%,82,United States,2018.0,60811,Health Care,Biotechnology: Pharmaceutical Preparations
GOSS,Gossamer Bio Inc. Common Stock,$0.1697,-0.0053,-3.029%,82,United States,2019.0,12921067,Health Care,Biotechnology: Pharmaceutical Preparations
ENTX,Entera Bio Ltd. Ordinary Shares,$1.655,-0.045,-2.647%,81,Israel,2018.0,73619,Health Care,Biotechnology: Biological Products (No Diagnostic Substances)
SCLX,Scilex Holding Company Common Stock,$9.48,0.28,3.043%,80,United States,2021.0,83176,Health Care,Biotechnology: Biological Products (No Diagnostic Substances)
CLNN,Clene Inc. Common Stock,$6.27,0.02,0.32%,80,United States,,33710,Health Care,Biotechnology: Pharmaceutical Preparations
ELTX,Elicio Therapeutics Inc. Common Stock,$3.48,-0.01,-0.287%,80,United States,2021.0,477198,Health Care,Biotechnology: Pharmaceutical Preparations
CSBR,Champions Oncology Inc. Common Stock,$5.82,0.01,0.172%,80,United States,,2486,Health Care,Biotechnology: Biological Products (No Diagnostic Substances)
FRMM,Forum Markets Incorporated Common Stock,$5.96,0.06,1.017%,79,United States,2017.0,375273,Health Care,Biotechnology: Pharmaceutical Preparations
LFVN,Lifevantage Corporation Common Stock (Delaware),$6.24,-0.01,-0.16%,78,United States,,117507,Health Care,Biotechnology: Pharmaceutical Preparations
HRTX,Heron Therapeutics Inc. Common Stock,$0.4144,-0.0141,-3.291%,78,United States,,2679189,Health Care,Biotechnology: Pharmaceutical Preparations
GANX,Gain Therapeutics Inc. Common Stock,$1.80,-0.02,-1.099%,76,United States,2021.0,610229,Health Care,Biotechnology: Pharmaceutical Preparations
IBIO,iBio Inc. Common Stock,$1.51,0.0,0.00%,75,United States,,894061,Health Care,Biotechnology: Pharmaceutical Preparations
TLPH,Talphera Inc. Common Stock,$1.46,0.1,7.353%,75,United States,2011.0,1227642,Health Care,Biotechnology: Pharmaceutical Preparations
CYPH,Cypherpunk Technologies Inc. Common Stock,$0.7029,0.0029,0.414%,74,United States,,2393993,Health Care,Biotechnology: Pharmaceutical Preparations
OSTX,OS Therapies Incorporated Common Stock,$1.68,-0.04,-2.326%,74,,2024.0,757473,Health Care,Biotechnology: Pharmaceutical Preparations
GNTA,Genenta Science S.p.A. American Depositary Shares,$1.50,-0.09,-5.66%,72,Italy,2021.0,41511,Health Care,Biotechnology: Biological Products (No Diagnostic Substances)
TCRX,TScan Therapeutics Inc. Common Stock,$1.09,0.03,2.83%,71,United States,2021.0,968763,Health Care,Biotechnology: Biological Products (No Diagnostic Substances)
XBIT,XBiotech Inc. Common Stock,$2.29,0.0,0.00%,69,United States,2015.0,31239,Health Care,Biotechnology: Pharmaceutical Preparations
PLRX,Pliant Therapeutics Inc. Common Stock,$1.12,-0.01,-0.885%,69,United States,2020.0,757156,Health Care,Biotechnology: Pharmaceutical Preparations
MNOV,Medicinova Inc Common Stock,$1.39,0.01,0.725%,68,United States,,17594,Health Care,Biotechnology: Pharmaceutical Preparations
SDEV,Stablecoin Development Corporation Common Stock,$1.33,-0.03,-2.206%,67,United States,,190215,Health Care,Biotechnology: Pharmaceutical Preparations
IMA,ImageneBio Inc. Common Stock,$5.91,0.01,0.169%,66,United States,2021.0,3570,Health Care,Biotechnology: Biological Products (No Diagnostic Substances)
HYFT,MindWalk Holdings Corp. Common Stock,$1.43,-0.03,-2.055%,66,Canada,,140238,Health Care,Biotechnology: Pharmaceutical Preparations
PMVP,PMV Pharmaceuticals Inc. Common Stock,$1.24,0.0,0.00%,66,United States,2020.0,171971,Health Care,Biotechnology: Pharmaceutical Preparations
CING,Cingulate Inc. Common Stock,$4.91,-0.04,-0.808%,66,United States,2021.0,276741,Health Care,Biotechnology: Pharmaceutical Preparations
EXOZ,eXoZymes Inc. Common Stock,$6.97,-0.11,-1.554%,64,United States,2024.0,7055,Health Care,Biotechnology: Biological Products (No Diagnostic Substances)
CTOR,Citius Oncology Inc. Common Stock,$0.691,-0.0303,-4.201%,64,United States,2022.0,30994,Health Care,Biotechnology: Pharmaceutical Preparations
ANVS,Annovis Bio Inc. Common Stock,$1.86,-0.09,-4.615%,64,United States,2020.0,1166420,Health Care,Biotechnology: Pharmaceutical Preparations
DOMH,Dominari Holdings Inc. Common Stock,$2.83,-0.09,-3.082%,63,United States,,40118,Health Care,Biotechnology: Pharmaceutical Preparations
EDSA,Edesa Biotech Inc. Common Shares,$7.01,-0.01,-0.142%,62,United States,,50590,Health Care,Biotechnology: Pharmaceutical Preparations
BGM,BGM Group Ltd. Class A Ordinary Shares,$0.335,-0.0079,-2.304%,61,China,2021.0,68193,Health Care,Biotechnology: Pharmaceutical Preparations
IMMP,Immutep Limited American Depositary Shares,$0.419,-0.0015,-0.357%,61,Australia,,191991,Health Care,Biotechnology: Pharmaceutical Preparations
CNTX,Context Therapeutics Inc. Common Stock,$0.6529,0.0584,9.823%,59,United States,2021.0,3910315,Health Care,Biotechnology: Pharmaceutical Preparations
MCRB,Seres Therapeutics Inc. Common Stock,$6.11,-0.63,-9.347%,59,United States,2015.0,154463,Health Care,Biotechnology: Pharmaceutical Preparations
BYSI,BeyondSpring Inc. Ordinary Shares,$1.44,-0.05,-3.356%,59,United States,2017.0,29671,Health Care,Biotechnology: Pharmaceutical Preparations
XLO,Xilio Therapeutics Inc. Common Stock,$9.10,-0.1,-1.087%,59,United States,2021.0,18972,Health Care,Biotechnology: Pharmaceutical Preparations
XTNT,Xtant Medical Holdings Inc. Common Stock,$0.4199,-0.0001,-0.024%,58,United States,,9670,Health Care,Biotechnology: Biological Products (No Diagnostic Substances)
OKYO,OKYO Pharma Limited Ordinary Shares,$1.69,0.01,0.595%,57,Guernsey,2022.0,78102,Health Care,Biotechnology: Biological Products (No Diagnostic Substances)
FLNA,Filana Therapeutics Inc. Common Stock,$1.18,-0.01,-0.84%,57,United States,,453701,Health Care,Biotechnology: Pharmaceutical Preparations
RADX,Radiopharm Theranostics Limited American Depositary Shares,$4.37,0.09,2.103%,55,Australia,,12476,Health Care,Biotechnology: Pharmaceutical Preparations
INKT,MiNK Therapeutics Inc. Common Stock,$11.05,-0.41,-3.578%,55,United States,2021.0,18459,Health Care,Biotechnology: Biological Products (No Diagnostic Substances)
BOLD,Boundless Bio Inc. Common Stock,$2.41,-0.1,-3.984%,54,United States,2024.0,402946,Health Care,Biotechnology: Pharmaceutical Preparations
ATYR,aTyr Pharma Inc. Common Stock,$0.5444,-0.0373,-6.412%,53,United States,2015.0,1368222,Health Care,Biotechnology: Biological Products (No Diagnostic Substances)
INCR,Intercure Ltd. Ordinary Shares,$0.97,-0.01,-1.02%,53,Israel,,3611,Health Care,Biotechnology: Pharmaceutical Preparations
TIL,Instil Bio Inc. Common Stock,$7.70,0.04,0.522%,52,United States,2021.0,10101,Health Care,Biotechnology: Biological Products (No Diagnostic Substances)
INMB,INmune Bio Inc. Common stock,$1.94,0.15,8.38%,51,United States,2019.0,1592844,Health Care,Biotechnology: Biological Products (No Diagnostic Substances)
MREO,Mereo BioPharma Group plc American Depositary Shares,$0.335,0.0108,3.331%,51,United Kingdom,,1356107,Health Care,Biotechnology: Pharmaceutical Preparations
TCRT,Alaunos Therapeutics Inc. Common Stock,$2.05,-0.02,-0.966%,50,United States,,10721,Health Care,Biotechnology: Pharmaceutical Preparations
CRVO,CervoMed Inc. Common Stock,$3.57,-0.17,-4.545%,48,United States,,250283,Health Care,Biotechnology: Pharmaceutical Preparations
DWTX,Dogwood Therapeutics Inc. Common Stock,$1.42,0.01,0.709%,47,United States,2020.0,40113,Health Care,Biotechnology: Pharmaceutical Preparations
MGX,Metagenomi Therapeutics Inc. Common Stock,$1.27,0.01,0.794%,47,United States,2024.0,349215,Health Care,Biotechnology: Biological Products (No Diagnostic Substances)
IBO,Impact BioMedical Inc. Common Stock,$0.442,-0.0105,-2.32%,47,,2024.0,26640,Health Care,Biotechnology: Pharmaceutical Preparations
HYPD,Hyperion DeFi Inc. Common Stock,$3.09,-0.03,-0.962%,46,United States,2018.0,167961,Health Care,Biotechnology: Pharmaceutical Preparations
LTRN,Lantern Pharma Inc. Common Stock,$3.60,0.25,7.463%,45,United States,2020.0,175453,Health Care,Biotechnology: Pharmaceutical Preparations
VERU,Veru Inc. Common Stock,$2.78,-0.03,-1.068%,44,United States,,164779,Health Care,Biotechnology: Pharmaceutical Preparations
SCYX,SCYNEXIS Inc. Common Stock,$4.38,-0.185,-4.053%,43,United States,2014.0,111485,Health Care,Biotechnology: Pharmaceutical Preparations
PDSB,PDS Biotechnology Corporation Common Stock,$0.7739,-0.0133,-1.69%,43,United States,2015.0,305283,Health Care,Biotechnology: Pharmaceutical Preparations
ELUT,Elutia Inc. Class A Common Stock,$0.963,-0.009,-0.926%,42,United States,2020.0,7902,Health Care,Biotechnology: Biological Products (No Diagnostic Substances)
RNXT,RenovoRx Inc. Common Stock,$0.9301,-0.0097,-1.032%,41,United States,2021.0,40081,Health Care,Biotechnology: Pharmaceutical Preparations
APLM,Apollomics Inc. Class A Ordinary Shares,$18.95,0.15,0.798%,41,United States,,3937,Health Care,Biotechnology: Pharmaceutical Preparations
IXHL,Incannex Healthcare Inc. Common Stock,$3.39,0.02,0.593%,40,Australia,,143282,Health Care,Biotechnology: Pharmaceutical Preparations
ALVOW,Alvotech Warrant,$0.13,-0.04,-23.529%,40,Luxembourg,,3726,Health Care,Biotechnology: Biological Products (No Diagnostic Substances)
ALGS,Aligos Therapeutics Inc. Common Stock,$6.62,-0.15,-2.216%,40,United States,2020.0,109339,Health Care,Biotechnology: Biological Products (No Diagnostic Substances)
ABVC,ABVC BioPharma Inc. Common Stock,$1.51,0.06,4.138%,39,United States,,179347,Health Care,Biotechnology: Pharmaceutical Preparations
ESLA,Estrella Immunopharma Inc. Common Stock,$0.9269,-0.0235,-2.473%,39,United States,2021.0,49433,Health Care,Biotechnology: Biological Products (No Diagnostic Substances)
MIRA,MIRA Pharmaceuticals Inc. Common Stock,$0.9245,0.0045,0.489%,38,United States,2023.0,97882,Health Care,Biotechnology: Pharmaceutical Preparations
DYAI,Dyadic International Inc. Common Stock,$1.06,-0.01,-0.935%,38,United States,,95740,Health Care,Biotechnology: Biological Products (No Diagnostic Substances)
ZYBT,Zhengye Biotechnology Holding Limited Class A Ordinary Shares,$0.78,0.008,1.036%,36,China,2025.0,5758,Health Care,Biotechnology: Pharmaceutical Preparations
LITS,Lite Strategy Inc. Common Stock,$1.01,0.017,1.712%,34,United States,2003.0,103889,Health Care,Biotechnology: Pharmaceutical Preparations
NSRX,Nasus Pharma Ltd. Ordinary Shares,$2.93,-0.08,-2.658%,34,,2025.0,20000,Health Care,Biotechnology: Pharmaceutical Preparations
NNVC,NanoViricides Inc. Common Stock,$1.51,-0.1,-6.211%,34,United States,,249271,Health Care,Biotechnology: Pharmaceutical Preparations
BCTX,BriaCell Therapeutics Corp. Common Shares,$3.94,0.3,8.242%,34,Canada,,313518,Health Care,Biotechnology: Pharmaceutical Preparations
GRCE,Grace Therapeutics Inc. Common Stock,$2.45,0.01,0.41%,32,Canada,,123142,Health Care,Biotechnology: Pharmaceutical Preparations
SER,Serina Therapeutics Inc. Common Stock,$2.14,-0.06,-2.727%,32,,2018.0,43695,Health Care,Biotechnology: Pharmaceutical Preparations
SNTI,Senti Biosciences Holdings Inc. Common Stock,$1.03,0.03,3.00%,32,United States,2021.0,96884,Health Care,Biotechnology: Biological Products (No Diagnostic Substances)
TVRD,Tvardi Therapeutics Inc. Common Stock,$3.28,-0.52,-13.684%,30,United States,2014.0,2757318,Health Care,Biotechnology: Pharmaceutical Preparations
KYNB,Kyntra Bio Inc. Common Stock,$7.605,0.285,3.893%,30,United States,2014.0,23499,Health Care,Biotechnology: Pharmaceutical Preparations
QUCY,Quantum Cyber N.V. Ordinary Shares,$1.36,-0.07,-4.895%,30,Germany,2021.0,710900,Health Care,Biotechnology: Pharmaceutical Preparations
DARE,Dare Bioscience Inc. Common Stock,$2.02,-0.05,-2.415%,30,United States,2014.0,49134,Health Care,Biotechnology: Pharmaceutical Preparations
GRML,Greenland Mines Ltd. Common Stock,$0.2449,0.003,1.24%,29,United States,2022.0,1971802,Health Care,Biotechnology: Biological Products (No Diagnostic Substances)
GRDX,GridAI Technologies Corp. Common Stock,$4.50,0.34,8.173%,29,United States,2016.0,84359,Health Care,Biotechnology: Pharmaceutical Preparations
MDCXW,Medicus Pharma Ltd. Warrant,$0.532,0.162,43.784%,29,Canada,,20922,Health Care,Biotechnology: Pharmaceutical Preparations
ATNM,Actinium Pharmaceuticals Inc. (Delaware) Common Stock,$0.93,-0.04,-4.124%,29,United States,,75885,Health Care,Biotechnology: Pharmaceutical Preparations
TAOX,Tao Synergies Inc. Common Stock,$3.79,0.1,2.71%,28,United States,,39182,Health Care,Biotechnology: Pharmaceutical Preparations
QCLS,Q/C Technologies Inc. Common Stock,$3.61,-0.11,-2.957%,28,United States,2014.0,129072,Health Care,Biotechnology: In Vitro & In Vivo Diagnostic Substances
ACTU,Actuate Therapeutics Inc. Common stock,$1.21,-0.02,-1.626%,28,United States,2024.0,255654,Health Care,Biotechnology: Pharmaceutical Preparations
PLRZ,Polyrizon Ltd. Ordinary Shares,$14.65,0.29,2.019%,27,Israel,2024.0,23348,Health Care,Biotechnology: Pharmaceutical Preparations
RGNT,Regentis Biomaterials Ltd. Ordinary Shares,$3.79,0.15,4.121%,26,,2025.0,83561,Health Care,Biotechnology: Pharmaceutical Preparations
BRNS,Barinthus Biotherapeutics plc American Depositary Shares,$0.6378,-0.0001,-0.016%,26,United Kingdom,2021.0,2496,Health Care,Biotechnology: Pharmaceutical Preparations
EVAX,Evaxion A/S American Depositary Share,$3.17,-0.03,-0.938%,26,Denmark,2021.0,9808,Health Care,Biotechnology: Biological Products (No Diagnostic Substances)
IGC,IGC Pharma Inc. Common Stock,$0.272,-0.007,-2.509%,26,United States,,458923,Health Care,Biotechnology: Pharmaceutical Preparations
BTAI,BioXcel Therapeutics Inc. Common Stock,$0.8175,-0.0203,-2.423%,25,United States,2018.0,711319,Health Care,Biotechnology: Pharmaceutical Preparations
NRSN,NeuroSense Therapeutics Ltd. Ordinary Shares,$0.7285,0.0086,1.195%,25,Israel,2021.0,56137,Health Care,Biotechnology: Pharmaceutical Preparations
MRKR,Marker Therapeutics Inc. Common Stock,$1.51,-0.07,-4.43%,25,United States,,70908,Health Care,Biotechnology: Pharmaceutical Preparations
AYTU,Aytu BioPharma Inc.  Common Stock,$2.25,0.05,2.273%,24,United States,,19010,Health Care,Biotechnology: Pharmaceutical Preparations
SKYE,Skye Bioscience Inc. Common Stock,$0.69,-0.0109,-1.555%,24,United States,,184598,Health Care,Biotechnology: Pharmaceutical Preparations
CVM,Cel-Sci Corporation Common Stock,$1.38,0.03,2.222%,24,United States,1997.0,184052,Health Care,Biotechnology: Biological Products (No Diagnostic Substances)
AKTX,Akari Therapeutics plc ADS,$13.88,0.72,5.471%,24,United Kingdom,,61585,Health Care,Biotechnology: Pharmaceutical Preparations
CPHI,China Pharma Holdings Inc. Common Stock,$0.57,-0.0702,-10.965%,23,China,,30798674,Health Care,Biotechnology: Pharmaceutical Preparations
TXMD,TherapeuticsMD Inc. Common Stock,$2.00,-0.01,-0.498%,23,United States,,13134,Health Care,Biotechnology: Pharmaceutical Preparations
NCEL,NewcelX Ltd. Ordinary Shares,$4.19,0.06,1.453%,22,Switzerland,2021.0,42882,Health Care,Biotechnology: Pharmaceutical Preparations
RMTI,Rockwell Medical Inc. Common Stock,$5.61,-0.155,-2.689%,22,United States,1998.0,16808,Health Care,Biotechnology: Pharmaceutical Preparations
MDCX,Medicus Pharma Ltd. Common Stock  ,$0.4076,-0.0149,-3.527%,22,Canada,,805991,Health Care,Biotechnology: Pharmaceutical Preparations
GRMLW,Greenland Mines Ltd Warrant,$0.1839,-0.0011,-0.595%,22,United States,2022.0,3932,Health Care,Biotechnology: Biological Products (No Diagnostic Substances)
CLRB,Cellectar Biosciences Inc.  Common Stock,$2.82,0.05,1.805%,22,United States,,68277,Health Care,Biotechnology: Pharmaceutical Preparations
TVGN,Tevogen Bio Holdings Inc. Common Stock,$5.06,-0.58,-10.284%,21,United States,2022.0,26612,Health Care,Biotechnology: Biological Products (No Diagnostic Substances)
CELU,Celularity Inc. Class A Common Stock,$0.7404,-0.0074,-0.99%,21,United States,2019.0,49103,Health Care,Biotechnology: Pharmaceutical Preparations
VYNE,VYNE Therapeutics Inc. Common Stock,$0.6376,-0.0344,-5.119%,21,United States,2018.0,16081438,Health Care,Biotechnology: Pharmaceutical Preparations
KALA,KALA BIO Inc. Common Stock,$1.175,-0.175,-12.963%,21,United States,2017.0,318671,Health Care,Biotechnology: Pharmaceutical Preparations
QNTM,Quantum Biopharma Ltd. Class B Subordinate Voting Shares,$3.31,-0.1,-2.933%,21,Canada,,115711,Health Care,Biotechnology: Pharmaceutical Preparations
LGVN,Longeveron Inc. Class A Common Stock,$0.675,0.0245,3.766%,21,United States,2021.0,111447,Health Care,Biotechnology: Pharmaceutical Preparations
RKTO,Rocket One Inc. Common Stock,$0.8976,-0.0124,-1.363%,20,United States,2019.0,5432293,Health Care,Biotechnology: Pharmaceutical Preparations
ATOS,Atossa Therapeutics Inc. Common Stock,$2.37,0.01,0.424%,20,United States,2012.0,65749,Health Care,Biotechnology: Pharmaceutical Preparations
AIXC,AIxCrypto Holdings Inc. Common Stock,$1.02,0.0,0.00%,20,United States,2015.0,12375,Health Care,Biotechnology: Pharmaceutical Preparations
NEUP,Neuphoria Therapeutics Inc. Common Stock,$3.54,0.03,0.855%,19,United States,2021.0,9537,Health Care,Biotechnology: Pharmaceutical Preparations
LPCN,Lipocine Inc. Common Stock,$2.41,-0.06,-2.429%,19,United States,,25275,Health Care,Biotechnology: Pharmaceutical Preparations
HOWL,Werewolf Therapeutics Inc. Common Stock,$0.403,0.0245,6.473%,19,United States,2021.0,983642,Health Care,Biotechnology: Pharmaceutical Preparations
VRXAW,Veraxa Biotech AG Warrants,$0.14,-0.001,-0.709%,19,Switzerland,,2467,Health Care,Biotechnology: Pharmaceutical Preparations
GTBP,GT Biopharma Inc. Common Stock,$0.425,-0.0222,-4.964%,18,United States,,1042700,Health Care,Biotechnology: Pharmaceutical Preparations
PLUR,Pluri Inc. Common Stock,$1.715,-0.065,-3.652%,18,Israel,,34795,Health Care,Biotechnology: Biological Products (No Diagnostic Substances)
ALLR,Allarity Therapeutics Inc. Common Stock,$1.165,-0.035,-2.917%,18,United States,,99927,Health Care,Biotechnology: Pharmaceutical Preparations
BIVI,BioVie Inc. Class A Common Stock,$2.27,0.03,1.339%,17,United States,,172455,Health Care,Biotechnology: Pharmaceutical Preparations
PTN,Palatin Technologies Inc. Common Stock,$10.00,-0.49,-4.671%,17,United States,,14553,Health Care,Biotechnology: Pharmaceutical Preparations
QNCX,Quince Therapeutics Inc. Common Stock,$17.54,0.05,0.286%,17,United States,2019.0,23635,Health Care,Biotechnology: Biological Products (No Diagnostic Substances)
JSPR,Jasper Therapeutics Inc. Common Stock,$0.5795,-0.0019,-0.327%,16,United States,2020.0,1463141,Health Care,Biotechnology: Biological Products (No Diagnostic Substances)
CYCN,Cyclerion Therapeutics Inc. Common Stock,$3.835,-0.095,-2.417%,16,United States,,27572,Health Care,Biotechnology: Pharmaceutical Preparations
KTTA,Pasithea Therapeutics Corp. Common Stock,$0.4924,-0.0076,-1.52%,16,United States,2021.0,182117,Health Care,Biotechnology: Pharmaceutical Preparations
LEXX,Lexaria Bioscience Corp. Common Stock,$0.6466,0.0316,5.138%,16,Canada,,55344,Health Care,Biotechnology: Pharmaceutical Preparations
TPST,Tempest Therapeutics Inc. Common Stock,$0.973,-0.0018,-0.185%,15,United States,,94080,Health Care,Biotechnology: Pharmaceutical Preparations
CTXR,Citius Pharmaceuticals Inc. Common Stock,$0.5827,0.0214,3.813%,15,United States,,71906,Health Care,Biotechnology: Pharmaceutical Preparations
CALC,CalciMedica Inc. Common Stock,$0.93,-0.0199,-2.095%,14,United States,2023.0,186097,Health Care,Biotechnology: Pharmaceutical Preparations
PASG,Passage Bio Inc. Common Stock,$4.57,-0.14,-2.972%,14,United States,2020.0,39622,Health Care,Biotechnology: Biological Products (No Diagnostic Substances)
BFRI,Biofrontera Inc. Common Stock,$1.10,-0.04,-3.509%,14,United States,2021.0,351868,Health Care,Biotechnology: Pharmaceutical Preparations
LNAI,Lunai Bioworks Inc. Common Stock,$2.94,0.21,7.692%,13,United States,,82256,Health Care,Biotechnology: Pharmaceutical Preparations
COCP,Cocrystal Pharma Inc. Common Stock,$1.01,0.0,0.00%,13,United States,,9963,Health Care,Biotechnology: Pharmaceutical Preparations
BLRX,BioLineRx Ltd. American Depositary Shares,$3.09,0.06,1.98%,13,Israel,,7397,Health Care,Biotechnology: Pharmaceutical Preparations
CUPR,Cuprina Holdings (Cayman) Limited Class A Ordinary Shares,$4.97,-0.32,-6.049%,13,Singapore,2025.0,31058,Health Care,Biotechnology: Pharmaceutical Preparations
INAB,IN8bio Inc. Common Stock,$1.33,-0.07,-5.00%,13,United States,2021.0,113181,Health Care,Biotechnology: Biological Products (No Diagnostic Substances)
AEON,AEON Biopharma Inc. Class A Common Stock,$0.4831,-0.0196,-3.899%,12,United States,,65988,Health Care,Biotechnology: Pharmaceutical Preparations
BFRG,Bullfrog AI Holdings Inc. Common Stock,$0.69,-0.047,-6.377%,12,United States,2023.0,90697,Health Care,Biotechnology: Pharmaceutical Preparations
CMMB,Chemomab Therapeutics Ltd. American Depositary Share,$1.74,-0.09,-4.918%,12,Israel,2019.0,176796,Health Care,Biotechnology: Pharmaceutical Preparations
INTS,Intensity Therapeutics Inc. Common stock,$4.78,-0.13,-2.648%,12,United States,2023.0,29245,Health Care,Biotechnology: Biological Products (No Diagnostic Substances)
GDTC,CytoMed Therapeutics Limited Ordinary Shares,$1.03,0.05,5.102%,12,Singapore,2023.0,54655,Health Care,Biotechnology: Pharmaceutical Preparations
MBRX,Moleculin Biotech Inc. Common Stock,$2.28,-0.16,-6.557%,12,United States,2016.0,138342,Health Care,Biotechnology: Pharmaceutical Preparations
TRAW,Traws Pharma Inc. Common Stock,$0.76,0.0849,12.576%,11,United States,2013.0,123924,Health Care,Biotechnology: Pharmaceutical Preparations
XCUR,Exicure Inc. Common Stock,$1.75,-0.15,-7.895%,11,United States,,36840,Health Care,Biotechnology: Pharmaceutical Preparations
VNRX,VolitionRX Limited Common Stock,$1.35,0.01,0.746%,11,Singapore,2015.0,393432,Health Care,Biotechnology: In Vitro & In Vivo Diagnostic Substances
JAGX,Jaguar Health Inc. Common Stock,$2.31,-0.06,-2.532%,11,United States,2015.0,42624,Health Care,Biotechnology: Pharmaceutical Preparations
KPRX,Kiora Pharmaceuticals Inc.  Common Stock,$2.51,-0.04,-1.569%,11,United States,,4235,Health Care,Biotechnology: Pharmaceutical Preparations
PBM,Psyence Biomedical Ltd. Common Shares,$2.97,0.04,1.365%,11,Canada,,26358,Health Care,Biotechnology: Pharmaceutical Preparations
TOVX,Theriva Biologics Inc. Common Stock,$0.2419,0.0074,3.156%,11,United States,,1171667,Health Care,Biotechnology: Pharmaceutical Preparations
PHIO,Phio Pharmaceuticals Corp. Common Stock,$1.02,-0.02,-1.923%,11,United States,,65038,Health Care,Biotechnology: Pharmaceutical Preparations
BCDA,BioCardia Inc. Common Stock,$0.9148,0.0224,2.51%,10,United States,,550062,Health Care,Biotechnology: Biological Products (No Diagnostic Substances)
APUS,Apimeds Pharmaceuticals US Inc. Common Stock,$0.72,-0.015,-2.041%,10,,2025.0,86991,Health Care,Biotechnology: Pharmaceutical Preparations
VTGN,Vistagen Therapeutics Inc. Common Stock,$0.258,0.0088,3.531%,10,United States,,1590915,Health Care,Biotechnology: Pharmaceutical Preparations
ADXN,Addex Therapeutics Ltd American Depositary Shares,$6.34,0.45,7.64%,10,Switzerland,,323,Health Care,Biotechnology: Pharmaceutical Preparations
APRE,Aprea Therapeutics Inc. Common stock,$0.745,0.017,2.335%,9,United States,2019.0,14517,Health Care,Biotechnology: Pharmaceutical Preparations
CRIS,Curis Inc. Common Stock,$4.96,0.0,0.00%,9,United States,,61579,Health Care,Biotechnology: Biological Products (No Diagnostic Substances)
JUNS,Jupiter Neurosciences Inc. Common Stock,$0.1899,-0.0061,-3.112%,9,United States,2024.0,715754,Health Care,Biotechnology: Pharmaceutical Preparations
MTVA,MetaVia Inc. Common Stock,$1.78,0.05,2.89%,9,United States,2016.0,130287,Health Care,Biotechnology: Pharmaceutical Preparations
IMNN,Imunon Inc. Common Stock,$2.02,0.01,0.498%,8,United States,,13500,Health Care,Biotechnology: Pharmaceutical Preparations
RNAZ,TransCode Therapeutics Inc. Common Stock,$8.83,-0.765,-7.973%,8,United States,2021.0,59586,Health Care,Biotechnology: Pharmaceutical Preparations
CVKD,Cadrenal Therapeutics Inc. Common Stock,$2.89,-0.12,-3.987%,8,United States,2023.0,40799,Health Care,Biotechnology: Pharmaceutical Preparations
IMRN,Immuron Limited American Depositary Shares,$1.23,-0.03,-2.381%,8,Australia,2017.0,65900,Health Care,Biotechnology: Pharmaceutical Preparations
NXTC,NextCure Inc. Common Stock,$1.97,-0.03,-1.50%,7,United States,2019.0,63141,Health Care,Biotechnology: Pharmaceutical Preparations
PMCB,PharmaCyte  Biotech Inc. Common Stock,$0.6965,-0.0035,-0.50%,7,United States,,53076,Health Care,Biotechnology: Biological Products (No Diagnostic Substances)
AIM,AIM ImmunoTech Inc. Common Stock,$0.283,-0.0069,-2.38%,7,,,274375,Health Care,Biotechnology: Biological Products (No Diagnostic Substances)
TRIB,Trinity Biotech plc American Depositary Shares,$0.3868,-0.0045,-1.15%,7,Ireland,1992.0,386216,Health Care,Biotechnology: In Vitro & In Vivo Diagnostic Substances
CNSP,CNS Pharmaceuticals Inc. Common Stock,$5.165,-0.155,-2.914%,7,United States,2019.0,4324,Health Care,Biotechnology: Pharmaceutical Preparations
BOLT,Bolt Biotherapeutics Inc. Common Stock,$3.78,-0.2,-5.025%,7,United States,2021.0,23510,Health Care,Biotechnology: Pharmaceutical Preparations
HCWB,HCW Biologics Inc. Common Stock,$4.55,-0.095,-2.045%,7,United States,2021.0,30592,Health Care,Biotechnology: Pharmaceutical Preparations
ERNA,Ernexa Therapeutics Inc. Common Stock,$6.06,0.13,2.192%,7,United States,,14287,Health Care,Biotechnology: Pharmaceutical Preparations
KAPA,Kairos Pharma Ltd. Common Stock,$0.3527,-0.0173,-4.676%,7,,2024.0,41814,Health Care,Biotechnology: Pharmaceutical Preparations
XTLB,XTL Biopharmaceuticals Ltd. American Depositary Shares,$2.91,0.02,0.692%,7,Israel,,15769,Health Care,Biotechnology: Pharmaceutical Preparations
ASBP,Aspire Biopharma Holdings Inc. Common Stock,$6.01,-0.06,-0.988%,7,United States,2022.0,22940,Health Care,Biotechnology: Pharmaceutical Preparations
SNGX,Soligenix Inc. Common Stock,$0.3599,-0.008,-2.175%,7,United States,,268785,Health Care,Biotechnology: Pharmaceutical Preparations
BCTXL,BriaCell Therapeutics Corp. Warrant expiring 2031,$0.89,-0.02,-2.198%,7,Canada,,17096,Health Care,Biotechnology: Pharmaceutical Preparations
SNOA,Sonoma Pharmaceuticals Inc. Common Stock,$1.26,0.0,0.00%,6,United States,2007.0,101760,Health Care,Biotechnology: Pharmaceutical Preparations
APM,Aptorum Group Limited Class A Ordinary Shares,$0.782,-0.0032,-0.408%,6,Hong Kong,2018.0,13822,Health Care,Biotechnology: Pharmaceutical Preparations
CANF,Can-Fite Biopharma Ltd American Depositary Shares each representing two (2) Ordinary Shares,$3.25,-0.02,-0.612%,6,Israel,,48815,Health Care,Biotechnology: Pharmaceutical Preparations
GNPX,Genprex Inc. Common Stock,$0.5599,0.0044,0.792%,6,United States,2018.0,49123,Health Care,Biotechnology: Pharmaceutical Preparations
XBIO,Xenetic Biosciences Inc. Common Stock,$2.735,-0.04,-1.441%,6,United States,,5552,Health Care,Biotechnology: Pharmaceutical Preparations
BCAB,BioAtla Inc. Common Stock,$3.82,0.1,2.688%,6,United States,2020.0,15461,Health Care,Biotechnology: Biological Products (No Diagnostic Substances)
PULM,Pulmatrix Inc. Common Stock,$1.72,-0.08,-4.444%,6,United States,2014.0,46125,Health Care,Biotechnology: Pharmaceutical Preparations
ACXP,Acurx Pharmaceuticals Inc. Common Stock,$1.50,0.04,2.74%,6,United States,2021.0,84722,Health Care,Biotechnology: Pharmaceutical Preparations
CURX,Curanex Pharmaceuticals Inc Common Stock,$0.2228,0.0108,5.094%,6,United States,2025.0,72052,Health Care,Biotechnology: Pharmaceutical Preparations
ADIL,Adial Pharmaceuticals Inc Common Stock,$2.78,-0.02,-0.714%,5,United States,2018.0,51052,Health Care,Biotechnology: Pharmaceutical Preparations
ZSTK,ZeroStack Corp. Common Stock,$2.24,-0.25,-10.04%,5,Canada,2021.0,23035,Health Care,Biotechnology: Pharmaceutical Preparations
LIMN,Liminatus Pharma Inc. Class A Common Stock,$0.1144,-0.0086,-6.992%,5,United States,,3165333,Health Care,Biotechnology: Biological Products (No Diagnostic Substances)
PCSA,Processa Pharmaceuticals Inc. Common Stock,$2.16,0.19,9.645%,5,United States,,83358,Health Care,Biotechnology: Pharmaceutical Preparations
BMRA,Biomerica Inc. Common Stock,$1.69,0.04,2.424%,5,United States,,4080,Health Care,Biotechnology: In Vitro & In Vivo Diagnostic Substances
ELAB,PMGC Holdings Inc. Common Stock,$1.12,0.06,5.66%,5,United States,2023.0,35426639,Health Care,Biotechnology: Pharmaceutical Preparations
GELS,Gelteq Limited Ordinary Shares,$0.525,-0.0198,-3.634%,5,Australia,2024.0,38233,Health Care,Biotechnology: Pharmaceutical Preparations
ENVB,Enveric Biosciences Inc. Common Stock,$1.35,-0.08,-5.594%,5,United States,,76760,Health Care,Biotechnology: Pharmaceutical Preparations
DRMA,Dermata Therapeutics Inc. Common Stock,$1.34,0.0,0.00%,5,United States,2021.0,64518,Health Care,Biotechnology: Pharmaceutical Preparations
CDIO,Cardio Diagnostics Holdings Inc. Common stock,$1.83,-0.02,-1.081%,5,United States,2022.0,18336,Health Care,Biotechnology: In Vitro & In Vivo Diagnostic Substances
NCNA,NuCana plc American Depositary Share,$1.34,0.1,8.065%,5,United Kingdom,2017.0,96210,Health Care,Biotechnology: Pharmaceutical Preparations
PRFX,PRF Technologies Ltd. Ordinary Shares,$1.35,-0.07,-4.93%,4,Israel,2020.0,87111,Health Care,Biotechnology: Pharmaceutical Preparations
MBIO,Mustang Bio Inc. Common Stock,$0.7036,-0.0363,-4.906%,4,United States,,61841,Health Care,Biotechnology: Pharmaceutical Preparations
FBLG,FibroBiologics Inc. Common Stock,$0.9167,0.0557,6.469%,4,United States,,76435,Health Care,Biotechnology: Pharmaceutical Preparations
GLMD,Galmed Pharmaceuticals Ltd. Ordinary Shares,$0.56,-0.01,-1.754%,4,Israel,2014.0,25423,Health Care,Biotechnology: Pharmaceutical Preparations
BIVIW,BioVie Inc. Warrant,$0.55,0.0075,1.382%,4,United States,,4834,Health Care,Biotechnology: Pharmaceutical Preparations
SXTP,60 Degrees Pharmaceuticals Inc. Common Stock,$1.56,0.0,0.00%,4,United States,2023.0,18020,Health Care,Biotechnology: Pharmaceutical Preparations
SBFM,Sunshine Biopharma Inc. Common Stock,$2.09,-0.05,-2.336%,4,Canada,,20776,Health Care,Biotechnology: Pharmaceutical Preparations
ENSC,Ensysce Biosciences Inc. Common Stock,$0.2699,-0.0071,-2.563%,4,United States,,435446,Health Care,Biotechnology: Pharmaceutical Preparations
LABT,Lakewood-Amedex Biotherapeutics Inc. Common Stock,$2.61,-0.03,-1.136%,4,United States,,212944,Health Care,Biotechnology: Pharmaceutical Preparations
INM,InMed Pharmaceuticals Inc. Common Shares,$1.64,-0.02,-1.205%,4,Canada,,19000,Health Care,Biotechnology: Pharmaceutical Preparations
MTNB,Matinas Biopharma Holdings Inc. Common Stock,$0.7553,0.1283,20.463%,4,United States,2017.0,1682620,Health Care,Biotechnology: Pharmaceutical Preparations
ALZN,Alzamend Neuro Inc. Common Stock,$1.18,0.02,1.724%,4,United States,2021.0,96552,Health Care,Biotechnology: Pharmaceutical Preparations
BGMS,Bio Green Med Solution Inc. Common Stock,$0.9007,-0.0193,-2.098%,4,United States,,61477,Health Care,Biotechnology: Pharmaceutical Preparations
RDHL,Redhill Biopharma Ltd. American Depositary Shares,$0.695,-0.0065,-0.927%,4,Israel,,38110,Health Care,Biotechnology: Pharmaceutical Preparations
APVO,Aptevo Therapeutics Inc. Common Stock,$3.94,0.0,0.00%,4,United States,,44111,Health Care,Biotechnology: Pharmaceutical Preparations
PPCB,Propanc Biopharma Inc. Common Stock,$1.61,-0.17,-9.551%,3,Australia,,219755,Health Care,Biotechnology: Pharmaceutical Preparations
REVB,Revelation Biosciences Inc. Common Stock,$1.00,0.025,2.564%,3,United States,2020.0,34632,Health Care,Biotechnology: Pharmaceutical Preparations
XRTX,XORTX Therapeutics Inc. Common Shares,$2.175,0.07,3.325%,3,Canada,,5833,Health Care,Biotechnology: Pharmaceutical Preparations
GOVX,GeoVax Labs Inc. Common Stock,$1.18,0.01,0.855%,3,United States,,87764,Health Care,Biotechnology: Pharmaceutical Preparations
GRI,GRI Bio Inc. Common Stock,$1.74,-0.04,-2.247%,3,United States,2021.0,26743,Health Care,Biotechnology: Pharmaceutical Preparations
DCOY,Decoy Therapeutics Inc. Common Stock,$5.91,-0.355,-5.666%,3,United States,2015.0,18989,Health Care,Biotechnology: Pharmaceutical Preparations
CAPS,Capstone Holding Corp. Common Stock,$0.2564,-0.0083,-3.136%,3,United States,,126384,Health Care,Biotechnology: Pharmaceutical Preparations
ALBT,Avalon GloboCare Corp. Common Stock,$0.2777,-0.0049,-1.734%,3,United States,,88470,Health Care,Biotechnology: Biological Products (No Diagnostic Substances)
ARTL,Artelo Biosciences Inc. Common Stock,$1.08,0.06,5.882%,3,United States,,251128,Health Care,Biotechnology: Pharmaceutical Preparations
UPC,Universe Pharmaceuticals Inc. Class A Ordinary Shares,$5.27,-0.075,-1.403%,3,China,2021.0,308190,Health Care,Biotechnology: Pharmaceutical Preparations
ONCO,Onconetix Inc. Common Stock,$0.9395,-0.0455,-4.619%,3,United States,2022.0,1069541,Health Care,Biotechnology: Pharmaceutical Preparations
VRAX,Virax Biolabs Group Limited Ordinary Shares,$4.08,-2.28,-35.849%,3,United Kingdom,2022.0,1720835,Health Care,Biotechnology: In Vitro & In Vivo Diagnostic Substances
CLDI,Calidi Biotherapeutics Inc. Common Stock,$0.1409,-0.0088,-5.878%,2,,2021.0,1289823,Health Care,Biotechnology: Biological Products (No Diagnostic Substances)
AZTR,Azitra Inc Common Stock,$0.142,-0.0066,-4.441%,2,,2023.0,1140882,Health Care,Biotechnology: Pharmaceutical Preparations
CMND,Clearmind Medicine Inc. Common Shares,$2.03,-0.04,-1.932%,2,Canada,,95917,Health Care,Biotechnology: Pharmaceutical Preparations
NRSNW,NeuroSense Therapeutics Ltd. Warrant,$0.0733,0.0,0.00%,2,Israel,2021.0,6,Health Care,Biotechnology: Pharmaceutical Preparations
PHGE,BiomX Inc. COmmon Stock,$0.232,-0.048,-17.143%,2,,2019.0,9679024,Health Care,Biotechnology: Biological Products (No Diagnostic Substances)
OGEN,Oragenics Inc. Common Stock,$0.5861,0.0097,1.683%,2,United States,,11312,Health Care,Biotechnology: Pharmaceutical Preparations
VIVS,VivoSim Labs Inc. Common Stock,$0.879,0.0778,9.71%,2,United States,,943209,Health Care,Biotechnology: Biological Products (No Diagnostic Substances)
SLXN,Silexion Therapeutics Corp Ordinary Shares,$2.59,-0.02,-0.766%,2,Israel,,14545,Health Care,Biotechnology: Biological Products (No Diagnostic Substances)
SPRC,SciSparc Ltd. Ordinary Shares,$4.70,-0.75,-13.761%,2,Israel,,24863,Health Care,Biotechnology: Pharmaceutical Preparations
HUMAW,Humacyte Inc. Warrant,$0.01,0.0005,5.263%,2,United States,2020.0,23667,Health Care,Biotechnology: Biological Products (No Diagnostic Substances)
PPBT,Purple Biotech Ltd. American Depositary Shares,$1.555,-0.085,-5.183%,1,Israel,2015.0,9489,Health Care,Biotechnology: Pharmaceutical Preparations
SCLXW,Scilex Holding Company Warrant,$0.2099,0.01,5.003%,1,United States,2021.0,942,Health Care,Biotechnology: Biological Products (No Diagnostic Substances)
BTTC,Black Titan Corporation Ordinary Shares,$0.7624,-0.0402,-5.009%,1,Malaysia,,15048,Health Care,Biotechnology: Biological Products (No Diagnostic Substances)
SHPH,Shuttle Pharmaceuticals Holdings Inc. Common Stock,$2.92,-0.36,-10.976%,1,United States,2022.0,67641,Health Care,Biotechnology: Pharmaceutical Preparations
CDT,CDT Equity Inc. Common Stock,$0.3812,-0.0288,-7.024%,1,United States,2022.0,212292,Health Care,Biotechnology: Pharmaceutical Preparations
REVBW,Revelation Biosciences Inc. Warrant,$0.0098,0.0033,50.769%,0,United States,2020.0,1962,Health Care,Biotechnology: Pharmaceutical Preparations
RCKTW,Rocket Pharmaceuticals Inc. Warrant,$0.003,0.0,0.00%,0,United States,,16513,Health Care,Biotechnology: Pharmaceutical Preparations
PBMWW,Psyence Biomedical Ltd. Warrant,$0.0256,0.0,0.00%,0,Canada,,51,Health Care,Biotechnology: Pharmaceutical Preparations
SABSW,SAB Biotherapeutics Inc. Warrant,$0.0122,-0.0032,-20.779%,0,United States,2021.0,160556,Health Care,Biotechnology: Biological Products (No Diagnostic Substances)
SCNI,Scinai Immunotherapeutics Ltd. American Depositary Shares,$0.2507,-0.0073,-2.829%,0,Israel,2015.0,37699,Health Care,Biotechnology: Biological Products (No Diagnostic Substances)
JSPRW,Japer Therapeutics Inc. Warrants,$0.012,-0.001,-7.692%,0,United States,2020.0,34304,Health Care,Biotechnology: Biological Products (No Diagnostic Substances)
IPEX,Inflection Point Acquisition Corp. V Class A Ordinary Shares,$10.52,0.0,0.00%,0,United States,2025.0,68,Health Care,Biotechnology: Pharmaceutical Preparations
SLXNW,Silexion Therapeutics Corp Warrant,$0.025,-0.0048,-16.107%,0,Israel,,844,Health Care,Biotechnology: Biological Products (No Diagnostic Substances)
SXTPW,60 Degrees Pharmaceuticals Inc. Warrant,$0.023,-0.0001,-0.433%,0,United States,2023.0,9426,Health Care,Biotechnology: Pharmaceutical Preparations
DRMAW,Dermata Therapeutics Inc. Warrant,$0.0123,-0.0002,-1.60%,0,United States,2021.0,2100,Health Care,Biotechnology: Pharmaceutical Preparations
EMIS,Emmis Acquisition Corp. Class A Ordinary Shares,$10.18,0.0,0.00%,0,United States,2025.0,6,Health Care,Biotechnology: Pharmaceutical Preparations
SRZNW,Surrozen Inc. Warrant,$0.0094,-0.0005,-5.051%,0,United States,,5368,Health Care,Biotechnology: Biological Products (No Diagnostic Substances)
ERNAW,Ernexa Therapeutics Inc. Warrants,$0.11,0.0,0.00%,0,United States,,87,Health Care,Biotechnology: Pharmaceutical Preparations
SBFMW,Sunshine Biopharma Inc. Warrant,$0.0401,-0.0019,-4.524%,0,Canada,,1604,Health Care,Biotechnology: Pharmaceutical Preparations
CDIOW,Cardio Diagnostics Holdings Inc. Warrant,$0.0154,-0.0027,-14.917%,0,United States,2022.0,4249,Health Care,Biotechnology: In Vitro & In Vivo Diagnostic Substances
CINGW,Cingulate Inc. Warrants,$0.0218,0.0007,3.318%,0,United States,2021.0,1138,Health Care,Biotechnology: Pharmaceutical Preparations
BFRIW,Biofrontera Inc. Warrants,$0.0294,0.0,0.00%,0,United States,2021.0,5433,Health Care,Biotechnology: Pharmaceutical Preparations
TVGNW,Tevogen Bio Holdings Inc. Warrant,$0.056,-0.0004,-0.709%,0,United States,2022.0,18944,Health Care,Biotechnology: Biological Products (No Diagnostic Substances)
CELUW,Celularity Inc. Warrant,$0.0035,-0.0004,-10.256%,0,United States,2019.0,26488,Health Care,Biotechnology: Pharmaceutical Preparations
CDTTW,CDT Equity Inc. Warrant,$0.0129,-0.002,-13.423%,0,United States,2022.0,2931,Health Care,Biotechnology: Pharmaceutical Preparations
BCTXZ,BriaCell Therapeutics Corp. Warrant expiring 2030,$0.0999,-0.0001,-0.10%,0,Canada,,192458,Health Care,Biotechnology: Pharmaceutical Preparations
ASBPW,Aspire Biopharma Holdings Inc. Warrant,$0.02,0.0024,13.636%,0,United States,2022.0,906,Health Care,Biotechnology: Pharmaceutical Preparations
BKHA,Black Hawk Acquisition Corporation Class A Ordinary Shares,$11.96,0.0,0.00%,0,United States,2024.0,363,Health Care,Biotechnology: Biological Products (No Diagnostic Substances)
APLMW,Apollomics Inc. Warrant,$0.0138,-0.0006,-4.167%,0,United States,,1863,Health Care,Biotechnology: Pharmaceutical Preparations
