Symbol,Name,Last Sale,Net Change,% Change,Market Cap,Country,IPO Year,Volume,Sector,Industry
LLY,Eli Lilly and Company Common Stock,$1157.49,14.37,1.257%,1089611,United States,,2132078,Health Care,Biotechnology: Pharmaceutical Preparations
JNJ,Johnson & Johnson Common Stock,$254.78,1.85,0.731%,613993,United States,,5664301,Health Care,Biotechnology: Pharmaceutical Preparations
ABBV,AbbVie Inc. Common Stock,$266.69,0.93,0.350%,471272,United States,2012,4501092,Health Care,Biotechnology: Pharmaceutical Preparations
MRK,Merck & Company Inc. Common Stock (new),$141.94,2.4,1.720%,350190,United States,,8073208,Health Care,Biotechnology: Pharmaceutical Preparations
NVS,Novartis AG Common Stock,$140.79,-0.14,-0.099%,268648,Switzerland,,1574428,Health Care,Biotechnology: Pharmaceutical Preparations
AZN,AstraZeneca PLC Ordinary Shares,$158.61,2.08,1.329%,245960,United Kingdom,2026,2050657,Health Care,Biotechnology: Pharmaceutical Preparations
AMGN,Amgen Inc. Common Stock,$402.60,-0.38,-0.094%,217658,United States,1983,2036872,Health Care,Biotechnology: Biological Products (No Diagnostic Substances)
GILD,Gilead Sciences Inc. Common Stock,$144.23,-0.4,-0.277%,178838,United States,1992,3723591,Health Care,Biotechnology: Biological Products (No Diagnostic Substances)
ABT,Abbott Laboratories Common Stock,$98.16,-1.94,-1.938%,169854,United States,,10577130,Health Care,Biotechnology: Pharmaceutical Preparations
NVO,Novo Nordisk A/S Common Stock,$37.53,-0.01,-0.027%,166180,Denmark,,13696533,Health Care,Biotechnology: Pharmaceutical Preparations
PFE,Pfizer Inc. Common Stock,$27.50,0.09,0.328%,156741,United States,,24066109,Health Care,Biotechnology: Pharmaceutical Preparations
VRTX,Vertex Pharmaceuticals Incorporated Common Stock,$502.31,-1.19,-0.236%,127315,United States,1991,775075,Health Care,Biotechnology: Pharmaceutical Preparations
BMY,Bristol-Myers Squibb Company Common Stock,$59.59,0.78,1.326%,121725,United States,,9885753,Health Care,Biotechnology: Pharmaceutical Preparations
SNY,Sanofi ADS,$39.56,0.05,0.127%,96481,France,,3052162,Health Care,Biotechnology: Pharmaceutical Preparations
GSK,GSK plc American Depositary Shares (Each representing two Ordinary Shares),$46.60,0.05,0.107%,94258,United Kingdom,2022,6806414,Health Care,Biotechnology: Pharmaceutical Preparations
REGN,Regeneron Pharmaceuticals Inc. Common Stock,$738.72,12.25,1.686%,76054,United States,1991,615063,Health Care,Biotechnology: Pharmaceutical Preparations
MRNA,Moderna Inc. Common Stock,$187.46,-15.75,-7.751%,74840,United States,2018,18794837,Health Care,Biotechnology: Biological Products (No Diagnostic Substances)
ARGX,argenx SE American Depositary Shares,$930.52,17.65,1.933%,57750,Netherlands,2017,430209,Health Care,Biotechnology: Biological Products (No Diagnostic Substances)
TAK,Takeda Pharmaceutical Company Limited American Depositary Shares (each representing 1/2 of a share of Common Stock),$18.10,0.29,1.628%,57193,Japan,2018,3098033,Health Care,Biotechnology: Pharmaceutical Preparations
TEVA,Teva Pharmaceutical Industries Limited Ordinary Shares,$39.13,-0.53,-1.336%,45598,Israel,,5716701,Health Care,Biotechnology: Pharmaceutical Preparations
RVMD,Revolution Medicines Inc. Common Stock,$199.87,-7.81,-3.761%,42839,United States,2020,1632233,Health Care,Biotechnology: Biological Products (No Diagnostic Substances)
ONC,BeOne Medicines Ltd. American Depositary Shares,$362.78,1.13,0.312%,41248,Cayman Islands,2016,319917,Health Care,Biotechnology: Pharmaceutical Preparations
IDXX,IDEXX Laboratories Inc. Common Stock,$515.41,-11.66,-2.212%,40604,United States,1991,502361,Health Care,Biotechnology: In Vitro & In Vivo Diagnostic Substances
BIIB,Biogen Inc. Common Stock,$222.89,-0.7,-0.313%,32932,United States,,1008098,Health Care,Biotechnology: Biological Products (No Diagnostic Substances)
RPRX,Royalty Pharma plc Class A Ordinary Shares ,$56.44,-0.22,-0.388%,32453,United States,2020,2434356,Health Care,Biotechnology: Pharmaceutical Preparations
ALNY,Alnylam Pharmaceuticals Inc. Common Stock,$223.94,4.05,1.842%,29965,United States,2004,1356365,Health Care,Biotechnology: Pharmaceutical Preparations
ZTS,Zoetis Inc. Class A Common Stock,$71.33,-0.08,-0.112%,29475,United States,2013,3435044,Health Care,Biotechnology: Pharmaceutical Preparations
ROIV,Roivant Sciences Ltd. Common Shares,$35.53,-0.25,-0.699%,25664,United Kingdom,,5740049,Health Care,Biotechnology: Pharmaceutical Preparations
BNTX,BioNTech SE American Depositary Share,$95.73,-1.91,-1.956%,24047,Germany,2019,899391,Health Care,Biotechnology: Biological Products (No Diagnostic Substances)
UTHR,United Therapeutics Corporation Common Stock,$541.62,5.22,0.973%,23230,United States,1999,1213883,Health Care,Biotechnology: Pharmaceutical Preparations
INSM,Insmed Incorporated Common Stock,$105.23,1.4,1.348%,22980,United States,,3686128,Health Care,Biotechnology: Pharmaceutical Preparations
VTRS,Viatris Inc. Common Stock,$17.54,-0.08,-0.454%,20146,United States,,6676068,Health Care,Biotechnology: Pharmaceutical Preparations
JAZZ,Jazz Pharmaceuticals plc Common Stock (Ireland),$231.39,-4.65,-1.970%,15020,Ireland,2007,862313,Health Care,Biotechnology: Pharmaceutical Preparations
ASND,Ascendis Pharma A/S Ordinary Share,$226.05,-1.98,-0.868%,14893,Denmark,2015,1091925,Health Care,Biotechnology: Pharmaceutical Preparations
NBIX,Neurocrine Biosciences Inc. Common Stock,$145.51,1.3,0.901%,14790,United States,1996,1450249,Health Care,Biotechnology: Biological Products (No Diagnostic Substances)
EXEL,Exelixis Inc. Common Stock,$58.33,-0.52,-0.884%,14453,United States,2000,2031963,Health Care,Biotechnology: Biological Products (No Diagnostic Substances)
SMMT,Summit Therapeutics Inc. Common Stock ,$17.31,0.04,0.232%,13809,United States,2015,5875977,Health Care,Biotechnology: Pharmaceutical Preparations
BBIO,BridgeBio Pharma Inc. Common Stock,$66.96,0.82,1.240%,13089,United States,2019,3710374,Health Care,Biotechnology: Pharmaceutical Preparations
CORT,Corcept Therapeutics Incorporated Common Stock,$119.57,-2.46,-2.016%,12925,United States,2004,790759,Health Care,Biotechnology: Pharmaceutical Preparations
HALO,Halozyme Therapeutics Inc. Common Stock,$109.72,1.41,1.302%,12453,United States,,1774402,Health Care,Biotechnology: Biological Products (No Diagnostic Substances)
MDGL,Madrigal Pharmaceuticals Inc. Common Stock,$496.45,2.83,0.573%,11470,United States,2007,330368,Health Care,Biotechnology: Pharmaceutical Preparations
TECH,Bio-Techne Corp Common Stock,$72.43,-0.15,-0.207%,11358,United States,,2893332,Health Care,Biotechnology: Biological Products (No Diagnostic Substances)
ELAN,Elanco Animal Health Incorporated Common Stock,$22.48,-0.03,-0.133%,11231,United States,2018,7040875,Health Care,Biotechnology: Pharmaceutical Preparations
TWST,Twist Bioscience Corporation Common Stock,$166.97,-38.03,-18.551%,11070,United States,2018,8559964,Health Care,Biotechnology: Biological Products (No Diagnostic Substances)
BMRN,BioMarin Pharmaceutical Inc. Common Stock,$56.22,-1.32,-2.294%,10882,United States,1999,3719058,Health Care,Biotechnology: Pharmaceutical Preparations
RDY,Dr. Reddy's Laboratories Ltd Common Stock,$12.49,0.17,1.380%,10424,India,,3998614,Health Care,Biotechnology: Pharmaceutical Preparations
IBRX,ImmunityBio Inc. Common Stock,$9.69,-0.69,-6.647%,10269,United States,2015,16887328,Health Care,Biotechnology: Biological Products (No Diagnostic Substances)
PCVX,Vaxcyte Inc. Common Stock,$66.70,-7.12,-9.645%,9925,United States,2020,10160680,Health Care,Biotechnology: Biological Products (No Diagnostic Substances)
KRYS,Krystal Biotech Inc. Common Stock,$326.81,-8.04,-2.401%,9673,United States,2017,352327,Health Care,Biotechnology: Biological Products (No Diagnostic Substances)
QGEN,Qiagen N.V. Common Shares,$45.65,-0.14,-0.306%,9407,Netherlands,2026,2902210,Health Care,Biotechnology: Biological Products (No Diagnostic Substances)
AXSM,Axsome Therapeutics Inc. Common Stock,$174.34,-2.74,-1.547%,9132,United States,2015,1367836,Health Care,Biotechnology: Pharmaceutical Preparations
PTGX,Protagonist Therapeutics Inc. Common Stock,$138.69,-1.94,-1.380%,8974,United States,2016,635839,Health Care,Biotechnology: Pharmaceutical Preparations
KYMR,Kymera Therapeutics Inc. Common Stock,$105.98,-3.87,-3.523%,8812,United States,2020,960765,Health Care,Biotechnology: Biological Products (No Diagnostic Substances)
ARWR,Arrowhead Pharmaceuticals Inc. Common Stock,$61.54,-0.81,-1.299%,8692,United States,,1675785,Health Care,Biotechnology: Pharmaceutical Preparations
RGEN,Repligen Corporation Common Stock,$174.86,-14.64,-7.726%,8554,United States,1986,1704781,Health Care,Biotechnology: Biological Products (No Diagnostic Substances)
CYTK,Cytokinetics Incorporated Common Stock,$61.35,-1.35,-2.153%,8529,United States,2004,3228984,Health Care,Biotechnology: Pharmaceutical Preparations
TGTX,TG Therapeutics Inc. Common Stock,$52.19,-1.72,-3.191%,7988,United States,,2412508,Health Care,Biotechnology: Pharmaceutical Preparations
PRAX,Praxis Precision Medicines Inc. Common Stock,$280.14,-3.42,-1.206%,7821,United States,2020,435289,Health Care,Biotechnology: Pharmaceutical Preparations
ABVX,Abivax SA American Depositary Shares,$88.22,-3.51,-3.826%,7697,France,2023,2000654,Health Care,Biotechnology: Pharmaceutical Preparations
IONS,Ionis Pharmaceuticals Inc. Common Stock,$44.00,0.5,1.149%,7312,United States,,2193062,Health Care,Biotechnology: Pharmaceutical Preparations
AMRX,Amneal Pharmaceuticals Inc. Class A Common Stock,$20.30,-0.055,-0.270%,7068,United States,,3591564,Health Care,Biotechnology: Pharmaceutical Preparations
SYRE,Spyre Therapeutics Inc. Common Stock,$80.11,-12.61,-13.600%,7063,United States,2016,4252507,Health Care,Biotechnology: Pharmaceutical Preparations
ALKS,Alkermes plc Ordinary Shares,$41.65,-1.11,-2.596%,6987,Ireland,1991,1545992,Health Care,Biotechnology: Pharmaceutical Preparations
IMVT,Immunovant Inc. Common Stock,$32.11,-1.14,-3.429%,6632,United States,2019,1674006,Health Care,Biotechnology: Biological Products (No Diagnostic Substances)
LNTH,Lantheus Holdings Inc. Common Stock,$99.95,-0.24,-0.240%,6523,United States,2015,730215,Health Care,Biotechnology: In Vitro & In Vivo Diagnostic Substances
BLTE,Belite Bio Inc American Depositary Shares,$155.61,-3.57,-2.243%,6266,United States,2022,190284,Health Care,Biotechnology: Pharmaceutical Preparations
RYTM,Rhythm Pharmaceuticals Inc. Common Stock,$90.77,-1.68,-1.817%,6249,United States,2017,992901,Health Care,Biotechnology: Pharmaceutical Preparations
KNSA,Kiniksa Pharmaceuticals International plc Class A Ordinary Shares,$77.09,0.78,1.022%,6014,United States,2018,378793,Health Care,Biotechnology: Pharmaceutical Preparations
LGND,Ligand Pharmaceuticals Incorporated Common Stock,$296.94,-9.83,-3.204%,5919,United States,,163817,Health Care,Biotechnology: Pharmaceutical Preparations
IOVA,Iovance Biotherapeutics Inc. Common Stock,$12.96,-1.19,-8.410%,5870,United States,,18953942,Health Care,Biotechnology: Biological Products (No Diagnostic Substances)
KOD,Kodiak Sciences Inc Common Stock,$92.34,-1.47,-1.567%,5803,United States,2018,1483532,Health Care,Biotechnology: Biological Products (No Diagnostic Substances)
CGON,CG Oncology Inc. Common stock,$63.64,-5.07,-7.379%,5641,United States,2024,774442,Health Care,Biotechnology: Biological Products (No Diagnostic Substances)
PTCT,PTC Therapeutics Inc. Common Stock,$63.70,0.05,0.079%,5316,United States,2013,1264991,Health Care,Biotechnology: Pharmaceutical Preparations
ORKA,Oruka Therapeutics Inc. Common Stock,$80.18,-4.2,-4.977%,5308,United States,,1122641,Health Care,Biotechnology: In Vitro & In Vivo Diagnostic Substances
TVTX,Travere Therapeutics Inc. Common Stock,$55.98,-1.69,-2.930%,5276,United States,,3108098,Health Care,Biotechnology: Pharmaceutical Preparations
COGT,Cogent Biosciences Inc. Common Stock,$30.38,-0.49,-1.587%,5271,United States,2018,2383836,Health Care,Biotechnology: Pharmaceutical Preparations
CRSP,CRISPR Therapeutics AG Common Shares,$54.00,-3.34,-5.825%,5221,Switzerland,2016,2628182,Health Care,Biotechnology: Biological Products (No Diagnostic Substances)
GRFS,Grifols S.A. American Depositary Shares,$7.52,0.11,1.484%,5170,Spain,,326112,Health Care,Biotechnology: Pharmaceutical Preparations
SRRK,Scholar Rock Holding Corporation Common Stock,$42.45,-0.95,-2.189%,5169,United States,2018,1865549,Health Care,Biotechnology: Biological Products (No Diagnostic Substances)
MIRM,Mirum Pharmaceuticals Inc. Common Stock,$79.25,-2.18,-2.677%,5145,United States,2019,1147024,Health Care,Biotechnology: Pharmaceutical Preparations
ERAS,Erasca Inc. Common Stock,$14.30,-0.42,-2.853%,5001,United States,2021,8043055,Health Care,Biotechnology: Pharmaceutical Preparations
GMAB,Genmab A/S ADS,$37.80,-0.68,-1.767%,4856,Denmark,2019,6596510,Health Care,Biotechnology: Pharmaceutical Preparations
DNTH,Dianthus Therapeutics Inc. Common Stock,$85.40,-2.64,-2.999%,4776,United States,2018,1347820,Health Care,Biotechnology: Pharmaceutical Preparations
MANE,Veradermics Incorporated Common Stock,$108.96,-9.91,-8.337%,4552,United States,2026,736832,Health Care,Biotechnology: Pharmaceutical Preparations
EWTX,Edgewise Therapeutics Inc. Common Stock,$40.02,-0.28,-0.695%,4346,United States,2021,1624882,Health Care,Biotechnology: Pharmaceutical Preparations
ADPT,Adaptive Biotechnologies Corporation Common Stock,$26.90,-2.94,-9.853%,4293,United States,2019,2533940,Health Care,Biotechnology: Biological Products (No Diagnostic Substances)
ABCL,AbCellera Biologics Inc. Common Shares,$13.15,-0.63,-4.572%,4259,Canada,2020,9790087,Health Care,Biotechnology: Pharmaceutical Preparations
INDV,Indivior Pharmaceuticals Inc. Common Stock,$35.90,-0.09,-0.250%,4237,United Kingdom,,2390612,Health Care,Biotechnology: Pharmaceutical Preparations
RLAY,Relay Therapeutics Inc. Common Stock,$18.74,-0.65,-3.352%,4106,United States,2020,3879893,Health Care,Biotechnology: Biological Products (No Diagnostic Substances)
TNGX,Tango Therapeutics Inc.,$21.90,-1.18,-5.113%,3692,United States,2020,4351323,Health Care,Biotechnology: Pharmaceutical Preparations
TLX,Telix Pharmaceuticals Limited American Depositary Shares,$10.78,-0.1,-0.919%,3652,Australia,,235101,Health Care,Biotechnology: Pharmaceutical Preparations
LEGN,Legend Biotech Corporation American Depositary Shares,$18.72,-0.055,-0.293%,3640,United States,2020,1345450,Health Care,Biotechnology: Pharmaceutical Preparations
OGN,Organon & Co. Common Stock ,$13.74,0.04,0.292%,3608,United States,2021,1949146,Health Care,Biotechnology: Pharmaceutical Preparations
VKTX,Viking Therapeutics Inc. Common Stock,$28.38,-0.9,-3.074%,3567,United States,2015,7109620,Health Care,Biotechnology: Pharmaceutical Preparations
XENE,Xenon Pharmaceuticals Inc. Common Shares,$36.57,-1,-2.662%,3541,Canada,2014,2788160,Health Care,Biotechnology: Pharmaceutical Preparations
IDYA,IDEAYA Biosciences Inc. Common Stock,$36.63,-1.43,-3.757%,3534,United States,2019,802473,Health Care,Biotechnology: Pharmaceutical Preparations
PBLS,Parabilis Medicines Inc. Common Stock,$28.86,-0.67,-2.269%,3519,United States,2026,979232,Health Care,Biotechnology: Pharmaceutical Preparations
AMLX,Amylyx Pharmaceuticals Inc. Common Stock,$28.04,0.26,0.936%,3517,United States,2022,1279507,Health Care,Biotechnology: Pharmaceutical Preparations
TARS,Tarsus Pharmaceuticals Inc. Common Stock,$74.11,-0.345,-0.463%,3467,United States,2020,432449,Health Care,Biotechnology: Biological Products (No Diagnostic Substances)
ACAD,ACADIA Pharmaceuticals Inc. Common Stock,$19.74,-0.37,-1.840%,3401,United States,1985,1666371,Health Care,Biotechnology: Pharmaceutical Preparations
ELVN,Enliven Therapeutics Inc. Common Stock,$42.39,-3.08,-6.774%,3105,United States,2020,2333146,Health Care,Biotechnology: Pharmaceutical Preparations
RCUS,Arcus Biosciences Inc. Common Stock,$24.28,-0.46,-1.859%,3091,United States,2018,824872,Health Care,Biotechnology: Pharmaceutical Preparations
DNLI,Denali Therapeutics Inc. Common Stock,$19.28,-0.63,-3.164%,3081,United States,2017,3674584,Health Care,Biotechnology: Biological Products (No Diagnostic Substances)
ARQT,Arcutis Biotherapeutics Inc. Common Stock,$23.92,-1.23,-4.891%,3006,United States,2020,2573067,Health Care,Biotechnology: Pharmaceutical Preparations
DYN,Dyne Therapeutics Inc. Common Stock,$15.40,-0.04,-0.259%,2875,United States,2020,4101516,Health Care,Biotechnology: Pharmaceutical Preparations
ZLAB,Zai Lab Limited American Depositary Shares,$25.58,-0.04,-0.156%,2871,China,2017,1214255,Health Care,Biotechnology: Pharmaceutical Preparations
MBX,MBX Biosciences Inc. Common Stock,$56.92,-1.62,-2.767%,2741,United States,2024,366695,Health Care,Biotechnology: Pharmaceutical Preparations
PGEN,Precigen Inc. Common Stock,$7.55,-0.19,-2.455%,2703,United States,,5140117,Health Care,Biotechnology: Pharmaceutical Preparations
NAMS,NewAmsterdam Pharma Company N.V. Ordinary Shares,$22.27,-0.53,-2.325%,2662,Netherlands,,1266309,Health Care,Biotechnology: Pharmaceutical Preparations
NEOG,Neogen Corporation Common Stock,$11.96,-1.05,-8.071%,2608,United States,1989,5970952,Health Care,Biotechnology: In Vitro & In Vivo Diagnostic Substances
BEAM,Beam Therapeutics Inc. Common Stock,$25.23,-0.44,-1.714%,2605,United States,2020,2523219,Health Care,Biotechnology: Biological Products (No Diagnostic Substances)
HCM,HUTCHMED (China) Limited American Depositary Shares,$14.60,0.29,2.027%,2547,Hong Kong,2016,68479,Health Care,Biotechnology: Pharmaceutical Preparations
SUPN,Supernus Pharmaceuticals Inc. Common Stock,$42.83,0.07,0.164%,2489,United States,2012,748299,Health Care,Biotechnology: Pharmaceutical Preparations
RXRX,Recursion Pharmaceuticals Inc. Class A Common Stock,$4.63,-0.15,-3.138%,2478,United States,2021,71106428,Health Care,Biotechnology: Biological Products (No Diagnostic Substances)
VCRE,Vicore Pharma Holding AB American Depositary Shares,$8.74,-0.26,-2.889%,2460,Sweden,,22843,Health Care,Biotechnology: Pharmaceutical Preparations
CLDX,Celldex Therapeutics Inc.,$31.00,-1.585,-4.863%,2434,United States,,1768236,Health Care,Biotechnology: In Vitro & In Vivo Diagnostic Substances
ALVO,Alvotech Ordinary Shares,$6.14,0.03,0.491%,2397,Luxembourg,,1219494,Health Care,Biotechnology: Biological Products (No Diagnostic Substances)
IRON,Disc Medicine Inc. Common Stock,$61.65,-1.68,-2.653%,2366,United States,,1422399,Health Care,Biotechnology: Pharmaceutical Preparations
NRIX,Nurix Therapeutics Inc. Common stock,$22.60,-0.28,-1.224%,2345,United States,2020,1154238,Health Care,Biotechnology: Pharmaceutical Preparations
LQDA,Liquidia Corporation Common Stock,$25.91,-1.73,-6.259%,2319,United States,2018,5313848,Health Care,Biotechnology: Pharmaceutical Preparations
RVMDW,Revolution Medicines Inc. Warrant,$10.73,-0.97,-8.291%,2299,United States,,22118,Health Care,Biotechnology: Biological Products (No Diagnostic Substances)
HRMY,Harmony Biosciences Holdings Inc. Common Stock,$39.36,-0.56,-1.403%,2292,United States,2020,507315,Health Care,Biotechnology: Pharmaceutical Preparations
SLS,SELLAS Life Sciences Group Inc. Common Stock,$11.34,-0.29,-2.494%,2290,United States,,3982859,Health Care,Biotechnology: Pharmaceutical Preparations
ADMA,ADMA Biologics Inc Common Stock,$10.18,0.07,0.692%,2280,United States,,2100210,Health Care,Biotechnology: Biological Products (No Diagnostic Substances)
IMNM,Immunome Inc. Common Stock,$19.31,-1.86,-8.786%,2278,United States,2020,2314213,Health Care,Biotechnology: Pharmaceutical Preparations
BHC,Bausch Health Companies Inc. Common Stock,$6.02,0.13,2.207%,2251,Canada,,3051008,Health Care,Biotechnology: Pharmaceutical Preparations
PBH,Prestige Consumer Healthcare Inc. Common Stock,$46.44,0.84,1.842%,2200,United States,2005,660945,Health Care,Biotechnology: Pharmaceutical Preparations
PHVS,Pharvaris N.V. Ordinary Shares,$31.12,0.63,2.066%,2168,Netherlands,2021,778696,Health Care,Biotechnology: Pharmaceutical Preparations
SDGR,Schrodinger Inc. Common Stock,$28.90,-3.7,-11.350%,2161,United States,2020,5264383,Health Care,Biotechnology: Pharmaceutical Preparations
VERA,Vera Therapeutics Inc. Class A Common Stock,$29.42,-0.41,-1.374%,2120,United States,2021,2395860,Health Care,Biotechnology: Pharmaceutical Preparations
AUPH,Aurinia Pharmaceuticals Inc Ordinary Shares,$15.69,-0.03,-0.191%,2087,Canada,,699193,Health Care,Biotechnology: Pharmaceutical Preparations
VRDN,Viridian Therapeutics Inc. Common Stock,$18.22,-0.78,-4.105%,2064,United States,2014,2196922,Health Care,Biotechnology: Pharmaceutical Preparations
VCEL,Vericel Corporation Common Stock,$40.05,-1.02,-2.484%,2050,United States,,669084,Health Care,Biotechnology: Biological Products (No Diagnostic Substances)
MRVI,Maravai LifeSciences Holdings Inc. Class A Common Stock,$7.85,-0.67,-7.864%,2038,United States,2020,3613498,Health Care,Biotechnology: Pharmaceutical Preparations
BCRX,BioCryst Pharmaceuticals Inc. Common Stock,$7.95,-0.15,-1.852%,2031,United States,1994,3944177,Health Care,Biotechnology: Biological Products (No Diagnostic Substances)
URGN,UroGen Pharma Ltd. Ordinary Shares,$41.43,-1.35,-3.156%,2025,Israel,2017,764482,Health Care,Biotechnology: Pharmaceutical Preparations
ADRX,ADARx Pharmaceuticals Inc. Common Stock,$18.58,-0.47,-2.467%,1984,United States,2026,1034956,Health Care,Biotechnology: Pharmaceutical Preparations
VIR,Vir Biotechnology Inc. Common Stock,$11.60,-0.18,-1.528%,1962,United States,2019,2586776,Health Care,Biotechnology: Biological Products (No Diagnostic Substances)
GPCR,Structure Therapeutics Inc. American Depositary Shares,$27.47,-0.12,-0.435%,1958,United States,2023,1421947,Health Care,Biotechnology: Pharmaceutical Preparations
PRGO,Perrigo Company plc Ordinary Shares,$14.00,-0.44,-3.047%,1942,United States,,2035416,Health Care,Biotechnology: Pharmaceutical Preparations
MLYS,Mineralys Therapeutics Inc. Common Stock,$21.95,-1.35,-5.794%,1940,United States,2023,1216025,Health Care,Biotechnology: Pharmaceutical Preparations
LKFT,Lakefront Biotherapeutics American Depositary Shares,$29.32,-0.19,-0.644%,1932,Belgium,2015,452127,Health Care,Biotechnology: Pharmaceutical Preparations
AGIO,Agios Pharmaceuticals Inc. Common Stock,$31.72,0.47,1.504%,1893,United States,2013,1278374,Health Care,Biotechnology: Pharmaceutical Preparations
TRVI,Trevi Therapeutics Inc. Common Stock,$13.18,-0.54,-3.936%,1877,United States,2019,4998931,Health Care,Biotechnology: Pharmaceutical Preparations
NVAX,Novavax Inc. Common Stock,$11.32,-1.24,-9.873%,1867,United States,,19413050,Health Care,Biotechnology: Biological Products (No Diagnostic Substances)
PVLA,Palvella Therapeutics Inc. Common Stock,$128.00,-4.16,-3.148%,1844,United States,,310009,Health Care,Biotechnology: Pharmaceutical Preparations
XERS,Xeris Biopharma Holdings Inc. Common Stock,$10.07,-0.06,-0.592%,1835,United States,2018,2404079,Health Care,Biotechnology: Pharmaceutical Preparations
SRPT,Sarepta Therapeutics Inc. Common Stock (DE),$17.31,-0.18,-1.029%,1828,United States,,2691568,Health Care,Biotechnology: Pharmaceutical Preparations
BHVN,Biohaven Ltd. Common Shares ,$12.08,-0.89,-6.862%,1824,United States,2022,3054438,Health Care,Biotechnology: Pharmaceutical Preparations
ZYME,Zymeworks Inc. Common Stock,$25.65,-0.56,-2.137%,1820,United States,,1465986,Health Care,Biotechnology: Pharmaceutical Preparations
XNCR,Xencor Inc. Common Stock,$24.36,-1.27,-4.955%,1811,United States,2013,1245848,Health Care,Biotechnology: Pharmaceutical Preparations
BRVE,Braveheart Bio Inc. Common Stock,$19.79,-1.56,-7.307%,1781,United States,2026,590334,Health Care,Biotechnology: Pharmaceutical Preparations
GENB,Generate Biomedicines Inc. Common Stock,$13.80,-0.11,-0.791%,1771,United States,2026,1170115,Health Care,Biotechnology: Pharmaceutical Preparations
MESO,Mesoblast Limited American Depositary Shares,$13.61,-0.61,-4.290%,1770,Australia,2015,404717,Health Care,Biotechnology: Biological Products (No Diagnostic Substances)
ZBIO,Zenas BioPharma Inc. Common Stock,$26.94,-0.89,-3.198%,1755,United States,2024,357626,Health Care,Biotechnology: Pharmaceutical Preparations
NTLA,Intellia Therapeutics Inc. Common Stock,$12.37,-0.38,-2.980%,1733,United States,2016,7951988,Health Care,Biotechnology: In Vitro & In Vivo Diagnostic Substances
NUVB,Nuvation Bio Inc. Class A Common Stock,$4.88,-0.07,-1.414%,1713,United States,2020,6653936,Health Care,Biotechnology: Pharmaceutical Preparations
SEPN,Septerna Inc. Common Stock,$35.67,-2.2,-5.809%,1664,United States,2024,491223,Health Care,Biotechnology: Pharmaceutical Preparations
ANIP,ANI Pharmaceuticals Inc.,$71.52,-1.06,-1.460%,1642,United States,,292022,Health Care,Biotechnology: Pharmaceutical Preparations
OCUL,Ocular Therapeutix Inc. Common Stock,$7.34,0.09,1.241%,1611,United States,2014,2807179,Health Care,Biotechnology: Pharmaceutical Preparations
CMPS,COMPASS Pathways Plc American Depository Shares,$11.56,-0.04,-0.345%,1600,United Kingdom,2020,2798323,Health Care,Biotechnology: Pharmaceutical Preparations
QURE,uniQure N.V. Ordinary Shares,$23.06,0.26,1.140%,1599,Netherlands,2014,2824983,Health Care,Biotechnology: Pharmaceutical Preparations
STOK,Stoke Therapeutics Inc. Common Stock,$24.37,-0.95,-3.752%,1572,United States,2019,1167483,Health Care,Biotechnology: Pharmaceutical Preparations
ETON,Eton Pharmaceuticals Inc. Common Stock,$54.77,-0.85,-1.528%,1565,United States,2018,492403,Health Care,Biotechnology: Pharmaceutical Preparations
SNDX,Syndax Pharmaceuticals Inc. Common Stock,$17.37,-0.46,-2.580%,1551,United States,2016,1135287,Health Care,Biotechnology: Pharmaceutical Preparations
IMCR,Immunocore Holdings plc American Depositary Shares,$29.55,-0.04,-0.135%,1521,United Kingdom,2021,662613,Health Care,Biotechnology: Biological Products (No Diagnostic Substances)
INVA,Innoviva Inc. Common Stock,$20.83,0.19,0.921%,1504,United States,2004,679649,Health Care,Biotechnology: Pharmaceutical Preparations
AAPG,Ascentage Pharma Group International American Depository Shares,$16.09,1.485,10.168%,1501,China,2025,14558,Health Care,Biotechnology: Pharmaceutical Preparations
RAPP,Rapport Therapeutics Inc. Common Stock,$31.15,-1.04,-3.231%,1494,United States,2024,235785,Health Care,Biotechnology: Pharmaceutical Preparations
PAHC,Phibro Animal Health Corporation Class A Common Stock,$36.61,-0.58,-1.560%,1486,United States,2014,133251,Health Care,Biotechnology: Pharmaceutical Preparations
GHRS,GH Research PLC Ordinary Shares,$21.52,-0.65,-2.932%,1475,Ireland,2021,495458,Health Care,Biotechnology: Pharmaceutical Preparations
MAZE,Maze Therapeutics Inc. Common Stock,$26.43,0,0.000%,1468,United States,2025,682873,Health Care,Biotechnology: Biological Products (No Diagnostic Substances)
KRSA,Korsana Biosciences Inc. Common Stock,$31.77,1.05,3.418%,1446,United States,,42635,Health Care,Biotechnology: Pharmaceutical Preparations
TSHA,Taysha Gene Therapies Inc. Common Stock,$4.39,-0.1,-2.227%,1430,United States,2020,4835631,Health Care,Biotechnology: Biological Products (No Diagnostic Substances)
RARE,Ultragenyx Pharmaceutical Inc. Common Stock,$14.46,-0.04,-0.276%,1425,United States,2014,3892121,Health Care,Biotechnology: Pharmaceutical Preparations
ANAB,AnaptysBio Inc. Common Stock,$47.89,-1.31,-2.663%,1417,United States,2017,627117,Health Care,Biotechnology: Pharmaceutical Preparations
KLRA,Kailera Therapeutics Inc. Common Stock,$10.83,-0.01,-0.092%,1404,United States,2026,1452125,Health Care,Biotechnology: Pharmaceutical Preparations
TYRA,Tyra Biosciences Inc. Common Stock,$20.24,-0.69,-3.297%,1391,United States,2021,763414,Health Care,Biotechnology: Pharmaceutical Preparations
INBX,Inhibrx Biosciences Inc. Common Stock,$93.41,-1.15,-1.216%,1374,United States,,169476,Health Care,Biotechnology: Biological Products (No Diagnostic Substances)
NKTR,Nektar Therapeutics  Common Stock,$39.91,-2.31,-5.471%,1362,United States,,1957352,Health Care,Biotechnology: Pharmaceutical Preparations
OMER,Omeros Corporation Common Stock,$18.51,-0.39,-2.063%,1339,United States,2009,1035014,Health Care,Biotechnology: Pharmaceutical Preparations
COAG,Hemab Therapeutics Holdings Inc. Common Stock,$28.37,-2.22,-7.257%,1325,United States,2026,436848,Health Care,Biotechnology: Biological Products (No Diagnostic Substances)
NAMSW,NewAmsterdam Pharma Company N.V. Warrant,$11.00,-1,-8.333%,1314,Netherlands,,1547,Health Care,Biotechnology: Pharmaceutical Preparations
NBTX,Nanobiotix S.A. American Depositary Shares,$25.23,0.13,0.518%,1281,France,2020,156315,Health Care,Biotechnology: Pharmaceutical Preparations
KARD,Kardigan Inc. Common Stock,$13.49,-1.75,-11.483%,1261,United States,2026,1560925,Health Care,Biotechnology: Pharmaceutical Preparations
REPL,Replimune Group Inc. Common Stock,$13.25,0.1,0.760%,1248,United States,2018,2618070,Health Care,Biotechnology: Biological Products (No Diagnostic Substances)
ORIC,Oric Pharmaceuticals Inc. Common Stock,$11.98,-0.51,-4.083%,1241,United States,2020,2091951,Health Care,Biotechnology: Pharmaceutical Preparations
DMRA,Damora Therapeutics Inc. Ordinary Shares,$19.55,-0.67,-3.314%,1206,Denmark,2020,1171668,Health Care,Biotechnology: Pharmaceutical Preparations
MNKD,MannKind Corporation Common Stock,$3.71,-0.11,-2.880%,1192,United States,2004,3070767,Health Care,Biotechnology: Pharmaceutical Preparations
HROW,Harrow Inc. Common Stock,$30.35,-0.23,-0.752%,1137,United States,,421995,Health Care,Biotechnology: Pharmaceutical Preparations
AVLN,Avalyn Pharma Inc. Common Stock,$25.43,-1.6,-5.919%,1127,United States,2026,260623,Health Care,Biotechnology: Pharmaceutical Preparations
IMTX,Immatics N.V. Ordinary Shares,$7.50,-0.23,-2.975%,1122,Germany,,974442,Health Care,Biotechnology: Biological Products (No Diagnostic Substances)
TRAX,First Tracks Biotherapeutics Inc. Ordinary Shares ,$31.39,-1.6,-4.850%,1121,United States,,614121,Health Care,Biotechnology: Pharmaceutical Preparations
LBRX,LB Pharmaceuticals Inc Common Stock,$34.26,-0.36,-1.040%,1105,United States,2025,432778,Health Care,Biotechnology: Pharmaceutical Preparations
AMPH,Amphastar Pharmaceuticals Inc. Common Stock,$25.91,0.54,2.128%,1102,United States,2014,469199,Health Care,Biotechnology: Pharmaceutical Preparations
BCAX,Bicara Therapeutics Inc. Common Stock,$16.56,-0.73,-4.222%,1095,United States,2024,981209,Health Care,Biotechnology: Pharmaceutical Preparations
OPK,OPKO Health Inc. Common Stock,$1.46,-0.11,-7.006%,1089,United States,,2455447,Health Care,Biotechnology: Pharmaceutical Preparations
VOR,Vor Biopharma Inc. Common Stock,$18.31,-0.27,-1.453%,1083,United States,2021,472861,Health Care,Biotechnology: Biological Products (No Diagnostic Substances)
LTGO,Latigo Biotherapeutics Inc. Common Stock,$16.26,-0.37,-2.225%,1078,United States,2026,545023,Health Care,Biotechnology: Pharmaceutical Preparations
CGEM,Cullinan Therapeutics Inc. Common Stock,$16.25,0.21,1.309%,1045,United States,2021,2017289,Health Care,Biotechnology: Biological Products (No Diagnostic Substances)
JANX,Janux Therapeutics Inc. Common Stock,$16.79,0.25,1.511%,1026,United States,2021,809861,Health Care,Biotechnology: Pharmaceutical Preparations
MGTX,MeiraGTx Holdings plc Ordinary Shares,$10.60,-0.32,-2.930%,1018,United States,2018,944507,Health Care,Biotechnology: Biological Products (No Diagnostic Substances)
AKTS,Aktis Oncology Inc. Common stock,$17.86,-0.66,-3.564%,993,United States,2026,294778,Health Care,Biotechnology: Pharmaceutical Preparations
PCRX,Pacira BioSciences Inc. Common Stock,$24.76,-0.29,-1.158%,986,United States,2011,493130,Health Care,Biotechnology: Pharmaceutical Preparations
SVRA,Savara Inc. Common Stock,$4.65,-0.13,-2.720%,955,United States,,2291176,Health Care,Biotechnology: Pharmaceutical Preparations
KURA,Kura Oncology Inc. Common Stock,$10.53,-0.09,-0.847%,936,United States,,1309742,Health Care,Biotechnology: Pharmaceutical Preparations
MLTX,MoonLake Immunotherapeutics Class A Ordinary Shares,$10.95,-0.43,-3.779%,931,United States,2020,3052511,Health Care,Biotechnology: Pharmaceutical Preparations
ANL,Adlai Nortye Group Ltd. American Depositary Shares,$14.46,-0.58,-3.856%,931,Cayman Islands,2023,99778,Health Care,Biotechnology: Pharmaceutical Preparations
SPTX,Seaport Therapeutics Inc. Common Stock,$17.37,-1.13,-6.108%,929,United States,2026,243011,Health Care,Biotechnology: Pharmaceutical Preparations
ANRO,Alto Neuroscience Inc. Common Stock,$23.69,-0.32,-1.333%,929,United States,2024,576616,Health Care,Biotechnology: Pharmaceutical Preparations
CYRX,CryoPort Inc. Common Stock,$17.80,-0.34,-1.874%,901,United States,,1170020,Health Care,Biotechnology: Pharmaceutical Preparations
ALMS,Alumis Inc. Common Stock,$6.93,0.09,1.316%,896,United States,2024,1745591,Health Care,Biotechnology: Pharmaceutical Preparations
CRVS,Corvus Pharmaceuticals Inc. Common Stock,$10.56,-0.18,-1.676%,888,United States,2016,1441219,Health Care,Biotechnology: Pharmaceutical Preparations
ABUS,Arbutus Biopharma Corporation Common Stock,$4.48,-0.19,-4.069%,886,Canada,,8259996,Health Care,Biotechnology: Pharmaceutical Preparations
ODTX,Odyssey Therapeutics Inc. Common Stock,$18.13,-2.71,-13.004%,871,United States,2026,340883,Health Care,Biotechnology: Biological Products (No Diagnostic Substances)
QDEL,QuidelOrtho Corporation Common Stock,$12.57,0.43,3.542%,861,United States,,3218775,Health Care,Biotechnology: In Vitro & In Vivo Diagnostic Substances
RIGL,Rigel Pharmaceuticals Inc. Common Stock,$46.11,-1.68,-3.515%,861,United States,2000,202619,Health Care,Biotechnology: Pharmaceutical Preparations
JBIO,Jade Biosciences Inc. Common Stock,$13.41,-0.66,-4.691%,852,United States,2021,493882,Health Care,Biotechnology: Pharmaceutical Preparations
SLBT,SL Science Holding Limited Ordinary Shares,$1.52,-0.07,-4.403%,852,Taiwan,,52262,Health Care,Biotechnology: Biological Products (No Diagnostic Substances)
GLUE,Monte Rosa Therapeutics Inc. Common Stock,$9.87,-0.4,-3.895%,842,United States,2021,1052903,Health Care,Biotechnology: Biological Products (No Diagnostic Substances)
ARDX,Ardelyx Inc. Common Stock,$3.31,-0.08,-2.360%,824,United States,2014,5818849,Health Care,Biotechnology: Pharmaceutical Preparations
SANA,Sana Biotechnology Inc. Common Stock,$2.75,-0.13,-4.514%,823,United States,2021,3759436,Health Care,Biotechnology: Biological Products (No Diagnostic Substances)
IVA,Inventiva S.A. American Depository Shares,$3.46,-0.02,-0.575%,817,France,2020,2200410,Health Care,Biotechnology: Pharmaceutical Preparations
OBX,Obsidian Therapeutics Inc. Common Stock,$13.22,-0.62,-4.480%,816,United States,,288802,Health Care,Biotechnology: Pharmaceutical Preparations
IMMX,Immix Biopharma Inc. Common Stock,$9.64,-0.49,-4.837%,799,United States,2021,1215150,Health Care,Biotechnology: Pharmaceutical Preparations
ATTO,Attovia Therapeutics Inc. Common Stock,$17.50,-0.495,-2.751%,798,United States,2026,521664,Health Care,Biotechnology: Biological Products (No Diagnostic Substances)
DNA,Ginkgo Bioworks Holdings Inc. Class A Common Stock,$12.41,-2.57,-17.156%,798,United States,2021,13137940,Health Care,Biotechnology: Biological Products (No Diagnostic Substances)
GYRE,Gyre Therapeutics Inc. Common Stock,$7.08,-0.27,-3.673%,789,United States,2006,133975,Health Care,Biotechnology: Pharmaceutical Preparations
HELP,Helus Pharma Inc. Common Stock,$10.76,-0.66,-5.779%,786,Canada,,1479154,Health Care,Biotechnology: Pharmaceutical Preparations
LXRX,Lexicon Pharmaceuticals Inc. Common Stock,$1.75,0.01,0.575%,778,United States,,1640498,Health Care,Biotechnology: Pharmaceutical Preparations
GERN,Geron Corporation Common Stock,$1.21,0,0.000%,777,United States,1996,5718167,Health Care,Biotechnology: Pharmaceutical Preparations
APMD,Apnimed Inc. Common Stock,$18.65,-3.1,-14.253%,776,United States,2026,581334,Health Care,Biotechnology: Pharmaceutical Preparations
ANNX,Annexon Inc. Common Stock,$4.03,-0.17,-4.048%,764,United States,2020,2701320,Health Care,Biotechnology: Pharmaceutical Preparations
CADL,Candel Therapeutics Inc. Common Stock,$9.87,-0.36,-3.519%,755,United States,2021,977797,Health Care,Biotechnology: Biological Products (No Diagnostic Substances)
DSGN,Design Therapeutics Inc. Common Stock,$11.97,-0.45,-3.623%,749,United States,2021,642542,Health Care,Biotechnology: Pharmaceutical Preparations
AVBP,ArriVent BioPharma Inc. Common Stock,$15.09,-13.37,-46.978%,744,United States,2024,19752241,Health Care,Biotechnology: Pharmaceutical Preparations
SLDB,Solid Biosciences Inc. Common Stock,$6.92,-0.14,-1.983%,741,United States,2018,1188708,Health Care,Biotechnology: Biological Products (No Diagnostic Substances)
AVTX,Avalo Therapeutics Inc. Common Stock,$13.59,-1.01,-6.918%,728,United States,2015,955600,Health Care,Biotechnology: Pharmaceutical Preparations
ACHV,Achieve Life Sciences Inc. Common Shares,$7.03,0.02,0.285%,723,United States,,1056490,Health Care,Biotechnology: In Vitro & In Vivo Diagnostic Substances
COLL,Collegium Pharmaceutical Inc. Common Stock,$21.88,0.01,0.046%,712,United States,2015,634079,Health Care,Biotechnology: Pharmaceutical Preparations
NNNN,Anbio Biotechnology Class A Ordinary Shares,$4.90,0.07,1.449%,705,Germany,2025,52861,Health Care,Biotechnology: In Vitro & In Vivo Diagnostic Substances
VSTM,Verastem Inc. Common Stock,$7.75,-0.25,-3.125%,701,United States,2012,2513914,Health Care,Biotechnology: Pharmaceutical Preparations
FTH,Faeth Therapeutics Inc. Common Stock,$26.89,-0.21,-0.775%,694,United States,2021,289165,Health Care,Biotechnology: Pharmaceutical Preparations
FDMT,4D Molecular Therapeutics Inc. Common Stock,$12.56,-0.36,-2.786%,693,United States,2020,1170894,Health Care,Biotechnology: Biological Products (No Diagnostic Substances)
WVE,Wave Life Sciences Inc. Common Stock,$3.52,-0.23,-6.133%,693,Singapore,2015,3450746,Health Care,Biotechnology: Pharmaceutical Preparations
OLMA,Olema Pharmaceuticals Inc. Common Stock,$7.92,-0.33,-4.000%,692,United States,2020,1038962,Health Care,Biotechnology: Pharmaceutical Preparations
PHAR,Pharming Group N.V. ADS each representing 10 ordinary shares,$9.68,-0.12,-1.224%,683,Netherlands,,6736,Health Care,Biotechnology: Pharmaceutical Preparations
NVCT,Nuvectis Pharma Inc. Common Stock,$20.03,-1.36,-6.358%,653,United States,2022,188099,Health Care,Biotechnology: Pharmaceutical Preparations
AURA,Aura Biosciences Inc. Common Stock,$6.17,-0.05,-0.804%,639,United States,2021,607543,Health Care,Biotechnology: Biological Products (No Diagnostic Substances)
ZVRA,Zevra Therapeutics Inc. Common Stock,$10.73,0.03,0.280%,637,United States,,614613,Health Care,Biotechnology: Pharmaceutical Preparations
PRME,Prime Medicine Inc. Common Stock,$3.50,0.29,9.034%,634,United States,2022,12022554,Health Care,Biotechnology: Biological Products (No Diagnostic Substances)
MPLT,MapLight Therapeutics Inc. Common Stock,$9.69,0.415,4.474%,627,United States,2025,495611,Health Care,Biotechnology: Pharmaceutical Preparations
FBIOP,Fortress Biotech Inc. 9.375% Series A Cumulative Redeemable Perpetual Preferred Stock,$18.58,0.48,2.652%,619,United States,,4888,Health Care,Biotechnology: Pharmaceutical Preparations
SGMT,Sagimet Biosciences Inc. Series A Common Stock,$8.76,-0.27,-2.990%,617,United States,2023,896388,Health Care,Biotechnology: Pharmaceutical Preparations
ETRA,Electra Therapeutics Inc. Common stock,$9.82,0.08,0.821%,616,United States,2026,276164,Health Care,Biotechnology: Biological Products (No Diagnostic Substances)
CLYM,Climb Bio Inc. Common Stock,$10.68,-0.37,-3.348%,613,United States,2021,954545,Health Care,Biotechnology: Pharmaceutical Preparations
SLN,Silence Therapeutics Plc American Depository Share,$9.83,-0.31,-3.057%,610,United Kingdom,,1583365,Health Care,Biotechnology: Pharmaceutical Preparations
IRWD,Ironwood Pharmaceuticals Inc. Class A Common Stock,$3.63,-0.02,-0.548%,599,United States,2010,1870073,Health Care,Biotechnology: Pharmaceutical Preparations
DBVT,DBV Technologies S.A. American Depositary Shares,$9.98,-0.46,-4.406%,590,France,2014,558009,Health Care,Biotechnology: Biological Products (No Diagnostic Substances)
STTK,Shattuck Labs Inc. Common Stock,$5.86,-0.64,-9.846%,588,United States,2020,1595365,Health Care,Biotechnology: Pharmaceutical Preparations
EVO,Evotec SE American Depositary Shares,$1.63,-0.03,-1.807%,579,Germany,2021,195013,Health Care,Biotechnology: Pharmaceutical Preparations
AQST,Aquestive Therapeutics Inc. Common Stock,$4.61,0.04,0.875%,578,United States,2018,1208691,Health Care,Biotechnology: Pharmaceutical Preparations
CRMD,CorMedix Inc. Common Stock,$7.28,0.02,0.275%,567,United States,,744268,Health Care,Biotechnology: Pharmaceutical Preparations
CTMX,CytomX Therapeutics Inc. Common Stock,$2.56,-0.02,-0.775%,557,United States,2015,1955997,Health Care,Biotechnology: Pharmaceutical Preparations
VALN,Valneva SE American Depositary Shares,$5.86,0.045,0.774%,556,France,2021,19063,Health Care,Biotechnology: Biological Products (No Diagnostic Substances)
BLSM,BlossomHill Therapeutics Inc. Common Stock,$17.29,-2.65,-13.290%,549,United States,2026,247386,Health Care,Biotechnology: Pharmaceutical Preparations
PHAT,Phathom Pharmaceuticals Inc. Common Stock,$6.78,0.08,1.194%,548,United States,2019,2087976,Health Care,Biotechnology: Pharmaceutical Preparations
ACRS,Aclaris Therapeutics Inc. Common Stock,$3.70,-0.57,-13.349%,544,United States,2015,3531085,Health Care,Biotechnology: Pharmaceutical Preparations
OCS,Oculis Holding AG Ordinary shares,$8.72,0.16,1.869%,537,Switzerland,,291671,Health Care,Biotechnology: Pharmaceutical Preparations
MNPR,Monopar Therapeutics Inc. Common Stock,$79.57,1.28,1.635%,534,United States,2019,302191,Health Care,Biotechnology: Pharmaceutical Preparations
ALT,Altimmune Inc. Common Stock,$2.67,0,0.000%,519,United States,,7627439,Health Care,Biotechnology: Pharmaceutical Preparations
NGNE,Neurogene Inc. Common Stock ,$25.45,-1.02,-3.853%,509,Canada,2014,121664,Health Care,Biotechnology: Pharmaceutical Preparations
ALLO,Allogene Therapeutics Inc. Common Stock,$1.46,-0.04,-2.667%,504,United States,2018,4659752,Health Care,Biotechnology: Biological Products (No Diagnostic Substances)
CBIO,Crescent Biopharma Inc. Common Stock,$13.57,-0.37,-2.654%,504,United States,2014,492378,Health Care,Biotechnology: Pharmaceutical Preparations
RGNX,REGENXBIO Inc. Common Stock,$7.45,-0.31,-3.995%,491,United States,2015,1164477,Health Care,Biotechnology: Biological Products (No Diagnostic Substances)
PBYI,Puma Biotechnology Inc Common Stock,$9.50,-0.17,-1.758%,490,United States,,322688,Health Care,Biotechnology: Pharmaceutical Preparations
EOLS,Evolus Inc. Common Stock,$7.38,-0.09,-1.205%,487,United States,2018,663891,Health Care,Biotechnology: Pharmaceutical Preparations
PROK,ProKidney Corp. Class A Ordinary Shares,$1.60,0.02,1.266%,483,United States,2021,771325,Health Care,Biotechnology: Biological Products (No Diagnostic Substances)
ARVN,Arvinas Inc. Common Stock,$7.31,-0.15,-2.011%,477,United States,2018,585867,Health Care,Biotechnology: Pharmaceutical Preparations
AUTL,Autolus Therapeutics plc American Depositary Share,$1.79,-0.04,-2.186%,476,United Kingdom,2018,1682587,Health Care,Biotechnology: Biological Products (No Diagnostic Substances)
CTNM,Contineum Therapeutics Inc. Class A Common Stock,$12.65,-0.07,-0.550%,475,United States,2024,761935,Health Care,Biotechnology: Pharmaceutical Preparations
DRUG,Bright Minds Biosciences Inc. Common Stock,$48.25,-1.54,-3.093%,473,Canada,,107695,Health Care,Biotechnology: Pharmaceutical Preparations
TKNO,Alpha Teknova Inc. Common Stock,$8.75,-0.25,-2.778%,469,United States,2021,376980,Health Care,Biotechnology: In Vitro & In Vivo Diagnostic Substances
KMDA,Kamada Ltd. Ordinary Shares,$8.11,0.11,1.375%,468,Israel,2013,147215,Health Care,Biotechnology: Pharmaceutical Preparations
OVID,Ovid Therapeutics Inc. Common Stock,$2.37,0.03,1.282%,462,United States,2017,1735024,Health Care,Biotechnology: Pharmaceutical Preparations
ASMB,Assembly Biosciences Inc. Common Stock,$22.18,-0.56,-2.463%,451,United States,2010,349457,Health Care,Biotechnology: Pharmaceutical Preparations
CAPR,Capricor Therapeutics Inc. Common Stock,$7.75,-0.03,-0.386%,450,United States,,3132871,Health Care,Biotechnology: Pharmaceutical Preparations
ENTX,Entera Bio Ltd. Ordinary Shares,$2.53,-0.09,-3.435%,440,Israel,2018,621174,Health Care,Biotechnology: Biological Products (No Diagnostic Substances)
DMAC,DiaMedica Therapeutics Inc. Common Stock,$8.13,-0.29,-3.444%,438,United States,2018,242325,Health Care,Biotechnology: Pharmaceutical Preparations
TECX,Tectonic Therapeutic Inc. Common Stock,$22.41,-0.7,-3.029%,438,United States,2018,200961,Health Care,Biotechnology: Biological Products (No Diagnostic Substances)
AGMB,AgomAb Therapeutics NV American Depositary Shares,$8.84,0.15,1.726%,435,Belgium,2026,103935,Health Care,Biotechnology: Biological Products (No Diagnostic Substances)
SPRY,ARS Pharmaceuticals Inc. Common Stock,$4.29,0.005,0.117%,427,United States,2020,1219195,Health Care,Biotechnology: Pharmaceutical Preparations
EDIT,Editas Medicine Inc. Common Stock,$2.73,-0.06,-2.151%,419,United States,2016,2968691,Health Care,Biotechnology: Biological Products (No Diagnostic Substances)
RZLT,Rezolute Inc. Common Stock (NV),$4.32,-0.01,-0.231%,417,United States,,2191809,Health Care,Biotechnology: Pharmaceutical Preparations
PRTA,Prothena Corporation plc Ordinary Shares,$8.02,-0.25,-3.023%,411,United States,,510671,Health Care,Biotechnology: Pharmaceutical Preparations
MYGN,Myriad Genetics Inc. Common Stock,$4.28,-0.3,-6.550%,409,United States,1995,1801623,Health Care,Biotechnology: In Vitro & In Vivo Diagnostic Substances
EIKN,Eikon Therapeutics Inc. Common Stock,$7.51,-0.03,-0.398%,406,United States,2026,611029,Health Care,Biotechnology: Biological Products (No Diagnostic Substances)
AVIR,Atea Pharmaceuticals Inc. Common Stock,$5.07,-0.06,-1.170%,406,United States,2020,229378,Health Care,Biotechnology: Pharmaceutical Preparations
KYTX,Kyverna Therapeutics Inc. Common Stock,$6.16,-0.16,-2.532%,380,United States,2024,739543,Health Care,Biotechnology: Biological Products (No Diagnostic Substances)
GALT,Galectin Therapeutics Inc. Common Stock,$3.76,0.03,0.804%,379,United States,,277943,Health Care,Biotechnology: Pharmaceutical Preparations
ZURA,Zura Bio Limited Class A Ordinary Shares,$3.96,0.03,0.763%,379,Cayman Islands,,1427450,Health Care,Biotechnology: Biological Products (No Diagnostic Substances)
ARCT,Arcturus Therapeutics Holdings Inc. Common Stock,$13.00,-1.66,-11.323%,369,Israel,2013,885149,Health Care,Biotechnology: Pharmaceutical Preparations
IRD,Opus Genetics Inc. Common Stock,$4.38,0,0.000%,364,United States,,2536808,Health Care,Biotechnology: Pharmaceutical Preparations
FENC,Fennec Pharmaceuticals Inc. Common Stock,$10.35,-0.27,-2.542%,362,United States,,99094,Health Care,Biotechnology: Biological Products (No Diagnostic Substances)
EBS,Emergent BioSolutions Inc. Common Stock,$6.95,-0.29,-4.006%,356,United States,2006,1858957,Health Care,Biotechnology: Pharmaceutical Preparations
ARTV,Artiva Biotherapeutics Inc. Common Stock,$7.27,0.14,1.964%,355,United States,2024,665428,Health Care,Biotechnology: Biological Products (No Diagnostic Substances)
ENTA,Enanta Pharmaceuticals Inc. Common Stock,$12.17,-0.43,-3.413%,354,United States,2013,271709,Health Care,Biotechnology: Pharmaceutical Preparations
CCCC,C4 Therapeutics Inc. Common Stock,$2.88,-0.11,-3.679%,354,United States,2020,2114472,Health Care,Biotechnology: Biological Products (No Diagnostic Substances)
OCGN,Ocugen Inc. Common Stock,$1.04,0,0.000%,352,United States,2014,5293929,Health Care,Biotechnology: Biological Products (No Diagnostic Substances)
CYPH,Cypherpunk Technologies Inc. Common Stock,$3.26,0.09,2.839%,351,United States,,13082718,Health Care,Biotechnology: Pharmaceutical Preparations
RLMD,Relmada Therapeutics Inc. Common Stock,$3.28,-0.2,-5.747%,349,United States,,1735702,Health Care,Biotechnology: Pharmaceutical Preparations
TTRX,Turn Therapeutics Inc. Common Stock,$11.64,-0.72,-5.825%,346,United States,,74860,Health Care,Biotechnology: Pharmaceutical Preparations
INDP,Indaptus Therapeutics Inc. Common Stock,$2.59,0.08,3.187%,345,United States,,279314,Health Care,Biotechnology: Pharmaceutical Preparations
CABA,Cabaletta Bio Inc. Common Stock,$2.02,-0.06,-2.885%,342,United States,2019,4134850,Health Care,Biotechnology: Biological Products (No Diagnostic Substances)
AGEN,Agenus Inc. Common Stock,$7.49,-1.24,-14.204%,338,United States,2000,1527561,Health Care,Biotechnology: Biological Products (No Diagnostic Substances)
BNTC,Benitec Biopharma Inc. Common Stock,$9.00,-0.23,-2.492%,313,United States,2015,217163,Health Care,Biotechnology: Pharmaceutical Preparations
SRZN,Surrozen Inc. Common Stock,$26.37,-2.76,-9.475%,309,United States,,603857,Health Care,Biotechnology: Biological Products (No Diagnostic Substances)
SCTX,Scribe Therapeutics Inc. Common Stock,$16.33,0.12,0.740%,309,United States,2026,464620,Health Care,Biotechnology: Biological Products (No Diagnostic Substances)
PRLD,Prelude Therapeutics Incorporated Common Stock,$3.81,0.04,1.061%,304,United States,2020,383747,Health Care,Biotechnology: Pharmaceutical Preparations
LRMR,Larimar Therapeutics Inc. Common Stock,$2.78,-0.08,-2.797%,288,United States,2014,829245,Health Care,Biotechnology: Pharmaceutical Preparations
BIOA,BioAge Labs Inc. Common Stock,$6.29,-0.07,-1.101%,288,United States,2024,3251804,Health Care,Biotechnology: Pharmaceutical Preparations
ABEO,Abeona Therapeutics Inc. Common Stock,$5.01,-0.1,-1.957%,286,United States,,1428114,Health Care,Biotechnology: Pharmaceutical Preparations
FULC,Fulcrum Therapeutics Inc. Common Stock,$3.69,-0.02,-0.539%,281,United States,2019,757039,Health Care,Biotechnology: Pharmaceutical Preparations
BBOT,BridgeBio Oncology Therapeutics Inc. Common Stock  ,$3.50,-0.1,-2.778%,280,United States,2024,660120,Health Care,Biotechnology: Pharmaceutical Preparations
IKT,Inhibikase Therapeutics Inc. Common Stock,$1.98,-0.02,-1.000%,276,United States,2020,583842,Health Care,Biotechnology: Biological Products (No Diagnostic Substances)
XFOR,X4 Pharmaceuticals Inc. Common Stock,$2.77,-0.13,-4.483%,274,United States,2017,642484,Health Care,Biotechnology: Biological Products (No Diagnostic Substances)
FATE,Fate Therapeutics Inc. Common Stock,$2.29,-0.14,-5.761%,274,United States,2013,1135811,Health Care,Biotechnology: Biological Products (No Diagnostic Substances)
VNDA,Vanda Pharmaceuticals Inc. Common Stock,$4.52,-0.06,-1.310%,273,United States,2006,1801148,Health Care,Biotechnology: Pharmaceutical Preparations
RCKT,Rocket Pharmaceuticals Inc. Common Stock,$2.48,-0.13,-4.981%,272,United States,2015,1790575,Health Care,Biotechnology: Pharmaceutical Preparations
LXEO,Lexeo Therapeutics Inc. Common Stock,$3.30,-0.11,-3.226%,270,United States,2023,1538810,Health Care,Biotechnology: Biological Products (No Diagnostic Substances)
CATX,Perspective Therapeutics Inc. Common Stock,$2.36,-0.21,-8.171%,269,United States,,2702882,Health Care,Biotechnology: Pharmaceutical Preparations
SABS,SAB Biotherapeutics Inc. Common Stock,$2.93,-0.17,-5.484%,266,United States,2021,663661,Health Care,Biotechnology: Biological Products (No Diagnostic Substances)
BCYC,Bicycle Therapeutics plc American Depositary Shares,$3.79,-0.22,-5.486%,265,United Kingdom,2019,620694,Health Care,Biotechnology: Pharmaceutical Preparations
PALI,Palisade Bio Inc. Common Stock,$1.49,0.03,2.055%,259,United States,,1972754,Health Care,Biotechnology: Biological Products (No Diagnostic Substances)
ACIU,AC Immune SA Common Stock,$2.52,-0.19,-7.011%,256,Switzerland,2016,277849,Health Care,Biotechnology: Pharmaceutical Preparations
AMRN,Amarin Corporation plc,$12.07,-0.02,-0.165%,254,Ireland,,75432,Health Care,Biotechnology: Pharmaceutical Preparations
ZNTL,Zentalis Pharmaceuticals Inc. Common Stock,$2.67,-0.11,-3.957%,252,United States,2020,827911,Health Care,Biotechnology: Pharmaceutical Preparations
UPB,Upstream Bio Inc. Common Stock,$4.59,-0.26,-5.361%,251,United States,2024,1062320,Health Care,Biotechnology: Pharmaceutical Preparations
CAMP,CAMP4 Therapeutics Corporation Common Stock,$3.96,-0.05,-1.247%,248,United States,2024,1231134,Health Care,Biotechnology: Pharmaceutical Preparations
IMRX,Immuneering Corporation Class A Common Stock,$3.83,-0.21,-5.198%,247,United States,2021,898512,Health Care,Biotechnology: Pharmaceutical Preparations
SLGL,Sol-Gel Technologies Ltd. Ordinary Shares,$75.64,-3.31,-4.193%,247,Israel,2018,43987,Health Care,Biotechnology: Pharmaceutical Preparations
LFCR,Lifecore Biomedical Inc. Common Stock,$6.45,-0.07,-1.074%,244,United States,,1232132,Health Care,Biotechnology: Pharmaceutical Preparations
VOGX,Vogenx Inc Common Stock,$16.39,-0.76,-4.431%,243,United States,2026,27089,Health Care,Biotechnology: Pharmaceutical Preparations
AKBA,Akebia Therapeutics Inc. Common Stock,$0.88,-0.032,-3.515%,243,United States,2014,6178634,Health Care,Biotechnology: Pharmaceutical Preparations
QTTB,Q32 Bio Inc. Common Stock,$8.11,-0.26,-3.106%,241,United States,2018,678861,Health Care,Biotechnology: Pharmaceutical Preparations
PYXS,Pyxis Oncology Inc. Common Stock,$2.02,-0.22,-9.821%,240,United States,2021,1405508,Health Care,Biotechnology: Pharmaceutical Preparations
EVMN,Evommune Inc. Common Stock,$6.61,-0.04,-0.602%,239,United States,2025,1007376,Health Care,Biotechnology: Pharmaceutical Preparations
STRO,Sutro Biopharma Inc. Common Stock,$14.45,-0.68,-4.494%,239,United States,2018,162875,Health Care,Biotechnology: Biological Products (No Diagnostic Substances)
IPSC,Century Therapeutics Inc. Common Stock,$1.32,-0.16,-10.811%,239,United States,2021,2715596,Health Care,Biotechnology: Biological Products (No Diagnostic Substances)
IVVD,Invivyd Inc. Common Stock,$0.81,-0.0328,-3.908%,237,United States,2021,5048804,Health Care,Biotechnology: Biological Products (No Diagnostic Substances)
LCTX,Lineage Cell Therapeutics Inc. Common Stock,$0.94,0.0105,1.132%,237,United States,,967628,Health Care,Biotechnology: Biological Products (No Diagnostic Substances)
SIGA,SIGA Technologies Inc. Common Stock,$3.29,-0.19,-5.460%,236,United States,,795059,Health Care,Biotechnology: Pharmaceutical Preparations
PRQR,ProQR Therapeutics N.V. Ordinary Shares,$1.65,-0.02,-1.198%,232,Netherlands,2014,504654,Health Care,Biotechnology: Pharmaceutical Preparations
IFRX,InflaRx N.V. Common Stock,$1.58,-0.1,-5.952%,232,Germany,2017,720679,Health Care,Biotechnology: Pharmaceutical Preparations
MGNX,MacroGenics Inc. Common Stock,$3.64,-0.13,-3.448%,231,United States,2013,633306,Health Care,Biotechnology: Pharmaceutical Preparations
GLSI,Greenwich LifeSciences Inc. Common Stock,$15.79,-1.12,-6.623%,231,United States,2020,113671,Health Care,Biotechnology: Pharmaceutical Preparations
NATR,Nature's Sunshine Products Inc. Common Stock,$12.54,0.14,1.129%,220,United States,,104456,Health Care,Biotechnology: Pharmaceutical Preparations
PLX,Protalix BioTherapeutics Inc. (DE) Common Stock,$2.73,0.02,0.738%,219,Israel,,934746,Health Care,Biotechnology: Biological Products (No Diagnostic Substances)
KROS,Keros Therapeutics Inc. Common Stock,$11.01,-0.51,-4.427%,218,United States,2020,185326,Health Care,Biotechnology: Pharmaceutical Preparations
SION,Sionna Therapeutics Inc. Common Stock,$4.75,-0.1,-2.062%,214,United States,2025,1261159,Health Care,Biotechnology: Pharmaceutical Preparations
TRDA,Entrada Therapeutics Inc. Common Stock,$5.42,-0.06,-1.095%,211,United States,2021,315924,Health Care,Biotechnology: Pharmaceutical Preparations
LYEL,Lyell Immunopharma Inc. Common Stock,$8.61,-0.46,-5.072%,210,United States,2021,125047,Health Care,Biotechnology: Pharmaceutical Preparations
CGEN,Compugen Ltd. Ordinary Shares,$2.22,-0.09,-3.896%,209,Israel,2000,265386,Health Care,Biotechnology: Biological Products (No Diagnostic Substances)
WHWK,Whitehawk Therapeutics Inc. Common Stock,$3.61,-0.09,-2.432%,205,United States,,468166,Health Care,Biotechnology: Pharmaceutical Preparations
RNAC,Cartesian Therapeutics Inc. Common Stock,$6.75,-0.39,-5.462%,204,United States,2016,171224,Health Care,Biotechnology: Pharmaceutical Preparations
ALEC,Alector Inc. Common Stock,$1.81,-0.18,-9.045%,202,United States,2019,10177434,Health Care,Biotechnology: Biological Products (No Diagnostic Substances)
ELDN,Eledon Pharmaceuticals Inc. Common Stock,$2.45,-0.05,-2.000%,199,United States,2014,830361,Health Care,Biotechnology: Pharmaceutical Preparations
ADAG,Adagene Inc. American Depositary Shares,$2.93,0.13,4.643%,193,China,2021,213520,Health Care,Biotechnology: Pharmaceutical Preparations
ANTX,AN2 Therapeutics Inc. Common Stock,$5.07,-0.54,-9.626%,191,United States,2022,318223,Health Care,Biotechnology: Pharmaceutical Preparations
CNTN,Canton Strategic Holdings Inc. Common Stock,$2.34,0.01,0.429%,186,United States,2022,531557,Health Care,Biotechnology: Pharmaceutical Preparations
NGEN,NervGen Pharma Corp. Common stock,$1.75,-0.06,-3.315%,186,Canada,,297815,Health Care,Biotechnology: Pharmaceutical Preparations
ORMP,Oramed Pharmaceuticals Inc. Common Stock,$4.38,-0.17,-3.736%,182,Israel,,96239,Health Care,Biotechnology: Pharmaceutical Preparations
CMPX,Compass Therapeutics Inc. Common Stock,$1.00,0.0375,3.904%,179,United States,,7286327,Health Care,Biotechnology: Biological Products (No Diagnostic Substances)
IPHA,Innate Pharma S.A. ADS,$1.59,0.01,0.633%,177,France,2019,133731,Health Care,Biotechnology: Biological Products (No Diagnostic Substances)
ALVOW,Alvotech Warrant,$0.45,-0.0015,-0.333%,175,Luxembourg,,1495,Health Care,Biotechnology: Biological Products (No Diagnostic Substances)
YARW,Yarrow Bioscience Inc. Common Stock,$18.73,-1.57,-7.734%,174,United States,2018,69173,Health Care,Biotechnology: Pharmaceutical Preparations
DERM,Journey Medical Corporation Common Stock,$6.16,-0.53,-7.922%,173,United States,2021,205131,Health Care,Biotechnology: Pharmaceutical Preparations
ORGO,Organogenesis Holdings Inc. Class A Common Stock,$1.34,0.05,3.876%,172,United States,2016,608737,Health Care,Biotechnology: Pharmaceutical Preparations
DTIL,Precision BioSciences Inc. Common Stock,$6.20,-0.11,-1.743%,171,United States,2019,190966,Health Care,Biotechnology: Biological Products (No Diagnostic Substances)
SDEV,Stablecoin Development Corporation Common Stock,$3.25,-0.69,-17.513%,168,United States,,64332618,Health Care,Biotechnology: Pharmaceutical Preparations
CUE,Cue Biopharma Inc. Common Stock,$23.14,-1.22,-5.008%,168,United States,2018,174889,Health Care,Biotechnology: Pharmaceutical Preparations
NKTX,Nkarta Inc. Common Stock,$2.31,-0.22,-8.696%,165,United States,2020,754802,Health Care,Biotechnology: Pharmaceutical Preparations
NERV,Minerva Neurosciences Inc Common Stock,$3.43,0.11,3.313%,163,United States,2014,105314,Health Care,Biotechnology: Pharmaceutical Preparations
ADCT,ADC Therapeutics SA Common Shares,$1.27,0.04,3.252%,162,Switzerland,2020,1352801,Health Care,Biotechnology: Pharmaceutical Preparations
NBP,NovaBridge Biosciences American Depositary Shares,$1.40,0.04,2.941%,161,China,2020,379869,Health Care,Biotechnology: Pharmaceutical Preparations
PEPG,PepGen Inc. Common Stock,$2.31,-0.05,-2.119%,159,United States,2022,590178,Health Care,Biotechnology: Pharmaceutical Preparations
MSLE,Satellos Bioscience Inc. Common Stock,$7.54,-0.51,-6.335%,159,Canada,,48084,Health Care,Biotechnology: Pharmaceutical Preparations
CHRS,Coherus Oncology Inc. Common Stock,$1.03,-0.09,-8.036%,159,United States,2014,2972880,Health Care,Biotechnology: Biological Products (No Diagnostic Substances)
CRDL,Cardiol Therapeutics Inc. Class A Common Shares,$1.31,-0.01,-0.758%,158,Canada,,4710492,Health Care,Biotechnology: Biological Products (No Diagnostic Substances)
MENS,Jyong Biotech Ltd. Ordinary Shares,$2.02,-0.03,-1.463%,153,Taiwan,2025,20191,Health Care,Biotechnology: Pharmaceutical Preparations
ALXO,ALX Oncology Holdings Inc. Common Stock,$1.11,-0.1,-8.264%,153,United States,2020,1014131,Health Care,Biotechnology: Pharmaceutical Preparations
VRXA,Veraxa Biotech AG Ordinary Shares,$1.08,-0.05,-4.425%,152,Switzerland,,395273,Health Care,Biotechnology: Pharmaceutical Preparations
VYGR,Voyager Therapeutics Inc. Common Stock,$2.46,0,0.000%,151,United States,2015,617769,Health Care,Biotechnology: Biological Products (No Diagnostic Substances)
TARA,Protara Therapeutics Inc.  Common Stock,$2.56,-0.075,-2.852%,150,United States,2014,803575,Health Care,Biotechnology: Biological Products (No Diagnostic Substances)
OCSAW,Oculis Holding AG Warrants,$2.45,-0.25,-9.259%,150,Switzerland,,1680,Health Care,Biotechnology: Pharmaceutical Preparations
AVXL,Anavex Life Sciences Corp. Common Stock,$1.60,-0.045,-2.736%,148,United States,,1435143,Health Care,Biotechnology: Biological Products (No Diagnostic Substances)
ABOS,Acumen Pharmaceuticals Inc. Common Stock,$2.03,-0.1,-4.695%,146,United States,2021,562879,Health Care,Biotechnology: Biological Products (No Diagnostic Substances)
KZIA,Kazia Therapeutics Limited American Depositary Shares,$9.26,-0.09,-0.963%,143,Australia,,129950,Health Care,Biotechnology: Pharmaceutical Preparations
KRRO,Korro Bio Inc. Common Stock,$9.76,-0.21,-2.106%,143,United States,2019,142632,Health Care,Biotechnology: Pharmaceutical Preparations
ARMP,Armata Pharmaceuticals Inc. Common Stock,$3.85,0.19,5.191%,143,United States,,114691,Health Care,Biotechnology: Biological Products (No Diagnostic Substances)
MOLN,Molecular Partners AG American Depositary Shares,$3.78,-0.14,-3.571%,141,Switzerland,2021,4845,Health Care,Biotechnology: Biological Products (No Diagnostic Substances)
TLSA,Tiziana Life Sciences Ltd. Common Shares,$1.11,0.04,3.738%,141,United Kingdom,2018,634205,Health Care,Biotechnology: Pharmaceutical Preparations
CLLS,Cellectis S.A. American Depositary Shares,$1.40,-0.01,-0.709%,140,France,2015,75795,Health Care,Biotechnology: Pharmaceutical Preparations
OTLK,Outlook Therapeutics Inc. Common Stock,$0.57,-0.0235,-3.946%,139,United States,2016,3164219,Health Care,Biotechnology: Biological Products (No Diagnostic Substances)
OGI,Organigram Global Inc. Common Shares,$0.97,0.0331,3.533%,136,Canada,,418151,Health Care,Biotechnology: Pharmaceutical Preparations
RNA,Atrium Therapeutics Inc. Common Stock,$7.99,0.02,0.251%,136,United States,,411703,Health Care,Biotechnology: Pharmaceutical Preparations
HUMA,Humacyte Inc. Common Stock,$0.48,-0.022,-4.400%,132,United States,2020,4281146,Health Care,Biotechnology: Biological Products (No Diagnostic Substances)
TNXP,Tonix Pharmaceuticals Holding Corp. Common Stock,$7.70,-0.375,-4.647%,131,United States,,2538887,Health Care,Biotechnology: Pharmaceutical Preparations
BGM,BGM Group Ltd. Class A Ordinary Shares,$9.65,0.3,3.209%,128,China,2021,7808,Health Care,Biotechnology: Pharmaceutical Preparations
NRXP,NRX Pharmaceuticals Inc. Common Stock,$2.94,0.07,2.439%,127,United States,2017,418918,Health Care,Biotechnology: Pharmaceutical Preparations
HURA,TuHURA Biosciences Inc. Common Stock,$1.95,0.08,4.278%,124,United States,,181714,Health Care,Biotechnology: Pharmaceutical Preparations
SPRB,Spruce Biosciences Inc. Common Stock,$42.78,-2.635,-5.801%,122,United States,2020,101907,Health Care,Biotechnology: Pharmaceutical Preparations
TNYA,Tenaya Therapeutics Inc. Common Stock,$0.55,-0.0176,-3.120%,122,United States,2021,2703451,Health Care,Biotechnology: Biological Products (No Diagnostic Substances)
CRBU,Caribou Biosciences Inc. Common Stock,$1.14,-0.055,-4.622%,121,United States,2021,5939356,Health Care,Biotechnology: Biological Products (No Diagnostic Substances)
PMVP,PMV Pharmaceuticals Inc. Common Stock,$1.61,-0.17,-9.551%,121,United States,2020,616115,Health Care,Biotechnology: Pharmaceutical Preparations
ENGN,enGene Therapeutics Inc. Common Stock,$1.80,-0.07,-3.743%,120,Canada,,361660,Health Care,Biotechnology: Biological Products (No Diagnostic Substances)
LENZ,LENZ Therapeutics Inc. Common Stock,$3.79,0.2,5.571%,119,United States,2021,682831,Health Care,Biotechnology: Biological Products (No Diagnostic Substances)
VTVT,vTv Therapeutics Inc. Class A Common Stock,$30.03,-0.3,-0.989%,118,United States,2015,27935,Health Care,Biotechnology: Pharmaceutical Preparations
UNCY,Unicycive Therapeutics Inc. Common Stock,$4.23,0.04,0.955%,117,United States,2021,786428,Health Care,Biotechnology: Pharmaceutical Preparations
FHTX,Foghorn Therapeutics Inc. Common Stock,$1.97,-0.03,-1.500%,116,United States,2020,984716,Health Care,Biotechnology: Pharmaceutical Preparations
INO,Inovio Pharmaceuticals Inc. Common Stock,$1.13,-0.02,-1.739%,116,United States,,2013300,Health Care,Biotechnology: Pharmaceutical Preparations
RANI,Rani Therapeutics Holdings Inc. Class A Common Stock,$0.83,0.0539,6.956%,115,United States,2021,961675,Health Care,Biotechnology: Pharmaceutical Preparations
GNLX,Genelux Corporation Common Stock,$2.54,-0.06,-2.308%,114,United States,2023,77652,Health Care,Biotechnology: Pharmaceutical Preparations
COYA,Coya Therapeutics Inc. Common Stock,$4.85,0,0.000%,113,United States,2022,94632,Health Care,Biotechnology: Pharmaceutical Preparations
CRBP,Corbus Pharmaceuticals Holdings Inc. Common Stock,$5.78,-0.07,-1.197%,111,United States,,707643,Health Care,Biotechnology: Pharmaceutical Preparations
IMDX,Insight Molecular Diagnostics Inc. Common Stock,$3.38,-0.29,-7.902%,110,United States,,460098,Health Care,Biotechnology: In Vitro & In Vivo Diagnostic Substances
AARD,Aardvark Therapeutics Inc. Common Stock,$5.04,-0.18,-3.448%,110,United States,2025,251866,Health Care,Biotechnology: Pharmaceutical Preparations
QUCY,Quantum Cyber N.V. Ordinary Shares,$1.29,-0.06,-4.444%,108,Germany,2021,247320,Health Care,Biotechnology: Pharmaceutical Preparations
CPIX,Cumberland Pharmaceuticals Inc. Common Stock,$7.14,0.05,0.705%,106,United States,2009,22585,Health Care,Biotechnology: Pharmaceutical Preparations
IMUX,Immunic Inc. Common Stock,$7.82,-0.25,-3.098%,106,United States,2014,347919,Health Care,Biotechnology: Pharmaceutical Preparations
ANIX,Anixa Biosciences Inc. Common Stock,$3.02,0.07,2.373%,104,United States,,344973,Health Care,Biotechnology: Pharmaceutical Preparations
PLYX,Polaryx Therapeutics Inc. Common Stock,$2.10,0.03,1.449%,104,United States,,6045,Health Care,Biotechnology: Pharmaceutical Preparations
BDTX,Black Diamond Therapeutics Inc. Common Stock,$1.80,-0.14,-7.216%,103,United States,2020,840873,Health Care,Biotechnology: Biological Products (No Diagnostic Substances)
OKUR,OnKure Therapeutics Inc. Class A Common Stock,$2.46,-0.17,-6.464%,99,United States,2021,327503,Health Care,Biotechnology: Pharmaceutical Preparations
ATRA,Atara Biotherapeutics Inc. Common Stock,$9.75,0.35,3.723%,97,United States,2014,47609,Health Care,Biotechnology: Biological Products (No Diagnostic Substances)
MIST,Milestone Pharmaceuticals Inc. Common Shares,$0.76,-0.0152,-1.950%,95,Canada,2019,1398676,Health Care,Biotechnology: Pharmaceutical Preparations
RLYB,Rallybio Corporation Common Stock,$17.08,0.18,1.065%,90,United States,2021,1867,Health Care,Biotechnology: Pharmaceutical Preparations
BMEA,Biomea Fusion Inc. Common Stock,$1.25,-0.05,-3.846%,90,United States,2021,797024,Health Care,Biotechnology: Pharmaceutical Preparations
ICCC,ImmuCell Corporation Common Stock,$9.97,0.22,2.256%,90,United States,1987,835,Health Care,Biotechnology: In Vitro & In Vivo Diagnostic Substances
EQ,Equillium Inc. Common Stock,$1.42,-0.03,-2.069%,90,United States,2018,393625,Health Care,Biotechnology: Pharmaceutical Preparations
CGTX,Cognition Therapeutics Inc. Common Stock,$0.94,0.0019,0.203%,89,United States,2021,330518,Health Care,Biotechnology: Biological Products (No Diagnostic Substances)
NTHI,NeOnc Technologies Holdings Inc. Common Stock,$2.99,0.07,2.397%,89,United States,,173726,Health Care,Biotechnology: Pharmaceutical Preparations
NMRA,Neumora Therapeutics Inc. Common Stock,$0.47,-0.0543,-10.337%,88,United States,2023,1234518,Health Care,Biotechnology: Biological Products (No Diagnostic Substances)
GRML,Greenland Mines Ltd. Common Stock,$6.38,-0.96,-13.079%,85,United States,2022,4861902,Health Care,Biotechnology: Biological Products (No Diagnostic Substances)
CRDF,Cardiff Oncology Inc. Common Stock,$1.07,-0.07,-6.140%,83,United States,,384175,Health Care,Biotechnology: Biological Products (No Diagnostic Substances)
PMN,ProMIS Neurosciences Inc. Common Shares (ON),$9.21,-0.16,-1.708%,82,Canada,,26467,Health Care,Biotechnology: Pharmaceutical Preparations
TELO,Telomir Pharmaceuticals Inc. Common Stock,$1.20,-0.01,-0.826%,82,United States,2024,1253702,Health Care,Biotechnology: Pharmaceutical Preparations
PTHS,Pelthos Therapeutics Inc. Common Stock,$21.48,0.98,4.780%,82,,2024,42949,Health Care,Biotechnology: Biological Products (No Diagnostic Substances)
MNOV,Medicinova Inc Common Stock,$1.65,-0.105,-5.983%,81,United States,,120419,Health Care,Biotechnology: Pharmaceutical Preparations
INCR,Intercure Ltd. Ordinary Shares,$5.32,-0.13,-2.385%,79,Israel,,2630,Health Care,Biotechnology: Pharmaceutical Preparations
ACRV,Acrivon Therapeutics Inc. Common Stock,$1.86,-0.12,-6.061%,79,United States,2022,158758,Health Care,Biotechnology: Pharmaceutical Preparations
CTOR,Citius Oncology Inc. Common Stock,$0.85,-0.0235,-2.690%,79,United States,2022,109847,Health Care,Biotechnology: Pharmaceutical Preparations
RFL,Rafael Holdings Inc. Class B Common Stock,$1.49,0.02,1.361%,77,United States,2018,133470,Health Care,Biotechnology: Pharmaceutical Preparations
OKYO,OKYO Pharma Limited Ordinary Shares,$1.46,-0.01,-0.680%,76,Guernsey,2022,30471,Health Care,Biotechnology: Biological Products (No Diagnostic Substances)
ONCY,Oncolytics Biotech Inc. Common Stock,$0.60,0.0011,0.184%,76,Canada,,859744,Health Care,Biotechnology: Pharmaceutical Preparations
LFVN,Lifevantage Corporation Common Stock (Delaware),$6.04,0.01,0.166%,76,United States,,30084,Health Care,Biotechnology: Pharmaceutical Preparations
PDSB,PDS Biotechnology Corporation Common Stock,$1.04,-0.155,-12.917%,75,United States,2015,17042640,Health Care,Biotechnology: Pharmaceutical Preparations
MAIA,MAIA Biotechnology Inc. Common Stock,$1.19,0.01,0.847%,73,,2022,227170,Health Care,Biotechnology: Pharmaceutical Preparations
HYFT,MindWalk Holdings Corp. Common Stock,$1.55,0.06,4.027%,73,Canada,,1887218,Health Care,Biotechnology: Pharmaceutical Preparations
GANX,Gain Therapeutics Inc. Common Stock,$1.67,-0.02,-1.183%,72,United States,2021,646572,Health Care,Biotechnology: Pharmaceutical Preparations
VRCA,Verrica Pharmaceuticals Inc. Common Stock,$4.21,-0.1,-2.320%,72,United States,2018,41319,Health Care,Biotechnology: Pharmaceutical Preparations
TENX,Tenax Therapeutics Inc. Common Stock,$1.93,-0.03,-1.531%,72,United States,,1183595,Health Care,Biotechnology: Pharmaceutical Preparations
RNTX,Rein Therapeutics Inc. Common Stock,$0.82,0,0.000%,71,United States,2017,185638,Health Care,Biotechnology: Pharmaceutical Preparations
CING,Cingulate Inc. Common Stock,$4.89,0.14,2.947%,71,United States,2021,111679,Health Care,Biotechnology: Pharmaceutical Preparations
NMAD,Nomad Power Solutions Inc. Common Stock,$4.34,0.33,8.219%,69,United States,,146671,Health Care,Biotechnology: Pharmaceutical Preparations
CSBR,Champions Oncology Inc. Common Stock,$5.01,0.04,0.805%,69,United States,,16315,Health Care,Biotechnology: Biological Products (No Diagnostic Substances)
SPRO,Spero Therapeutics Inc. Common Stock,$1.19,0.03,2.586%,69,United States,2017,347579,Health Care,Biotechnology: Pharmaceutical Preparations
OSTX,OS Therapies Incorporated Common Stock,$1.49,-0.11,-6.875%,69,,2024,6015416,Health Care,Biotechnology: Pharmaceutical Preparations
FBIO,Fortress Biotech Inc. Common Stock,$2.05,-0.04,-1.914%,68,United States,,223987,Health Care,Biotechnology: Pharmaceutical Preparations
IBIO,iBio Inc. Common Stock,$1.05,-0.07,-6.250%,67,United States,,1210360,Health Care,Biotechnology: Pharmaceutical Preparations
GOSS,Gossamer Bio Inc. Common Stock,$10.78,0.13,1.221%,65,United States,2019,197261,Health Care,Biotechnology: Pharmaceutical Preparations
XBIT,XBiotech Inc. Common Stock,$2.16,-0.02,-0.917%,65,United States,2015,11719,Health Care,Biotechnology: Pharmaceutical Preparations
APLM,Apollomics Inc. Class A Ordinary Shares,$22.10,-1.166,-5.012%,64,United States,,13185,Health Care,Biotechnology: Pharmaceutical Preparations
PLRX,Pliant Therapeutics Inc. Common Stock,$1.03,0,0.000%,63,United States,2020,276395,Health Care,Biotechnology: Pharmaceutical Preparations
KLRS,Kalaris Therapeutics Inc. Common Stock,$2.66,-0.17,-6.007%,63,United States,2020,103440,Health Care,Biotechnology: Biological Products (No Diagnostic Substances)
HRTX,Heron Therapeutics Inc. Common Stock,$0.33,-0.0383,-10.351%,62,United States,,2319208,Health Care,Biotechnology: Pharmaceutical Preparations
RNXT,RenovoRx Inc. Common Stock,$1.39,-0.08,-5.442%,62,United States,2021,621693,Health Care,Biotechnology: Pharmaceutical Preparations
ATHE,Alterity Therapeutics Limited American Depositary Shares,$3.37,0.15,4.658%,61,Australia,,21863,Health Care,Biotechnology: Pharmaceutical Preparations
ELOX,Eloxx Pharmaceuticals Inc. Common Stock,$15.13,-0.28,-1.817%,61,United States,,61300,Health Care,Biotechnology: Biological Products (No Diagnostic Substances)
INKT,MiNK Therapeutics Inc. Common Stock,$11.70,-0.5,-4.098%,59,United States,2021,33195,Health Care,Biotechnology: Biological Products (No Diagnostic Substances)
XLO,Xilio Therapeutics Inc. Common Stock,$9.00,-0.11,-1.207%,59,United States,2021,6206,Health Care,Biotechnology: Pharmaceutical Preparations
HYPD,Hyperion DeFi Inc. Common Stock,$3.82,-0.07,-1.799%,58,United States,2018,267716,Health Care,Biotechnology: Pharmaceutical Preparations
ACET,Adicet Bio Inc. Common Stock,$6.25,-0.22,-3.400%,58,United States,2018,135731,Health Care,Biotechnology: Pharmaceutical Preparations
BOLD,Boundless Bio Inc. Common Stock,$2.57,-0.03,-1.154%,58,United States,2024,65191,Health Care,Biotechnology: Pharmaceutical Preparations
TLPH,Talphera Inc. Common Stock,$1.11,-0.05,-4.310%,57,United States,2011,115794,Health Care,Biotechnology: Pharmaceutical Preparations
CNTB,Connect Biopharma Holdings Limited Ordinary Shares,$0.91,0.0075,0.835%,57,China,2021,1840808,Health Care,Biotechnology: Pharmaceutical Preparations
MREO,Mereo BioPharma Group plc American Depositary Shares,$0.35,-0.0379,-9.768%,55,United Kingdom,,1268996,Health Care,Biotechnology: Pharmaceutical Preparations
ALDX,Aldeyra Therapeutics Inc. Common Stock,$0.92,-0.0078,-0.844%,55,United States,2014,8234491,Health Care,Biotechnology: Pharmaceutical Preparations
CLNN,Clene Inc. Common Stock,$3.87,-0.04,-1.023%,55,United States,,44986,Health Care,Biotechnology: Pharmaceutical Preparations
LONA,LeonaBio Inc. Common Stock,$5.75,0.17,3.047%,54,United States,2020,175837,Health Care,Biotechnology: Biological Products (No Diagnostic Substances)
ZYBT,Zhengye Biotechnology Holding Limited Class A Ordinary Shares,$1.11,-0.08,-6.723%,52,China,2025,47276,Health Care,Biotechnology: Pharmaceutical Preparations
IMA,ImageneBio Inc. Common Stock,$4.60,-0.1,-2.128%,52,United States,2021,13746,Health Care,Biotechnology: Biological Products (No Diagnostic Substances)
INMB,INmune Bio Inc. Common stock,$1.87,-0.07,-3.608%,51,United States,2019,311084,Health Care,Biotechnology: Biological Products (No Diagnostic Substances)
SER,Serina Therapeutics Inc. Common Stock,$2.04,0,0.000%,51,United States,2018,8727,Health Care,Biotechnology: Pharmaceutical Preparations
DWTX,Dogwood Therapeutics Inc. Common Stock,$1.52,0,0.000%,51,United States,2020,127158,Health Care,Biotechnology: Pharmaceutical Preparations
EXOZ,eXoZymes Inc. Common Stock,$5.52,0,0.000%,51,United States,2024,1835,Health Care,Biotechnology: Biological Products (No Diagnostic Substances)
CELU,Celularity Inc. Class A Common Stock,$1.58,-0.13,-7.602%,51,United States,2019,260957,Health Care,Biotechnology: Pharmaceutical Preparations
CRVO,CervoMed Inc. Common Stock,$3.34,0.03,0.906%,50,United States,,470520,Health Care,Biotechnology: Pharmaceutical Preparations
ANVS,Annovis Bio Inc. Common Stock,$1.18,-0.02,-1.667%,50,United States,2020,538740,Health Care,Biotechnology: Pharmaceutical Preparations
EDSA,Edesa Biotech Inc. Common Shares,$3.72,-0.19,-4.859%,50,United States,,12838,Health Care,Biotechnology: Pharmaceutical Preparations
ELTX,Elicio Therapeutics Inc. Common Stock,$1.88,-0.04,-2.083%,49,United States,2021,259108,Health Care,Biotechnology: Pharmaceutical Preparations
CVM,Cel-Sci Corporation Common Stock,$2.74,0.32,13.223%,48,United States,1997,470228,Health Care,Biotechnology: Biological Products (No Diagnostic Substances)
SCYX,SCYNEXIS Inc. Common Stock,$4.84,-0.19,-3.777%,48,United States,2014,163956,Health Care,Biotechnology: Pharmaceutical Preparations
TIL,Instil Bio Inc. Common Stock,$6.88,-0.065,-0.935%,46,United States,2021,24197,Health Care,Biotechnology: Biological Products (No Diagnostic Substances)
BSEM,BioStem Technologies Inc. Common Stock,$2.47,-0.285,-10.345%,46,United States,,128627,Health Care,Biotechnology: Biological Products (No Diagnostic Substances)
NSRX,Nasus Pharma Ltd. Ordinary Shares,$3.84,-0.01,-0.260%,44,,2025,17231,Health Care,Biotechnology: Pharmaceutical Preparations
HOWL,Werewolf Therapeutics Inc. Common Stock,$0.92,-0.0098,-1.054%,44,United States,2021,279159,Health Care,Biotechnology: Pharmaceutical Preparations
GRCE,Grace Therapeutics Inc. Common Stock,$2.06,0.005,0.243%,43,Canada,,110276,Health Care,Biotechnology: Pharmaceutical Preparations
LITS,Lite Strategy Inc. Common Stock,$1.41,0.01,0.714%,42,United States,2003,493967,Health Care,Biotechnology: Pharmaceutical Preparations
FLNA,Filana Therapeutics Inc. Common Stock,$0.87,0.0051,0.586%,42,United States,,671528,Health Care,Biotechnology: Pharmaceutical Preparations
TVGN,Tevogen Inc. Common Stock,$6.49,-0.11,-1.667%,42,United States,2022,2845,Health Care,Biotechnology: Biological Products (No Diagnostic Substances)
VERU,Veru Inc. Common Stock,$2.47,-0.08,-3.137%,42,United States,,1518567,Health Care,Biotechnology: Pharmaceutical Preparations
IBO,Impact BioMedical Inc. Common Stock,$4.68,-0.16,-3.306%,39,,2024,21173,Health Care,Biotechnology: Pharmaceutical Preparations
IXHL,Incannex Healthcare Inc. Common Stock,$3.17,-0.04,-1.246%,39,Australia,,62271,Health Care,Biotechnology: Pharmaceutical Preparations
MGX,Metagenomi Therapeutics Inc. Common Stock,$1.03,-0.01,-0.962%,38,United States,2024,121036,Health Care,Biotechnology: Biological Products (No Diagnostic Substances)
GNTA,Genenta Science S.p.A. American Depositary Shares,$0.78,0.0506,6.932%,37,Italy,2021,34018,Health Care,Biotechnology: Biological Products (No Diagnostic Substances)
NNVC,NanoViricides Inc. Common Stock,$1.40,-0.05,-3.448%,35,United States,,303325,Health Care,Biotechnology: Pharmaceutical Preparations
BCTX,BriaCell Therapeutics Corp. Common Shares,$4.02,-0.16,-3.828%,34,Canada,,69134,Health Care,Biotechnology: Pharmaceutical Preparations
ATNM,Actinium Pharmaceuticals Inc. (Delaware) Common Stock,$1.11,-0.09,-7.500%,34,United States,,439586,Health Care,Biotechnology: Pharmaceutical Preparations
ELUT,Elutia Inc. Class A Common Stock,$0.78,-0.0447,-5.441%,34,United States,2020,282861,Health Care,Biotechnology: Biological Products (No Diagnostic Substances)
SCLX,Scilex Holding Company Common Stock,$3.96,0.14,3.665%,33,United States,2021,57906,Health Care,Biotechnology: Biological Products (No Diagnostic Substances)
ALGS,Aligos Therapeutics Inc. Common Stock,$5.38,-0.02,-0.370%,33,United States,2020,12849,Health Care,Biotechnology: Biological Products (No Diagnostic Substances)
IMMP,Immutep Limited American Depositary Shares,$4.34,0.07,1.639%,31,Australia,,11629,Health Care,Biotechnology: Pharmaceutical Preparations
RMTI,Rockwell Medical Inc. Common Stock,$7.65,-0.58,-7.047%,30,United States,1998,65444,Health Care,Biotechnology: Pharmaceutical Preparations
RNAZ,TransCode Therapeutics Inc. Common Stock,$1.78,0.02,1.136%,30,United States,2021,47346,Health Care,Biotechnology: Pharmaceutical Preparations
MIRA,MIRA Pharmaceuticals Inc. Common Stock,$0.71,-0.0237,-3.222%,29,United States,2023,105734,Health Care,Biotechnology: Pharmaceutical Preparations
GRDX,GridAI Technologies Corp. Common Stock,$4.17,0.34,8.877%,29,United States,2016,105211,Health Care,Biotechnology: Pharmaceutical Preparations
CNTX,Context Therapeutics Inc. Common Stock,$0.32,-0.0147,-4.368%,29,United States,2021,898952,Health Care,Biotechnology: Pharmaceutical Preparations
MCRB,Seres Therapeutics Inc. Common Stock,$2.90,0.05,1.754%,29,United States,2015,76430,Health Care,Biotechnology: Pharmaceutical Preparations
IGC,IGC Pharma Inc. Common Stock,$0.28,-0.002,-0.709%,28,United States,,1113555,Health Care,Biotechnology: Pharmaceutical Preparations
EVAX,Evaxion A/S American Depositary Share,$3.16,0.01,0.317%,28,Denmark,2021,35878,Health Care,Biotechnology: Biological Products (No Diagnostic Substances)
BYSI,BeyondSpring Inc. Ordinary Shares,$0.69,-0.0937,-11.921%,28,United States,2017,117252,Health Care,Biotechnology: Pharmaceutical Preparations
ATYR,aTyr Pharma Inc. Common Stock,$0.28,-0.0066,-2.276%,27,United States,2015,1022961,Health Care,Biotechnology: Biological Products (No Diagnostic Substances)
CPHI,China Pharma Holdings Inc. Common Stock,$0.64,-0.0119,-1.822%,27,China,,136839,Health Care,Biotechnology: Pharmaceutical Preparations
QNCX,Quince Therapeutics Inc. Common Stock,$26.81,-1.29,-4.591%,27,United States,2019,27839,Health Care,Biotechnology: Biological Products (No Diagnostic Substances)
NXTC,NextCure Inc. Common Stock,$5.68,0.635,12.574%,26,United States,2019,122594,Health Care,Biotechnology: Pharmaceutical Preparations
ABVC,ABVC BioPharma Inc. Common Stock,$0.97,-0.01,-1.020%,25,United States,,92426,Health Care,Biotechnology: Pharmaceutical Preparations
QNTM,Quantum Biopharma Ltd. Class B Subordinate Voting Shares,$3.09,-0.18,-5.505%,24,Canada,,627110,Health Care,Biotechnology: Pharmaceutical Preparations
ATOS,Atossa Therapeutics Inc. Common Stock,$2.45,0,0.000%,24,United States,2012,54638,Health Care,Biotechnology: Pharmaceutical Preparations
KYNB,Kyntra Bio Inc. Common Stock,$5.96,-0.13,-2.135%,24,United States,2014,13683,Health Care,Biotechnology: Pharmaceutical Preparations
OPTH,Optimi Health Corp. Common Shares,$4.13,-0.165,-3.842%,23,Canada,,52507,Health Care,Biotechnology: Pharmaceutical Preparations
TXMD,TherapeuticsMD Inc. Common Stock,$2.02,0.01,0.498%,23,United States,,8383,Health Care,Biotechnology: Pharmaceutical Preparations
QNRX,Quoin Pharmaceuticals Ltd. American Depositary Shares,$4.72,0.165,3.622%,22,Israel,2016,103836,Health Care,Biotechnology: Pharmaceutical Preparations
AYTU,Aytu BioPharma Inc.  Common Stock,$2.05,0.01,0.490%,22,United States,,21629,Health Care,Biotechnology: Pharmaceutical Preparations
MDCXW,Medicus Pharma Ltd. Warrant,$0.30,0,0.000%,21,Canada,,4425,Health Care,Biotechnology: Pharmaceutical Preparations
COCP,Cocrystal Pharma Inc. Common Stock,$1.11,0,0.000%,21,United States,,28504,Health Care,Biotechnology: Pharmaceutical Preparations
UPC,Universe Pharmaceuticals Inc. Class A Ordinary Shares,$4.21,-0.13,-2.995%,21,China,2021,26060,Health Care,Biotechnology: Pharmaceutical Preparations
ACTU,Actuate Therapeutics Inc. Common stock,$0.81,-0.0633,-7.235%,19,United States,2024,337719,Health Care,Biotechnology: Pharmaceutical Preparations
SHPH,Shuttle Pharmaceuticals Holdings Inc. Common Stock,$4.06,0.05,1.247%,19,United States,2022,17604,Health Care,Biotechnology: Pharmaceutical Preparations
AKTX,Akari Therapeutics plc ADS,$8.39,-0.55,-6.152%,19,United Kingdom,,19784,Health Care,Biotechnology: Pharmaceutical Preparations
PBM,Psyence Biomedical Ltd. Common Shares,$5.02,-0.06,-1.181%,19,Canada,,51194,Health Care,Biotechnology: Pharmaceutical Preparations
NEUP,Neuphoria Therapeutics Inc. Common Stock,$3.45,0,0.000%,18,United States,2021,16460,Health Care,Biotechnology: Pharmaceutical Preparations
ESLA,Estrella Immunopharma Inc. Common Stock,$0.43,-0.011,-2.500%,18,United States,2021,68651,Health Care,Biotechnology: Biological Products (No Diagnostic Substances)
JSPR,Jasper Therapeutics Inc. Common Stock,$0.56,-0.0327,-5.516%,18,United States,2020,328619,Health Care,Biotechnology: Biological Products (No Diagnostic Substances)
DYAI,Dyadic International Inc. Common Stock,$0.45,-0.0007,-0.154%,18,United States,,30379,Health Care,Biotechnology: Biological Products (No Diagnostic Substances)
TCRX,TScan Therapeutics Inc. Common Stock,$0.28,-0.0199,-6.739%,17,United States,2021,609555,Health Care,Biotechnology: Biological Products (No Diagnostic Substances)
RKTO,Rocket One Inc. Common Stock,$0.70,-0.0086,-1.211%,17,United States,2019,1209986,Health Care,Biotechnology: Pharmaceutical Preparations
LPCN,Lipocine Inc. Common Stock,$2.10,0.03,1.449%,17,United States,,12781,Health Care,Biotechnology: Pharmaceutical Preparations
NCEL,NewcelX Ltd. Ordinary Shares,$2.96,0.1007,3.521%,17,Switzerland,2021,7215,Health Care,Biotechnology: Pharmaceutical Preparations
RADX,Radiopharm Theranostics Limited American Depositary Shares,$1.18,-0.09,-7.087%,17,Australia,,77796,Health Care,Biotechnology: Pharmaceutical Preparations
MRKR,Marker Therapeutics Inc. Common Stock,$1.01,-0.05,-4.717%,16,United States,,77143,Health Care,Biotechnology: Pharmaceutical Preparations
PTN,Palatin Technologies Inc. Common Stock,$9.41,-0.07,-0.738%,16,United States,,2773,Health Care,Biotechnology: Pharmaceutical Preparations
DARE,Dare Bioscience Inc. Common Stock,$0.83,-0.01,-1.186%,16,United States,2014,88580,Health Care,Biotechnology: Pharmaceutical Preparations
LTRN,Lantern Pharma Inc. Common Stock,$0.95,0.0136,1.447%,16,United States,2020,388671,Health Care,Biotechnology: Pharmaceutical Preparations
BCDA,BioCardia Inc. Common Stock,$1.06,-0.03,-2.752%,16,United States,,113424,Health Care,Biotechnology: Biological Products (No Diagnostic Substances)
ALLR,Allarity Therapeutics Inc. Common Stock,$0.99,-0.0147,-1.470%,15,United States,,46344,Health Care,Biotechnology: Pharmaceutical Preparations
KTTA,Pasithea Therapeutics Corp. Common Stock,$0.45,-0.0079,-1.737%,14,United States,2021,64436,Health Care,Biotechnology: Pharmaceutical Preparations
KPTI,Karyopharm Therapeutics Inc. Common Stock,$0.65,-0.0206,-3.072%,14,United States,2013,1179001,Health Care,Biotechnology: Pharmaceutical Preparations
HIND,Vyome Holdings Inc. Common Stock,$2.06,0.13,6.736%,14,United States,2016,13754,Health Care,Biotechnology: Pharmaceutical Preparations
AEON,AEON Biopharma Inc. Class A Common Stock,$0.29,0.0197,7.296%,14,United States,,2269112,Health Care,Biotechnology: Pharmaceutical Preparations
TVRD,Tvardi Therapeutics Inc. Common Stock,$1.08,-0.06,-5.263%,14,United States,2014,148302,Health Care,Biotechnology: Pharmaceutical Preparations
CLRB,Cellectar Biosciences Inc.  Common Stock,$1.51,-0.16,-9.581%,14,United States,,219442,Health Care,Biotechnology: Pharmaceutical Preparations
BFRI,Biofrontera Inc. Common Stock,$0.93,0.0411,4.613%,13,United States,2021,390342,Health Care,Biotechnology: Pharmaceutical Preparations
INAB,IN8bio Inc. Common Stock,$1.39,-0.03,-2.113%,13,United States,2021,45596,Health Care,Biotechnology: Biological Products (No Diagnostic Substances)
CTXR,Citius Pharmaceuticals Inc. Common Stock,$0.48,-0.0393,-7.558%,13,United States,,420263,Health Care,Biotechnology: Pharmaceutical Preparations
GTBP,GT Biopharma Inc. Common Stock,$6.37,0.21,3.409%,13,United States,,22414,Health Care,Biotechnology: Pharmaceutical Preparations
PASG,Passage Bio Inc. Common Stock,$4.08,-0.01,-0.244%,13,United States,2020,6580,Health Care,Biotechnology: Biological Products (No Diagnostic Substances)
LSTA,Lisata Therapeutics Inc. Common Stock,$1.21,-0.05,-3.968%,13,United States,,124189,Health Care,Biotechnology: Pharmaceutical Preparations
TPST,Tempest Therapeutics Inc. Common Stock,$0.79,-0.0051,-0.643%,13,United States,,218012,Health Care,Biotechnology: Pharmaceutical Preparations
BFRG,Bullfrog AI Holdings Inc. Common Stock,$0.69,0.095,15.993%,12,United States,2023,37766955,Health Care,Biotechnology: Pharmaceutical Preparations
BIVI,BioVie Inc. Class A Common Stock,$1.44,0,0.000%,12,United States,,132716,Health Care,Biotechnology: Pharmaceutical Preparations
ASBP,Aspire-Lakewood Holdings Inc. Common Stock,$8.76,-0.12,-1.351%,12,United States,2022,27759,Health Care,Biotechnology: Pharmaceutical Preparations
PLUR,Pluri Inc. Common Stock,$0.99,-0.045,-4.348%,12,Israel,,6151,Health Care,Biotechnology: Biological Products (No Diagnostic Substances)
INTS,Intensity Therapeutics Inc. Common stock,$3.55,0.1,2.899%,11,United States,2023,7456,Health Care,Biotechnology: Biological Products (No Diagnostic Substances)
PHIO,Phio Pharmaceuticals Corp. Common Stock,$0.99,0.0034,0.343%,11,United States,,131778,Health Care,Biotechnology: Pharmaceutical Preparations
MDCX,Medicus Pharma Ltd. Common Stock  ,$0.16,-0.0078,-4.671%,11,Canada,,1054126,Health Care,Biotechnology: Pharmaceutical Preparations
BLRX,BioLineRx Ltd. American Depositary Shares,$2.29,-0.0278,-1.198%,11,Israel,,22875,Health Care,Biotechnology: Pharmaceutical Preparations
VTGN,Vistagen Therapeutics Inc. Common Stock,$0.25,-0.0126,-4.787%,11,United States,,1595722,Health Care,Biotechnology: Pharmaceutical Preparations
KPRX,Kiora Pharmaceuticals Inc.  Common Stock,$2.50,-0.03,-1.186%,11,United States,,20206,Health Care,Biotechnology: Pharmaceutical Preparations
APUS,Apimeds Pharmaceuticals US Inc. Common Stock,$7.13,2.54,55.338%,10,,2025,43840485,Health Care,Biotechnology: Pharmaceutical Preparations
GDTC,CytoMed Therapeutics Limited Ordinary Shares,$0.93,-0.0802,-7.941%,10,Singapore,2023,18564,Health Care,Biotechnology: Pharmaceutical Preparations
ADIL,Adial Pharmaceuticals Inc Common Stock,$3.98,-0.37,-8.506%,10,United States,2018,11905,Health Care,Biotechnology: Pharmaceutical Preparations
TOVX,Theriva Biologics Inc. Common Stock,$0.22,-0.003,-1.333%,10,United States,,407437,Health Care,Biotechnology: Pharmaceutical Preparations
CALC,CalciMedica Inc. Common Stock,$1.49,-0.05,-3.247%,10,United States,2023,169116,Health Care,Biotechnology: Pharmaceutical Preparations
CMMB,Chemomab Therapeutics Ltd. American Depositary Share,$1.40,-0.01,-0.709%,10,Israel,2019,25226,Health Care,Biotechnology: Pharmaceutical Preparations
SNTI,Senti Biosciences Holdings Inc. Common Stock,$0.32,-0.0221,-6.404%,10,United States,2021,208620,Health Care,Biotechnology: Biological Products (No Diagnostic Substances)
BCTXL,BriaCell Therapeutics Corp. Warrant expiring 2031,$1.15,-0.02,-1.709%,10,Canada,,7455,Health Care,Biotechnology: Pharmaceutical Preparations
BMRA,Biomerica Inc. Common Stock,$2.14,0.09,4.390%,9,United States,,11054,Health Care,Biotechnology: In Vitro & In Vivo Diagnostic Substances
MTVA,MetaVia Inc. Common Stock,$1.48,-0.06,-3.896%,9,United States,2016,86797,Health Care,Biotechnology: Pharmaceutical Preparations
MBRX,Moleculin Biotech Inc. Common Stock,$0.45,-0.0311,-6.525%,9,United States,2016,706745,Health Care,Biotechnology: Pharmaceutical Preparations
IMRN,Immuron Limited American Depositary Shares,$1.08,0.01,0.935%,8,Australia,2017,11558,Health Care,Biotechnology: Pharmaceutical Preparations
ENSC,Ensysce Biosciences Inc. Common Stock,$0.43,0.0108,2.578%,8,United States,,544938,Health Care,Biotechnology: Pharmaceutical Preparations
APRE,Aprea Therapeutics Inc. Common stock,$0.64,-0.0401,-5.935%,8,United States,2019,199177,Health Care,Biotechnology: Pharmaceutical Preparations
TRAW,Traws Pharma Inc. Common Stock,$0.52,-0.016,-2.985%,7,United States,2013,125060,Health Care,Biotechnology: Pharmaceutical Preparations
AZTR,Azitra Inc Common Stock,$0.13,-0.0066,-4.832%,7,,2023,413233,Health Care,Biotechnology: Pharmaceutical Preparations
CURX,Curanex Pharmaceuticals Inc Common Stock,$4.99,0.03,0.605%,7,United States,2025,42324,Health Care,Biotechnology: Pharmaceutical Preparations
SNGX,Soligenix Inc. Common Stock,$0.36,-0.001,-0.279%,7,United States,,185679,Health Care,Biotechnology: Pharmaceutical Preparations
BTTC,Black Titan Corporation Ordinary Shares,$0.57,-0.0568,-9.088%,7,Malaysia,,1238320,Health Care,Biotechnology: Biological Products (No Diagnostic Substances)
CNSP,CNS Pharmaceuticals Inc. Common Stock,$5.30,0.0018,0.034%,7,United States,2019,6214,Health Care,Biotechnology: Pharmaceutical Preparations
NRSN,NeuroSense Therapeutics Ltd. Ordinary Shares,$4.07,0.04,0.993%,7,Israel,2021,17787,Health Care,Biotechnology: Pharmaceutical Preparations
FBLG,FibroBiologics Inc. Common Stock,$1.13,-0.05,-4.237%,7,United States,,210288,Health Care,Biotechnology: Pharmaceutical Preparations
LGVN,Longeveron Inc. Class A Common Stock,$2.35,-0.16,-6.375%,7,United States,2021,83794,Health Care,Biotechnology: Pharmaceutical Preparations
INM,InMed Pharmaceuticals Inc. Common Shares,$1.33,0,0.000%,7,Canada,,18304,Health Care,Biotechnology: Pharmaceutical Preparations
VNRX,VolitionRX Limited Common Stock,$0.24,0.0109,4.698%,7,Singapore,2015,644274,Health Care,Biotechnology: In Vitro & In Vivo Diagnostic Substances
ACXP,Acurx Pharmaceuticals Inc. Common Stock,$1.31,0,0.000%,7,United States,2021,42206,Health Care,Biotechnology: Pharmaceutical Preparations
AIM,AIM ImmunoTech Inc. Common Stock,$0.18,-0.0075,-3.947%,7,,,672530,Health Care,Biotechnology: Biological Products (No Diagnostic Substances)
JAGX,Jaguar Health Inc. Common Stock,$5.62,0.89,18.816%,7,United States,2015,27072454,Health Care,Biotechnology: Pharmaceutical Preparations
SKYE,Skye Bioscience Inc. Common Stock,$1.62,-0.11,-6.358%,7,United States,,30824,Health Care,Biotechnology: Pharmaceutical Preparations
XCUR,Exicure Inc. Common Stock,$1.08,0.01,0.935%,7,United States,,7342,Health Care,Biotechnology: Pharmaceutical Preparations
KALA,KALA BIO Inc. Common Stock,$0.36,0.0015,0.414%,7,United States,2017,420239,Health Care,Biotechnology: Pharmaceutical Preparations
CELZ,Creative Medical Technology Holdings Inc. Common Stock,$0.90,-0.0196,-2.130%,6,United States,,70802,Health Care,Biotechnology: Biological Products (No Diagnostic Substances)
LEXX,Lexaria Bioscience Corp. Common Stock,$3.24,0.47,16.968%,6,Canada,,66075,Health Care,Biotechnology: Pharmaceutical Preparations
ENLV,Enlivex Ltd. Ordinary Shares,$0.34,-0.0218,-6.022%,6,Israel,2014,409587,Health Care,Biotechnology: Pharmaceutical Preparations
BOLT,Bolt Biotherapeutics Inc. Common Stock,$3.51,0.011,0.314%,6,United States,2021,23265,Health Care,Biotechnology: Pharmaceutical Preparations
GRMLW,Greenland Mines Ltd Warrant,$0.50,-0.05,-9.091%,6,United States,2022,107501,Health Care,Biotechnology: Biological Products (No Diagnostic Substances)
ALZN,Alzamend Neuro Inc. Common Stock,$1.37,-0.04,-2.837%,6,United States,2021,32065,Health Care,Biotechnology: Pharmaceutical Preparations
ENVB,Enveric Biosciences Inc. Common Stock,$1.47,-0.04,-2.649%,6,United States,,50969,Health Care,Biotechnology: Pharmaceutical Preparations
CANF,Can-Fite Biopharma Ltd American Depositary Shares each representing two (2) Ordinary Shares,$2.14,0,0.000%,6,Israel,,24453,Health Care,Biotechnology: Pharmaceutical Preparations
IMNN,Imunon Inc. Common Stock,$1.12,-0.12,-9.677%,6,United States,,86781,Health Care,Biotechnology: Pharmaceutical Preparations
GELS,Gelteq Limited Ordinary Shares,$0.58,0.0361,6.641%,6,Australia,2024,72627,Health Care,Biotechnology: Pharmaceutical Preparations
SCNX,Scienture Holdings Inc. Common Stock,$3.76,0.05,1.348%,6,United States,,218114,Health Care,Biotechnology: Pharmaceutical Preparations
CDIO,Cardio Diagnostics Holdings Inc. Common stock,$2.00,-0.06,-2.913%,5,United States,2022,22073,Health Care,Biotechnology: In Vitro & In Vivo Diagnostic Substances
TRIB,Trinity Biotech plc American Depositary Shares,$7.15,1.38,23.917%,5,Ireland,1992,41653,Health Care,Biotechnology: In Vitro & In Vivo Diagnostic Substances
BGMS,Bio Green Med Solution Inc. Common Stock,$0.86,-0.0127,-1.462%,5,United States,,19777,Health Care,Biotechnology: Pharmaceutical Preparations
QCLS,Q/C Technologies Inc. Common Stock,$0.69,0.0096,1.411%,5,United States,2014,189917,Health Care,Biotechnology: In Vitro & In Vivo Diagnostic Substances
DRMA,Dermata Therapeutics Inc. Common Stock,$1.13,0.02,1.802%,5,United States,2021,29588,Health Care,Biotechnology: Pharmaceutical Preparations
ADXN,Addex Therapeutics Ltd American Depositary Shares,$3.18,0.08,2.581%,5,Switzerland,,1751,Health Care,Biotechnology: Pharmaceutical Preparations
PULM,Pulmatrix Inc. Common Stock,$1.43,-0.05,-3.378%,5,United States,2014,19475,Health Care,Biotechnology: Pharmaceutical Preparations
LNAI,Lunai Bioworks Inc. Common Stock,$1.13,-0.01,-0.877%,5,United States,,23650,Health Care,Biotechnology: Pharmaceutical Preparations
LIMN,Liminatus Pharma Inc. Class A Common Stock,$3.70,-0.29,-7.268%,4,United States,,12643,Health Care,Biotechnology: Biological Products (No Diagnostic Substances)
XBIO,Xenetic Biosciences Inc. Common Stock,$2.12,-0.08,-3.636%,4,United States,,14730,Health Care,Biotechnology: Pharmaceutical Preparations
XTLB,XTL Biopharmaceuticals Ltd. American Depositary Shares,$2.02,-0.16,-7.339%,4,Israel,,36962,Health Care,Biotechnology: Pharmaceutical Preparations
PPCB,Propanc Biopharma Inc. Common Stock,$0.49,-0.0087,-1.740%,4,Australia,,191396,Health Care,Biotechnology: Pharmaceutical Preparations
VRXAW,Veraxa Biotech AG Warrants,$0.03,0.0004,1.231%,4,Switzerland,,29099,Health Care,Biotechnology: Pharmaceutical Preparations
NCNA,NuCana plc American Depositary Share,$1.09,0.03,2.830%,4,United Kingdom,2017,51008,Health Care,Biotechnology: Pharmaceutical Preparations
PMCB,PharmaCyte  Biotech Inc. Common Stock,$0.42,0.0323,8.280%,4,United States,,232060,Health Care,Biotechnology: Biological Products (No Diagnostic Substances)
PCSA,Processa Pharmaceuticals Inc. Common Stock,$1.52,0.03,2.013%,4,United States,,18593,Health Care,Biotechnology: Pharmaceutical Preparations
GRI,GRI Bio Inc. Common Stock,$1.90,-0.01,-0.524%,4,United States,2021,18299,Health Care,Biotechnology: Pharmaceutical Preparations
SXTP,60 Degrees Pharmaceuticals Inc. Common Stock,$1.11,-0.33,-22.917%,3,United States,2023,2448218,Health Care,Biotechnology: Pharmaceutical Preparations
KAPA,Kairos Pharma Ltd. Common Stock,$1.15,-0.4,-25.806%,3,,2024,9944644,Health Care,Biotechnology: Pharmaceutical Preparations
SLXN,Silexion Therapeutics Corp Ordinary Shares,$0.26,-0.0032,-1.203%,3,Israel,,999259,Health Care,Biotechnology: Biological Products (No Diagnostic Substances)
JUNS,Jupiter Neurosciences Inc. Common Stock,$2.86,0.44,18.182%,3,United States,2024,927445,Health Care,Biotechnology: Pharmaceutical Preparations
CLDI,Calidi Biotherapeutics Inc. Common Stock,$1.02,-0.03,-2.857%,3,,2021,71775,Health Care,Biotechnology: Biological Products (No Diagnostic Substances)
ERNA,Ernexa Therapeutics Inc. Common Stock,$2.23,-0.465,-17.222%,3,United States,,91569,Health Care,Biotechnology: Pharmaceutical Preparations
CVKD,Cadrenal Therapeutics Inc. Common Stock,$0.99,0.0442,4.673%,3,United States,2023,98654,Health Care,Biotechnology: Pharmaceutical Preparations
HCWB,HCW Biologics Inc. Common Stock,$1.57,-0.07,-4.268%,3,United States,2021,37833,Health Care,Biotechnology: Pharmaceutical Preparations
EOCN,Eocene Ltd. Ordinary Shares,$3.36,-0.0901,-2.612%,3,Israel,2014,10182,Health Care,Biotechnology: Pharmaceutical Preparations
MBIO,Mustang Bio Inc. Common Stock,$0.46,-0.0001,-0.022%,3,United States,,43266,Health Care,Biotechnology: Pharmaceutical Preparations
VIVS,VivoSim Labs Inc. Common Stock,$0.20,-0.0045,-2.180%,3,United States,,378054,Health Care,Biotechnology: Biological Products (No Diagnostic Substances)
APVO,Aptevo Therapeutics Inc. Common Stock,$1.79,-0.005,-0.278%,3,United States,,35413,Health Care,Biotechnology: Pharmaceutical Preparations
XRTX,XORTX Therapeutics Inc. Common Shares,$1.73,0.03,1.765%,3,Canada,,40946,Health Care,Biotechnology: Pharmaceutical Preparations
PRFX,PRF Technologies Ltd. Ordinary Shares,$0.88,-0.0041,-0.464%,3,Israel,2020,35769,Health Care,Biotechnology: Pharmaceutical Preparations
REVB,Revelation Biosciences Inc. Common Stock,$0.75,-0.0249,-3.204%,2,United States,2020,34732,Health Care,Biotechnology: Pharmaceutical Preparations
CMND,Clearmind Medicine Inc. Common Shares,$5.84,-0.16,-2.667%,2,Canada,,35588,Health Care,Biotechnology: Pharmaceutical Preparations
MTNB,Matinas Biopharma Holdings Inc. Common Stock,$3.01,0.19,6.738%,2,United States,2017,417705,Health Care,Biotechnology: Pharmaceutical Preparations
RDHL,Redhill Biopharma Ltd. American Depositary Shares,$0.48,-0.0088,-1.786%,2,Israel,,58899,Health Care,Biotechnology: Pharmaceutical Preparations
GOVX,GeoVax Labs Inc. Common Stock,$0.29,-0.0314,-9.816%,2,United States,,1635096,Health Care,Biotechnology: Pharmaceutical Preparations
ONCO,Onconetix Inc. Common Stock,$0.66,-0.0119,-1.768%,2,United States,2022,523266,Health Care,Biotechnology: Pharmaceutical Preparations
DCOY,Decoy Therapeutics Inc. Common Stock,$1.55,-0.12,-7.186%,2,United States,2015,128780,Health Care,Biotechnology: Pharmaceutical Preparations
HLSQ,Tessera Defense and Homeland Security Inc. Common Stock,$0.31,-0.0994,-24.244%,2,,2019,2152714,Health Care,Biotechnology: Biological Products (No Diagnostic Substances)
VRAX,Virax Biolabs Group Limited Ordinary Shares,$2.03,-0.37,-15.417%,2,United Kingdom,2022,311096,Health Care,Biotechnology: In Vitro & In Vivo Diagnostic Substances
ELAB,PMGC Holdings Inc. Common Stock,$3.27,0,0.000%,2,United States,2023,14668,Health Care,Biotechnology: Pharmaceutical Preparations
BFRGW,Bullfrog AI Holdings Inc. Warrants,$0.14,0.0276,24.643%,2,United States,2023,31298,Health Care,Biotechnology: Pharmaceutical Preparations
SILO,Silo Pharma Inc. Common Stock,$1.45,-0.04,-2.685%,2,United States,,27641,Health Care,Biotechnology: Pharmaceutical Preparations
SPRC,SciSparc Ltd. Ordinary Shares,$4.33,-0.03,-0.688%,2,Israel,,6215,Health Care,Biotechnology: Pharmaceutical Preparations
BDRX,Biodexa Pharmaceuticals plc American Depositary Shs,$0.60,-0.0191,-3.110%,2,United Kingdom,,273798,Health Care,Biotechnology: Pharmaceutical Preparations
BCTXZ,BriaCell Therapeutics Corp. Warrant expiring 2030,$0.28,0.09,47.368%,2,Canada,,8052,Health Care,Biotechnology: Pharmaceutical Preparations
PPBT,Purple Biotech Ltd. American Depositary Shares,$1.47,-0.09,-5.769%,2,Israel,2015,9881,Health Care,Biotechnology: Pharmaceutical Preparations
ESLAW,Estrella Immunopharma Inc. Warrant,$0.05,-0.0136,-20.544%,2,United States,2021,1900,Health Care,Biotechnology: Biological Products (No Diagnostic Substances)
OGEN,Oragenics Inc. Common Stock,$0.48,-0.0011,-0.226%,2,United States,,12304,Health Care,Biotechnology: Pharmaceutical Preparations
GNPX,Genprex Inc. Common Stock,$2.61,-0.11,-4.044%,2,United States,2018,165265,Health Care,Biotechnology: Pharmaceutical Preparations
LABT,Lakewood-Amedex Biotherapeutics Inc. Common Stock,$0.87,0.0121,1.415%,2,United States,,151046,Health Care,Biotechnology: Pharmaceutical Preparations
ARTL,Artelo Biosciences Inc. Common Stock,$3.46,-0.05,-1.425%,1,United States,,74668,Health Care,Biotechnology: Pharmaceutical Preparations
TCRT,Alaunos Therapeutics Inc. Common Stock,$0.74,-0.0529,-6.652%,1,United States,,121374,Health Care,Biotechnology: Pharmaceutical Preparations
SBFM,Sunshine Biopharma Inc. Common Stock,$0.40,-0.0222,-5.284%,1,Canada,,4524658,Health Care,Biotechnology: Pharmaceutical Preparations
SXTC,China SXT Pharmaceuticals Inc. Class A Ordinary Shares,$1.25,-0.83,-39.904%,1,China,2019,9547126,Health Care,Biotechnology: Pharmaceutical Preparations
SCNI,Scinai Immunotherapeutics Ltd. American Depositary Shares,$1.22,-0.04,-3.175%,1,Israel,2015,44301,Health Care,Biotechnology: Biological Products (No Diagnostic Substances)
CRIS,Curis Inc. Common Stock,$0.75,-0.04,-5.070%,1,United States,,183174,Health Care,Biotechnology: Biological Products (No Diagnostic Substances)
SABSW,SAB Biotherapeutics Inc. Warrant,$0.01,-0.0006,-4.110%,1,United States,2021,4998,Health Care,Biotechnology: Biological Products (No Diagnostic Substances)
CDT,CDT Equity Inc. Common Stock,$0.93,0.0124,1.351%,1,United States,2022,918315,Health Care,Biotechnology: Pharmaceutical Preparations
SCLXW,Scilex Holding Company Warrant,$0.10,0,0.000%,0,United States,2021,100,Health Care,Biotechnology: Biological Products (No Diagnostic Substances)
TVGNW,Tevogen Inc. Warrant,$0.06,-0.0031,-4.867%,0,United States,2022,368397,Health Care,Biotechnology: Biological Products (No Diagnostic Substances)
BFRIW,Biofrontera Inc. Warrants,$0.01,-0.001,-6.757%,0,United States,2021,209,Health Care,Biotechnology: Pharmaceutical Preparations
CINGW,Cingulate Inc. Warrants,$0.01,0.003,85.714%,0,United States,2021,159650,Health Care,Biotechnology: Pharmaceutical Preparations
SXTPW,60 Degrees Pharmaceuticals Inc. Warrant,$0.02,-0.0041,-14.801%,0,United States,2023,18525,Health Care,Biotechnology: Pharmaceutical Preparations
LIMNW,Liminatus Pharma Inc. Warrants,$0.06,0,0.000%,0,United States,,88,Health Care,Biotechnology: Biological Products (No Diagnostic Substances)
PBMWW,Psyence Biomedical Ltd. Warrant,$0.02,-0.0015,-7.143%,0,Canada,,26371,Health Care,Biotechnology: Pharmaceutical Preparations
ERNAW,Ernexa Therapeutics Inc. Warrants,$0.03,-0.0082,-23.429%,0,United States,,241891,Health Care,Biotechnology: Pharmaceutical Preparations
CDIOW,Cardio Diagnostics Holdings Inc. Warrant,$0.01,-0.0004,-3.252%,0,United States,2022,23494,Health Care,Biotechnology: In Vitro & In Vivo Diagnostic Substances
APLMW,Apollomics Inc. Warrant,$0.01,0.0001,0.962%,0,United States,,503,Health Care,Biotechnology: Pharmaceutical Preparations
NRSNW,NeuroSense Therapeutics Ltd. Warrant,$0.01,-0.0252,-63.636%,0,Israel,2021,9146,Health Care,Biotechnology: Pharmaceutical Preparations
CDTTW,CDT Equity Inc. Warrant,$0.01,0,0.000%,0,United States,2022,344,Health Care,Biotechnology: Pharmaceutical Preparations
BKHA,Black Hawk Acquisition Corporation Class A Ordinary Shares,$12.28,0,0.000%,0,United States,2024,38,Health Care,Biotechnology: Biological Products (No Diagnostic Substances)
BKHAR,Black Hawk Acquisition Corporation Rights,$1.70,0,0.000%,0,United States,2024,50,Health Care,Biotechnology: Biological Products (No Diagnostic Substances)
BLUWU,Blue Water Acquisition Corp. III Unit.,$10.50,0,0.000%,0,United States,2025,1,Health Care,Biotechnology: Biological Products (No Diagnostic Substances)
EMIS,Emmis Acquisition Corp. Class A Ordinary Shares,$10.27,0,0.000%,0,United States,2025,7,Health Care,Biotechnology: Pharmaceutical Preparations
