Symbol,Name,Last Sale,Net Change,% Change,Market Cap,Country,IPO Year,Volume,Sector,Industry
LLY,Eli Lilly and Company Common Stock,$1213.91,22.17,1.86%,1143189,United States,,3296223,Health Care,Biotechnology: Pharmaceutical Preparations
JNJ,Johnson & Johnson Common Stock,$263.04,9.06,3.567%,633194,United States,,7998685,Health Care,Biotechnology: Pharmaceutical Preparations
AZN,AstraZeneca PLC Ordinary Shares,$195.15,11.29,6.141%,605248,United Kingdom,2026.0,2379484,Health Care,Biotechnology: Pharmaceutical Preparations
ABBV,AbbVie Inc. Common Stock,$261.07,10.01,3.987%,461256,United States,2012.0,7112752,Health Care,Biotechnology: Pharmaceutical Preparations
MRK,Merck & Company Inc. Common Stock (new),$129.56,4.19,3.342%,319990,United States,,7832205,Health Care,Biotechnology: Pharmaceutical Preparations
NVS,Novartis AG Common Stock,$159.90,5.76,3.737%,305113,Switzerland,,1588013,Health Care,Biotechnology: Pharmaceutical Preparations
NVO,Novo Nordisk A/S Common Stock,$50.43,1.66,3.404%,223300,Denmark,,12069468,Health Care,Biotechnology: Pharmaceutical Preparations
AMGN,Amgen Inc. Common Stock,$374.15,12.82,3.548%,201931,United States,1983.0,2487585,Health Care,Biotechnology: Biological Products (No Diagnostic Substances)
ABT,Abbott Laboratories Common Stock,$95.40,3.22,3.493%,166168,United States,,10643861,Health Care,Biotechnology: Pharmaceutical Preparations
GILD,Gilead Sciences Inc. Common Stock,$131.27,5.3,4.207%,162980,United States,1992.0,8088419,Health Care,Biotechnology: Biological Products (No Diagnostic Substances)
PFE,Pfizer Inc. Common Stock,$24.32,0.44,1.843%,138610,United States,,53096908,Health Care,Biotechnology: Pharmaceutical Preparations
VRTX,Vertex Pharmaceuticals Incorporated Common Stock,$528.04,30.03,6.03%,134019,United States,1991.0,1855601,Health Care,Biotechnology: Pharmaceutical Preparations
BMY,Bristol-Myers Squibb Company Common Stock,$58.13,1.69,2.994%,118705,United States,,10001847,Health Care,Biotechnology: Pharmaceutical Preparations
GSK,GSK plc American Depositary Shares (Each representing two Ordinary Shares),$53.66,2.36,4.60%,108668,United Kingdom,2022.0,3802624,Health Care,Biotechnology: Pharmaceutical Preparations
SNY,Sanofi ADS,$43.16,1.53,3.675%,105260,France,,3459466,Health Care,Biotechnology: Pharmaceutical Preparations
REGN,Regeneron Pharmaceuticals Inc. Common Stock,$654.27,29.55,4.73%,68593,United States,1991.0,1071575,Health Care,Biotechnology: Pharmaceutical Preparations
ARGX,argenx SE American Depositary Shares,$939.68,30.18,3.318%,58319,Netherlands,2017.0,381397,Health Care,Biotechnology: Biological Products (No Diagnostic Substances)
IDXX,IDEXX Laboratories Inc. Common Stock,$557.80,20.22,3.761%,44000,United States,1991.0,813894,Health Care,Biotechnology: In Vitro & In Vivo Diagnostic Substances
ALNY,Alnylam Pharmaceuticals Inc. Common Stock,$312.78,11.11,3.683%,41760,United States,2004.0,1093371,Health Care,Biotechnology: Pharmaceutical Preparations
TEVA,Teva Pharmaceutical Industries Limited American Depositary Shares,$34.64,1.2,3.589%,40335,Israel,,4814791,Health Care,Biotechnology: Pharmaceutical Preparations
RVMD,Revolution Medicines Inc. Common Stock,$189.24,1.73,0.923%,40231,United States,2020.0,3189470,Health Care,Biotechnology: Biological Products (No Diagnostic Substances)
RPRX,Royalty Pharma plc Class A Ordinary Shares ,$57.77,1.99,3.568%,33265,United States,2020.0,3245289,Health Care,Biotechnology: Pharmaceutical Preparations
ONC,BeOne Medicines Ltd. American Depositary Shares,$297.65,6.91,2.377%,33090,Cayman Islands,2016.0,294948,Health Care,Biotechnology: Pharmaceutical Preparations
BIIB,Biogen Inc. Common Stock,$216.12,6.38,3.042%,31907,United States,,1155099,Health Care,Biotechnology: Biological Products (No Diagnostic Substances)
MRNA,Moderna Inc. Common Stock,$79.76,7.26,10.014%,31647,United States,2018.0,14088245,Health Care,Biotechnology: Biological Products (No Diagnostic Substances)
ZTS,Zoetis Inc. Class A Common Stock,$74.80,2.35,3.244%,31358,United States,2013.0,4356381,Health Care,Biotechnology: Pharmaceutical Preparations
ROIV,Roivant Sciences Ltd. Common Shares,$35.13,0.1,0.285%,25267,United Kingdom,,5079923,Health Care,Biotechnology: Pharmaceutical Preparations
BNTX,BioNTech SE American Depositary Share,$97.545,3.625,3.86%,24515,Germany,2019.0,1390570,Health Care,Biotechnology: Biological Products (No Diagnostic Substances)
INSM,Insmed Incorporated Common Stock,$111.60,4.6,4.299%,24189,United States,,2770868,Health Care,Biotechnology: Pharmaceutical Preparations
UTHR,United Therapeutics Corporation Common Stock,$555.91,8.76,1.601%,23596,United States,1999.0,534718,Health Care,Biotechnology: Pharmaceutical Preparations
BDRX,Biodexa Pharmaceuticals plc American Depositary Shs,$2.94,-0.06,-2.00%,21935,United Kingdom,,11261,Health Care,Biotechnology: Pharmaceutical Preparations
VTRS,Viatris Inc. Common Stock,$16.70,0.52,3.214%,19448,United States,,9040801,Health Care,Biotechnology: Pharmaceutical Preparations
GMAB,Genmab A/S ADS,$28.515,0.875,3.166%,18317,Denmark,2019.0,1415032,Health Care,Biotechnology: Pharmaceutical Preparations
NBIX,Neurocrine Biosciences Inc. Common Stock,$174.26,6.49,3.868%,17521,United States,1996.0,1251231,Health Care,Biotechnology: Biological Products (No Diagnostic Substances)
ASND,Ascendis Pharma A/S Ordinary Share,$274.50,6.71,2.506%,17012,Denmark,2015.0,552494,Health Care,Biotechnology: Pharmaceutical Preparations
JAZZ,Jazz Pharmaceuticals plc Common Stock (Ireland),$243.47,5.96,2.509%,15294,Ireland,2007.0,766963,Health Care,Biotechnology: Pharmaceutical Preparations
BBIO,BridgeBio Pharma Inc. Common Stock,$77.19,2.67,3.583%,15106,United States,2019.0,3179511,Health Care,Biotechnology: Pharmaceutical Preparations
EXEL,Exelixis Inc. Common Stock,$55.85,1.89,3.503%,14038,United States,2000.0,2364265,Health Care,Biotechnology: Biological Products (No Diagnostic Substances)
IONS,Ionis Pharmaceuticals Inc. Common Stock,$81.80,2.61,3.296%,13518,United States,,2301715,Health Care,Biotechnology: Pharmaceutical Preparations
AXSM,Axsome Therapeutics Inc. Common Stock,$244.31,3.65,1.517%,12572,United States,2015.0,854288,Health Care,Biotechnology: Pharmaceutical Preparations
ELAN,Elanco Animal Health Incorporated Common Stock,$25.00,0.91,3.778%,12486,United States,2018.0,5689344,Health Care,Biotechnology: Pharmaceutical Preparations
MDGL,Madrigal Pharmaceuticals Inc. Common Stock,$528.10,13.71,2.665%,12175,United States,2007.0,221881,Health Care,Biotechnology: Pharmaceutical Preparations
RDY,Dr. Reddy's Laboratories Ltd Common Stock,$14.38,0.39,2.788%,12002,India,,2176391,Health Care,Biotechnology: Pharmaceutical Preparations
SMMT,Summit Therapeutics Inc. Common Stock ,$15.42,1.04,7.232%,11968,United States,2015.0,7102954,Health Care,Biotechnology: Pharmaceutical Preparations
ARWR,Arrowhead Pharmaceuticals Inc. Common Stock,$83.99,3.55,4.413%,11830,United States,,1702042,Health Care,Biotechnology: Pharmaceutical Preparations
ABVX,Abivax SA American Depositary Shares,$144.65,12.09,9.12%,11469,France,2023.0,4014338,Health Care,Biotechnology: Pharmaceutical Preparations
BMRN,BioMarin Pharmaceutical Inc. Common Stock,$58.99,1.17,2.024%,11401,United States,1999.0,1481680,Health Care,Biotechnology: Pharmaceutical Preparations
TECH,Bio-Techne Corp Common Stock,$70.83,-0.17,-0.239%,11089,United States,,7826477,Health Care,Biotechnology: Biological Products (No Diagnostic Substances)
KRYS,Krystal Biotech Inc. Common Stock,$375.07,3.49,0.939%,11056,United States,2017.0,235398,Health Care,Biotechnology: Biological Products (No Diagnostic Substances)
CYTK,Cytokinetics Incorporated Common Stock,$86.49,1.23,1.443%,10762,United States,2004.0,2030299,Health Care,Biotechnology: Pharmaceutical Preparations
APGE,Apogee Therapeutics Inc. Common Stock,$132.91,0.14,0.105%,10020,United States,2023.0,2998891,Health Care,Biotechnology: Biological Products (No Diagnostic Substances)
IBRX,ImmunityBio Inc. Common Stock,$9.44,0.24,2.609%,9887,United States,2015.0,14631004,Health Care,Biotechnology: Biological Products (No Diagnostic Substances)
NUVL,Nuvalent Inc. Class A Common Stock,$123.73,0.13,0.105%,9774,United States,2021.0,1297618,Health Care,Biotechnology: Pharmaceutical Preparations
CORT,Corcept Therapeutics Incorporated Common Stock,$90.21,1.73,1.955%,9684,United States,2004.0,771933,Health Care,Biotechnology: Pharmaceutical Preparations
HALO,Halozyme Therapeutics Inc. Common Stock,$79.45,2.44,3.168%,9423,United States,,1566410,Health Care,Biotechnology: Biological Products (No Diagnostic Substances)
KYMR,Kymera Therapeutics Inc. Common Stock,$113.51,-0.69,-0.604%,9337,United States,2020.0,788349,Health Care,Biotechnology: Biological Products (No Diagnostic Substances)
ALKS,Alkermes plc Ordinary Shares,$54.58,2.86,5.53%,9097,Ireland,1991.0,1653758,Health Care,Biotechnology: Pharmaceutical Preparations
PRAX,Praxis Precision Medicines Inc. Common Stock,$318.52,-1.08,-0.338%,8879,United States,2020.0,358392,Health Care,Biotechnology: Pharmaceutical Preparations
PTGX,Protagonist Therapeutics Inc. Common Stock,$131.62,6.45,5.153%,8464,United States,2016.0,708479,Health Care,Biotechnology: Pharmaceutical Preparations
PCVX,Vaxcyte Inc. Common Stock,$58.39,2.31,4.119%,8431,United States,2020.0,1378654,Health Care,Biotechnology: Pharmaceutical Preparations
QGEN,Qiagen N.V. Common Shares,$40.10,0.97,2.479%,8263,Netherlands,2026.0,1625948,Health Care,Biotechnology: Biological Products (No Diagnostic Substances)
TGTX,TG Therapeutics Inc. Common Stock,$53.31,-0.21,-0.392%,8160,United States,,3075257,Health Care,Biotechnology: Pharmaceutical Preparations
RGEN,Repligen Corporation Common Stock,$142.40,3.41,2.453%,8032,United States,1986.0,985827,Health Care,Biotechnology: Biological Products (No Diagnostic Substances)
IMVT,Immunovant Inc. Common Stock,$38.79,0.65,1.704%,7963,United States,2019.0,1048571,Health Care,Biotechnology: Biological Products (No Diagnostic Substances)
RYTM,Rhythm Pharmaceuticals Inc. Common Stock,$114.17,3.76,3.405%,7824,United States,2017.0,954991,Health Care,Biotechnology: Pharmaceutical Preparations
MIRM,Mirum Pharmaceuticals Inc. Common Stock,$125.59,5.13,4.259%,7658,United States,2019.0,653043,Health Care,Biotechnology: Pharmaceutical Preparations
SYRE,Spyre Therapeutics Inc. Common Stock,$86.63,-2.26,-2.542%,7617,United States,2016.0,973968,Health Care,Biotechnology: Pharmaceutical Preparations
LNTH,Lantheus Holdings Inc. Common Stock,$109.89,0.93,0.854%,7154,United States,2015.0,511133,Health Care,Biotechnology: In Vitro & In Vivo Diagnostic Substances
LQDA,Liquidia Corporation Common Stock,$78.93,-0.39,-0.492%,7019,United States,2018.0,1405129,Health Care,Biotechnology: Pharmaceutical Preparations
PTCT,PTC Therapeutics Inc. Common Stock,$83.31,1.96,2.409%,6910,United States,2013.0,6777513,Health Care,Biotechnology: Pharmaceutical Preparations
COGT,Cogent Biosciences Inc. Common Stock,$38.69,0.21,0.546%,6610,United States,2018.0,1858843,Health Care,Biotechnology: Pharmaceutical Preparations
SRRK,Scholar Rock Holding Corporation Common Stock,$54.88,2.04,3.861%,6576,United States,2018.0,1726090,Health Care,Biotechnology: Biological Products (No Diagnostic Substances)
LGND,Ligand Pharmaceuticals Incorporated Common Stock,$319.55,7.54,2.417%,6404,United States,,368234,Health Care,Biotechnology: Pharmaceutical Preparations
CGON,CG Oncology Inc. Common stock,$70.36,-0.53,-0.748%,6205,United States,2024.0,792414,Health Care,Biotechnology: Biological Products (No Diagnostic Substances)
TWST,Twist Bioscience Corporation Common Stock,$99.24,-3.01,-2.944%,6179,United States,2018.0,1524220,Health Care,Biotechnology: Biological Products (No Diagnostic Substances)
XENE,Xenon Pharmaceuticals Inc. Common Shares,$60.96,0.66,1.095%,5892,Canada,2014.0,1462598,Health Care,Biotechnology: Pharmaceutical Preparations
CRSP,CRISPR Therapeutics AG Common Shares,$60.08,4.46,8.019%,5794,Switzerland,2016.0,2928110,Health Care,Biotechnology: Biological Products (No Diagnostic Substances)
BLTE,Belite Bio Inc American Depositary Shares,$146.63,4.32,3.036%,5768,United States,2022.0,109403,Health Care,Biotechnology: Pharmaceutical Preparations
ERAS,Erasca Inc. Common Stock,$18.47,0.55,3.069%,5743,United States,2021.0,4095220,Health Care,Biotechnology: Pharmaceutical Preparations
LEGN,Legend Biotech Corporation American Depositary Shares,$29.91,0.02,0.067%,5555,United States,2020.0,1407075,Health Care,Biotechnology: Pharmaceutical Preparations
AMRX,Amneal Pharmaceuticals Inc. Class A Common Stock,$17.15,0.18,1.061%,5471,United States,,1545024,Health Care,Biotechnology: Pharmaceutical Preparations
MANE,Veradermics Incorporated Common Stock,$129.74,1.26,0.981%,5420,,2026.0,582555,Health Care,Biotechnology: Pharmaceutical Preparations
TVTX,Travere Therapeutics Inc. Common Stock,$56.92,0.58,1.029%,5293,United States,,1698923,Health Care,Biotechnology: Pharmaceutical Preparations
DNTH,Dianthus Therapeutics Inc. Common Stock,$94.34,4.13,4.578%,5157,United States,2018.0,753289,Health Care,Biotechnology: Pharmaceutical Preparations
ORKA,Oruka Therapeutics Inc. Common Stock,$85.21,-8.08,-8.661%,5139,United States,,4524071,Health Care,Biotechnology: In Vitro & In Vivo Diagnostic Substances
INDV,Indivior Pharmaceuticals Inc. Common Stock,$39.80,-0.45,-1.118%,4965,United Kingdom,,1488864,Health Care,Biotechnology: Pharmaceutical Preparations
KNSA,Kiniksa Pharmaceuticals International plc Class A Ordinary Shares,$64.53,1.645,2.616%,4964,United States,2018.0,625376,Health Care,Biotechnology: Pharmaceutical Preparations
GRFS,Grifols S.A. American Depositary Shares,$7.16,0.1745,2.498%,4922,Spain,,1369451,Health Care,Biotechnology: Pharmaceutical Preparations
CRNX,Crinetics Pharmaceuticals Inc. Common Stock,$42.23,3.55,9.178%,4452,United States,2018.0,2176724,Health Care,Biotechnology: Pharmaceutical Preparations
ACAD,ACADIA Pharmaceuticals Inc. Common Stock,$25.97,0.77,3.056%,4446,United States,1985.0,1586459,Health Care,Biotechnology: Pharmaceutical Preparations
VKTX,Viking Therapeutics Inc. Common Stock,$37.44,-0.04,-0.107%,4346,United States,2015.0,2486433,Health Care,Biotechnology: Pharmaceutical Preparations
TNGX,Tango Therapeutics Inc.,$29.46,0.73,2.541%,4261,United States,2020.0,2307617,Health Care,Biotechnology: Pharmaceutical Preparations
EWTX,Edgewise Therapeutics Inc. Common Stock,$39.56,0.41,1.047%,4256,United States,2021.0,793201,Health Care,Biotechnology: Pharmaceutical Preparations
DNLI,Denali Therapeutics Inc. Common Stock,$25.83,-0.15,-0.577%,4099,United States,2017.0,1541270,Health Care,Biotechnology: Biological Products (No Diagnostic Substances)
NAMS,NewAmsterdam Pharma Company N.V. Ordinary Shares,$34.83,-0.34,-0.967%,4071,Netherlands,,1202528,Health Care,Biotechnology: Pharmaceutical Preparations
TLX,Telix Pharmaceuticals Limited American Depositary Shares,$11.87,0.03,0.253%,4021,Australia,,255250,Health Care,Biotechnology: Pharmaceutical Preparations
CPRX,Catalyst Pharmaceuticals Inc. Common Stock,$31.45,0.01,0.032%,3848,United States,2006.0,1616286,Health Care,Biotechnology: Pharmaceutical Preparations
RCUS,Arcus Biosciences Inc. Common Stock,$30.33,1.41,4.876%,3814,United States,2018.0,1325793,Health Care,Biotechnology: Pharmaceutical Preparations
DYN,Dyne Therapeutics Inc. Common Stock,$23.07,1.28,5.874%,3813,United States,2020.0,2164771,Health Care,Biotechnology: Pharmaceutical Preparations
GPCR,Structure Therapeutics Inc. American Depositary Shares,$53.45,1.33,2.552%,3798,United States,2023.0,592530,Health Care,Biotechnology: Pharmaceutical Preparations
BEAM,Beam Therapeutics Inc. Common Stock,$34.79,1.31,3.913%,3579,United States,2020.0,2315742,Health Care,Biotechnology: Biological Products (No Diagnostic Substances)
RLAY,Relay Therapeutics Inc. Common Stock,$18.65,0.89,5.011%,3573,United States,2020.0,3172977,Health Care,Biotechnology: Biological Products (No Diagnostic Substances)
OGN,Organon & Co. Common Stock ,$13.55,0.02,0.148%,3558,United States,2021.0,1508090,Health Care,Biotechnology: Pharmaceutical Preparations
PBLS,Parabilis Medicines Inc. Common Stock,$29.58,1.82,6.556%,3512,United States,2026.0,302539,Health Care,Biotechnology: Pharmaceutical Preparations
ADPT,Adaptive Biotechnologies Corporation Common Stock,$21.19,-1.18,-5.275%,3391,United States,2019.0,3392136,Health Care,Biotechnology: Biological Products (No Diagnostic Substances)
ALMS,Alumis Inc. Common Stock,$26.50,-0.14,-0.526%,3378,United States,2024.0,1819209,Health Care,Biotechnology: Pharmaceutical Preparations
SLBT,SL Science Holding Limited Ordinary Shares,$5.99,1.54,34.607%,3358,Taiwan,,1173248,Health Care,Biotechnology: Biological Products (No Diagnostic Substances)
IDYA,IDEAYA Biosciences Inc. Common Stock,$37.65,1.48,4.092%,3307,United States,2019.0,1264382,Health Care,Biotechnology: Pharmaceutical Preparations
RARE,Ultragenyx Pharmaceutical Inc. Common Stock,$33.47,1.09,3.366%,3296,United States,2014.0,1239013,Health Care,Biotechnology: Pharmaceutical Preparations
ARQT,Arcutis Biotherapeutics Inc. Common Stock,$25.81,-0.03,-0.116%,3228,United States,2020.0,1198201,Health Care,Biotechnology: Pharmaceutical Preparations
ELVN,Enliven Therapeutics Inc. Common Stock,$49.82,1.06,2.174%,3034,United States,2020.0,853884,Health Care,Biotechnology: Pharmaceutical Preparations
CLDX,Celldex Therapeutics Inc.,$38.37,1.59,4.323%,3011,United States,,876831,Health Care,Biotechnology: In Vitro & In Vivo Diagnostic Substances
VERA,Vera Therapeutics Inc. Class A Common Stock,$41.20,-1.46,-3.422%,2957,United States,2021.0,5141426,Health Care,Biotechnology: Pharmaceutical Preparations
IRON,Disc Medicine Inc. Common Stock,$76.26,1.31,1.748%,2913,United States,,985673,Health Care,Biotechnology: Pharmaceutical Preparations
KLRA,Kailera Therapeutics Inc. Common Stock,$21.99,1.17,5.62%,2849,United States,2026.0,392325,Health Care,Biotechnology: Pharmaceutical Preparations
TARS,Tarsus Pharmaceuticals Inc. Common Stock,$65.44,4.55,7.472%,2815,United States,2020.0,1785686,Health Care,Biotechnology: Biological Products (No Diagnostic Substances)
SUPN,Supernus Pharmaceuticals Inc. Common Stock,$48.05,0.64,1.35%,2788,United States,2012.0,969045,Health Care,Biotechnology: Pharmaceutical Preparations
SLS,SELLAS Life Sciences Group Inc. Common Stock,$14.98,1.71,12.886%,2786,United States,,17226575,Health Care,Biotechnology: Pharmaceutical Preparations
MBX,MBX Biosciences Inc. Common Stock,$57.80,1.88,3.362%,2751,United States,2024.0,828761,Health Care,Biotechnology: Pharmaceutical Preparations
NAMSW,NewAmsterdam Pharma Company N.V. Warrant,$23.44,2.07,9.686%,2740,Netherlands,,1000,Health Care,Biotechnology: Pharmaceutical Preparations
IMNM,Immunome Inc. Common Stock,$23.61,2.12,9.865%,2673,United States,2020.0,1869129,Health Care,Biotechnology: Pharmaceutical Preparations
QURE,uniQure N.V. Ordinary Shares,$41.81,-3.36,-7.439%,2636,Netherlands,2014.0,2810125,Health Care,Biotechnology: Pharmaceutical Preparations
TRVI,Trevi Therapeutics Inc. Common Stock,$17.93,0.32,1.817%,2545,United States,2019.0,2206616,Health Care,Biotechnology: Pharmaceutical Preparations
BCRX,BioCryst Pharmaceuticals Inc. Common Stock,$9.84,0.19,1.969%,2500,United States,1994.0,4859942,Health Care,Biotechnology: Biological Products (No Diagnostic Substances)
NRIX,Nurix Therapeutics Inc. Common stock,$23.97,0.06,0.251%,2478,United States,2020.0,1427527,Health Care,Biotechnology: Pharmaceutical Preparations
NTLA,Intellia Therapeutics Inc. Common Stock,$17.56,0.32,1.856%,2453,United States,2016.0,4163314,Health Care,Biotechnology: In Vitro & In Vivo Diagnostic Substances
KOD,Kodiak Sciences Inc Common Stock,$38.54,1.3,3.491%,2411,United States,2018.0,1006026,Health Care,Biotechnology: Biological Products (No Diagnostic Substances)
TAK,Takeda Pharmaceutical Company Limited American Depositary Shares (each representing 1/2 of a share of Common Stock),$16.77,0.82,5.141%,2403,Japan,2018.0,3514980,Health Care,Biotechnology: Pharmaceutical Preparations
BHVN,Biohaven Ltd. Common Shares ,$15.96,0.2,1.269%,2402,United States,2022.0,3530658,Health Care,Biotechnology: Pharmaceutical Preparations
NKTR,Nektar Therapeutics  Common Stock,$71.04,6.65,10.328%,2400,United States,,1120201,Health Care,Biotechnology: Pharmaceutical Preparations
VCEL,Vericel Corporation Common Stock,$46.98,1.83,4.053%,2399,United States,,640707,Health Care,Biotechnology: Biological Products (No Diagnostic Substances)
ABCL,AbCellera Biologics Inc. Common Shares,$8.11,0.51,6.711%,2389,Canada,2020.0,8449103,Health Care,Biotechnology: Pharmaceutical Preparations
PHVS,Pharvaris N.V. Ordinary Shares,$33.86,-0.09,-0.265%,2358,Netherlands,2021.0,478103,Health Care,Biotechnology: Pharmaceutical Preparations
PBH,Prestige Consumer Healthcare Inc. Common Stock,$49.42,1.26,2.616%,2341,United States,2005.0,561951,Health Care,Biotechnology: Pharmaceutical Preparations
MLYS,Mineralys Therapeutics Inc. Common Stock,$27.69,0.8,2.975%,2284,United States,2023.0,700787,Health Care,Biotechnology: Pharmaceutical Preparations
AGIO,Agios Pharmaceuticals Inc. Common Stock,$37.58,0.5,1.348%,2234,United States,2013.0,791190,Health Care,Biotechnology: Pharmaceutical Preparations
GENB,Generate Biomedicines Inc. Common Stock,$17.41,0.91,5.515%,2231,United States,2026.0,833250,Health Care,Biotechnology: Pharmaceutical Preparations
HRMY,Harmony Biosciences Holdings Inc. Common Stock,$37.26,1.26,3.50%,2157,United States,2020.0,1013005,Health Care,Biotechnology: Pharmaceutical Preparations
ZLAB,Zai Lab Limited American Depositary Shares,$19.12,-0.03,-0.157%,2148,China,2017.0,389164,Health Care,Biotechnology: Pharmaceutical Preparations
KARD,Kardigan Inc. Common Stock,$24.35,0.24,0.995%,2134,United States,2026.0,342706,Health Care,Biotechnology: Pharmaceutical Preparations
OCUL,Ocular Therapeutix Inc. Common Stock,$9.64,0.17,1.795%,2110,United States,2014.0,1832305,Health Care,Biotechnology: Pharmaceutical Preparations
PVLA,Palvella Therapeutics Inc. Common Stock,$146.76,8.5,6.148%,2104,United States,,321883,Health Care,Biotechnology: Pharmaceutical Preparations
ADMA,ADMA Biologics Inc Common Stock,$8.95,0.34,3.949%,2079,United States,,4366713,Health Care,Biotechnology: Biological Products (No Diagnostic Substances)
GLUE,Monte Rosa Therapeutics Inc. Common Stock,$24.21,0.19,0.791%,2045,United States,2021.0,1391638,Health Care,Biotechnology: Biological Products (No Diagnostic Substances)
STOK,Stoke Therapeutics Inc. Common Stock,$32.70,-0.01,-0.031%,2036,United States,2019.0,1013222,Health Care,Biotechnology: Pharmaceutical Preparations
SRPT,Sarepta Therapeutics Inc. Common Stock (DE),$19.28,1.08,5.934%,2035,United States,,4356235,Health Care,Biotechnology: Pharmaceutical Preparations
NEOG,Neogen Corporation Common Stock,$9.34,0.03,0.322%,2033,United States,1989.0,1059876,Health Care,Biotechnology: In Vitro & In Vivo Diagnostic Substances
AMLX,Amylyx Pharmaceuticals Inc. Common Stock,$18.27,0.32,1.783%,2031,United States,2022.0,1392736,Health Care,Biotechnology: Pharmaceutical Preparations
RVMDW,Revolution Medicines Inc. Warrant,$9.55,0.16,1.704%,2030,United States,,24460,Health Care,Biotechnology: Biological Products (No Diagnostic Substances)
AUPH,Aurinia Pharmaceuticals Inc Ordinary Shares,$15.61,-0.19,-1.203%,2028,Canada,,2639444,Health Care,Biotechnology: Pharmaceutical Preparations
RXRX,Recursion Pharmaceuticals Inc. Class A Common Stock,$3.80,0.13,3.542%,2013,United States,2021.0,32639424,Health Care,Biotechnology: Biological Products (No Diagnostic Substances)
PGEN,Precigen Inc. Common Stock,$5.64,0.39,7.429%,2010,United States,,4765893,Health Care,Biotechnology: Pharmaceutical Preparations
LKFT,Lakefront Biotherapeutics American Depositary Shares,$30.39,0.79,2.669%,2002,Belgium,2015.0,159244,Health Care,Biotechnology: Pharmaceutical Preparations
HCM,HUTCHMED (China) Limited American Depositary Shares,$11.44,0.66,6.122%,1995,Hong Kong,2016.0,104621,Health Care,Biotechnology: Pharmaceutical Preparations
SION,Sionna Therapeutics Inc. Common Stock,$43.99,2.35,5.644%,1986,United States,2025.0,328685,Health Care,Biotechnology: Pharmaceutical Preparations
NUVB,Nuvation Bio Inc. Class A Common Stock,$5.70,0.28,5.166%,1984,United States,2020.0,6327604,Health Care,Biotechnology: Pharmaceutical Preparations
SNDX,Syndax Pharmaceuticals Inc. Common Stock,$21.82,0.93,4.452%,1933,United States,2016.0,2197392,Health Care,Biotechnology: Pharmaceutical Preparations
ANIP,ANI Pharmaceuticals Inc.,$86.03,2.98,3.588%,1932,United States,,581006,Health Care,Biotechnology: Pharmaceutical Preparations
IOVA,Iovance Biotherapeutics Inc. Common Stock,$4.31,0.34,8.564%,1924,United States,,20512352,Health Care,Biotechnology: Biological Products (No Diagnostic Substances)
ZYME,Zymeworks Inc. Common Stock,$26.31,0.59,2.294%,1921,United States,,563797,Health Care,Biotechnology: Pharmaceutical Preparations
ATAI,AtaiBeckley Inc. Common Stock,$5.19,0.31,6.352%,1910,Germany,2008.0,11326332,Health Care,Biotechnology: Pharmaceutical Preparations
BCAX,Bicara Therapeutics Inc. Common Stock,$29.00,0.09,0.311%,1905,United States,2024.0,924147,Health Care,Biotechnology: Pharmaceutical Preparations
ANAB,AnaptysBio Inc. Common Stock,$63.42,-2.01,-3.072%,1877,United States,2017.0,1355611,Health Care,Biotechnology: Pharmaceutical Preparations
TSHA,Taysha Gene Therapies Inc. Common Stock,$6.53,-0.12,-1.805%,1876,United States,2020.0,2324050,Health Care,Biotechnology: Biological Products (No Diagnostic Substances)
RAPP,Rapport Therapeutics Inc. Common Stock,$38.97,-0.42,-1.066%,1863,United States,2024.0,254386,Health Care,Biotechnology: Pharmaceutical Preparations
NBTX,Nanobiotix S.A. American Depositary Shares,$38.40,-1.08,-2.736%,1858,France,2020.0,94531,Health Care,Biotechnology: Pharmaceutical Preparations
MESO,Mesoblast Limited American Depositary Shares,$14.38,0.29,2.058%,1856,Australia,2015.0,191699,Health Care,Biotechnology: Biological Products (No Diagnostic Substances)
URGN,UroGen Pharma Ltd. Ordinary Shares,$38.02,0.08,0.211%,1852,Israel,2017.0,821827,Health Care,Biotechnology: Pharmaceutical Preparations
GHRS,GH Research PLC Ordinary Shares,$27.01,0.59,2.233%,1851,Ireland,2021.0,168337,Health Care,Biotechnology: Pharmaceutical Preparations
DMRA,Damora Therapeutics Inc. Common Stock,$29.98,2.89,10.668%,1845,Denmark,2020.0,760888,Health Care,Biotechnology: Pharmaceutical Preparations
CMPS,COMPASS Pathways Plc American Depository Shares,$13.62,0.33,2.483%,1838,United Kingdom,2020.0,4101743,Health Care,Biotechnology: Pharmaceutical Preparations
BHC,Bausch Health Companies Inc. Common Stock,$4.90,0.13,2.725%,1831,Canada,,3274501,Health Care,Biotechnology: Pharmaceutical Preparations
NNNN,Anbio Biotechnology Class A Ordinary Shares,$12.70,0.355,2.876%,1827,Germany,2025.0,40526,Health Care,Biotechnology: In Vitro & In Vivo Diagnostic Substances
TYRA,Tyra Biosciences Inc. Common Stock,$30.62,1.21,4.114%,1820,United States,2021.0,646065,Health Care,Biotechnology: Pharmaceutical Preparations
AKTS,Aktis Oncology Inc. Common stock,$31.76,0.87,2.816%,1755,United States,2026.0,723724,Health Care,Biotechnology: Pharmaceutical Preparations
MAZE,Maze Therapeutics Inc. Common Stock,$31.26,1.45,4.864%,1730,United States,2025.0,575586,Health Care,Biotechnology: Biological Products (No Diagnostic Substances)
AAPG,Ascentage Pharma Group International American Depository Shares,$18.50,0.54,3.007%,1726,China,2025.0,13529,Health Care,Biotechnology: Pharmaceutical Preparations
ZBIO,Zenas BioPharma Inc. Common Stock,$27.23,-0.77,-2.75%,1719,United States,2024.0,1383437,Health Care,Biotechnology: Pharmaceutical Preparations
VIR,Vir Biotechnology Inc. Common Stock,$10.04,0.48,5.021%,1693,United States,2019.0,1159911,Health Care,Biotechnology: Biological Products (No Diagnostic Substances)
MPLT,MapLight Therapeutics Inc. Common Stock,$37.09,1.01,2.799%,1681,United States,2025.0,367163,Health Care,Biotechnology: Pharmaceutical Preparations
INVA,Innoviva Inc. Common Stock,$22.31,0.41,1.872%,1646,United States,2004.0,655081,Health Care,Biotechnology: Pharmaceutical Preparations
AVBP,ArriVent BioPharma Inc. Common Stock,$34.67,0.17,0.493%,1614,United States,2024.0,515628,Health Care,Biotechnology: Pharmaceutical Preparations
NVAX,Novavax Inc. Common Stock,$9.74,0.28,2.96%,1601,United States,,4848737,Health Care,Biotechnology: Biological Products (No Diagnostic Substances)
HROW,Harrow Inc. Common Stock,$42.74,-0.26,-0.605%,1593,United States,,492588,Health Care,Biotechnology: Pharmaceutical Preparations
IMCR,Immunocore Holdings plc American Depositary Shares,$32.50,0.85,2.686%,1562,United Kingdom,2021.0,954723,Health Care,Biotechnology: Biological Products (No Diagnostic Substances)
MRVI,Maravai LifeSciences Holdings Inc. Class A Common Stock,$6.04,-0.11,-1.789%,1559,United States,2020.0,1720846,Health Care,Biotechnology: Pharmaceutical Preparations
SEPN,Septerna Inc. Common Stock,$34.00,-0.61,-1.762%,1532,United States,2024.0,475823,Health Care,Biotechnology: Pharmaceutical Preparations
PRGO,Perrigo Company plc Ordinary Shares,$11.02,0.71,6.887%,1524,United States,,3336081,Health Care,Biotechnology: Pharmaceutical Preparations
COAG,Hemab Therapeutics Holdings Inc. Common Stock,$31.00,-1.5,-4.615%,1447,United States,2026.0,250001,Health Care,Biotechnology: Biological Products (No Diagnostic Substances)
INBX,Inhibrx Biosciences Inc. Common Stock,$97.58,2.64,2.781%,1431,United States,,215123,Health Care,Biotechnology: Biological Products (No Diagnostic Substances)
XERS,Xeris Biopharma Holdings Inc. Common Stock,$8.28,0.28,3.50%,1429,United States,2018.0,3748952,Health Care,Biotechnology: Pharmaceutical Preparations
MNKD,MannKind Corporation Common Stock,$4.52,0.47,11.605%,1396,United States,2004.0,9568510,Health Care,Biotechnology: Pharmaceutical Preparations
MLTX,MoonLake Immunotherapeutics Class A Ordinary Shares,$18.95,-0.18,-0.941%,1395,United States,2020.0,1391704,Health Care,Biotechnology: Pharmaceutical Preparations
PAHC,Phibro Animal Health Corporation Class A Common Stock,$33.26,1.16,3.614%,1349,United States,2014.0,298950,Health Care,Biotechnology: Pharmaceutical Preparations
CAPR,Capricor Therapeutics Inc. Common Stock,$23.21,0.14,0.607%,1344,United States,,1640961,Health Care,Biotechnology: Pharmaceutical Preparations
IMTX,Immatics N.V. Ordinary Shares,$9.95,0.1,1.015%,1334,Germany,,440380,Health Care,Biotechnology: Biological Products (No Diagnostic Substances)
AVLN,Avalyn Pharma Inc. Common Stock,$29.73,-0.44,-1.458%,1318,United States,2026.0,581520,Health Care,Biotechnology: Pharmaceutical Preparations
ARDX,Ardelyx Inc. Common Stock,$5.27,0.11,2.132%,1301,United States,2014.0,3208578,Health Care,Biotechnology: Pharmaceutical Preparations
MGTX,MeiraGTx Holdings plc Ordinary Shares,$13.92,1.12,8.75%,1289,United States,2018.0,1120762,Health Care,Biotechnology: Biological Products (No Diagnostic Substances)
CRVS,Corvus Pharmaceuticals Inc. Common Stock,$15.23,0.47,3.184%,1280,United States,2016.0,1317898,Health Care,Biotechnology: Pharmaceutical Preparations
SVRA,Savara Inc. Common Stock,$6.22,0.16,2.64%,1274,United States,,1531773,Health Care,Biotechnology: Pharmaceutical Preparations
SDGR,Schrodinger Inc. Common Stock,$16.88,0.49,2.99%,1261,United States,2020.0,1508065,Health Care,Biotechnology: Pharmaceutical Preparations
QDEL,QuidelOrtho Corporation Common Stock,$18.25,0.07,0.385%,1244,United States,,1221862,Health Care,Biotechnology: In Vitro & In Vivo Diagnostic Substances
ORIC,Oric Pharmaceuticals Inc. Common Stock,$11.64,0.75,6.887%,1204,United States,2020.0,2174179,Health Care,Biotechnology: Pharmaceutical Preparations
WVE,Wave Life Sciences Ltd. Ordinary Shares,$6.26,0.42,7.192%,1204,Singapore,2015.0,4355750,Health Care,Biotechnology: Pharmaceutical Preparations
COLL,Collegium Pharmaceutical Inc. Common Stock,$37.03,1.16,3.234%,1201,United States,2015.0,480530,Health Care,Biotechnology: Pharmaceutical Preparations
OPK,OPKO Health Inc. Common Stock,$1.52,-0.01,-0.654%,1147,United States,,2155735,Health Care,Biotechnology: Pharmaceutical Preparations
ALVO,Alvotech Ordinary Shares,$3.61,0.03,0.838%,1126,Luxembourg,,478491,Health Care,Biotechnology: Biological Products (No Diagnostic Substances)
SANA,Sana Biotechnology Inc. Common Stock,$4.01,0.45,12.64%,1115,United States,2021.0,5297965,Health Care,Biotechnology: Biological Products (No Diagnostic Substances)
BIOA,BioAge Labs Inc. Common Stock,$25.10,0.84,3.462%,1115,United States,2024.0,418672,Health Care,Biotechnology: Pharmaceutical Preparations
VOR,Vor Biopharma Inc. Common Stock,$20.59,2.2,11.963%,1115,United States,2021.0,3910693,Health Care,Biotechnology: Biological Products (No Diagnostic Substances)
XNCR,Xencor Inc. Common Stock,$15.00,-0.38,-2.471%,1112,United States,2013.0,919453,Health Care,Biotechnology: Pharmaceutical Preparations
OLMA,Olema Pharmaceuticals Inc. Common Stock,$12.64,0.56,4.636%,1104,United States,2020.0,1375906,Health Care,Biotechnology: Pharmaceutical Preparations
SPTX,Seaport Therapeutics Inc. Common Stock,$20.57,-0.88,-4.103%,1101,United States,2026.0,220849,Health Care,Biotechnology: Pharmaceutical Preparations
CGEM,Cullinan Therapeutics Inc. Common Stock,$17.63,0.35,2.025%,1083,United States,2021.0,1074838,Health Care,Biotechnology: Biological Products (No Diagnostic Substances)
SLDB,Solid Biosciences Inc. Common Stock,$10.84,0.64,6.275%,1067,United States,2018.0,2631949,Health Care,Biotechnology: Biological Products (No Diagnostic Substances)
JBIO,Jade Biosciences Inc. Common Stock,$21.51,-0.3,-1.376%,1061,United States,2021.0,1204551,Health Care,Biotechnology: Pharmaceutical Preparations
LXRX,Lexicon Pharmaceuticals Inc. Common Stock,$2.32,-0.02,-0.855%,1030,United States,,2629758,Health Care,Biotechnology: Pharmaceutical Preparations
ETON,Eton Pharmaceuticals Inc. Common Stock,$37.50,0.87,2.375%,1027,United States,2018.0,526870,Health Care,Biotechnology: Pharmaceutical Preparations
PCRX,Pacira BioSciences Inc. Common Stock,$25.39,0.36,1.438%,999,United States,2011.0,370532,Health Care,Biotechnology: Pharmaceutical Preparations
AVTX,Avalo Therapeutics Inc. Common Stock,$18.84,1.55,8.965%,990,United States,2015.0,1815910,Health Care,Biotechnology: Pharmaceutical Preparations
KURA,Kura Oncology Inc. Common Stock,$11.10,0.32,2.968%,985,United States,,1888291,Health Care,Biotechnology: Pharmaceutical Preparations
DSGN,Design Therapeutics Inc. Common Stock,$15.64,0.98,6.685%,976,United States,2021.0,1578427,Health Care,Biotechnology: Pharmaceutical Preparations
PHAR,Pharming Group N.V. ADS each representing 10 ordinary shares,$13.77,0.1141,0.836%,972,Netherlands,,4582,Health Care,Biotechnology: Pharmaceutical Preparations
REPL,Replimune Group Inc. Common Stock,$11.58,0.36,3.209%,972,United States,2018.0,2843238,Health Care,Biotechnology: Biological Products (No Diagnostic Substances)
ABUS,Arbutus Biopharma Corporation Common Stock,$4.87,0.14,2.96%,962,Canada,,2601365,Health Care,Biotechnology: Pharmaceutical Preparations
LBRX,LB Pharmaceuticals Inc Common Stock,$33.43,1.54,4.829%,958,United States,2025.0,406044,Health Care,Biotechnology: Pharmaceutical Preparations
JANX,Janux Therapeutics Inc. Common Stock,$15.54,0.88,6.003%,947,United States,2021.0,1037698,Health Care,Biotechnology: Pharmaceutical Preparations
DBVT,DBV Technologies S.A. American Depositary Shares,$15.82,0.09,0.572%,936,France,2014.0,195932,Health Care,Biotechnology: Biological Products (No Diagnostic Substances)
ANNX,Annexon Inc. Common Stock,$5.46,-0.09,-1.622%,894,United States,2020.0,2561858,Health Care,Biotechnology: Pharmaceutical Preparations
PHAT,Phathom Pharmaceuticals Inc. Common Stock,$11.20,0.665,6.312%,893,United States,2019.0,889117,Health Care,Biotechnology: Pharmaceutical Preparations
TBPH,Theravance Biopharma Inc. Ordinary Shares,$16.93,-0.05,-0.294%,872,Cayman Islands,,1619587,Health Care,Biotechnology: Pharmaceutical Preparations
GERN,Geron Corporation Common Stock,$1.36,0.09,7.087%,872,United States,1996.0,10531575,Health Care,Biotechnology: Pharmaceutical Preparations
ANRO,Alto Neuroscience Inc. Common Stock,$24.78,-0.16,-0.642%,869,United States,2024.0,438558,Health Care,Biotechnology: Pharmaceutical Preparations
AMPH,Amphastar Pharmaceuticals Inc. Common Stock,$19.64,-0.46,-2.289%,865,United States,2014.0,315777,Health Care,Biotechnology: Pharmaceutical Preparations
SPRY,ARS Pharmaceuticals Inc. Common Stock,$8.56,0.62,7.809%,850,United States,2020.0,1796070,Health Care,Biotechnology: Pharmaceutical Preparations
CTMX,CytomX Therapeutics Inc. Common Stock,$3.82,0.22,6.111%,831,United States,2015.0,5123427,Health Care,Biotechnology: Pharmaceutical Preparations
ZVRA,Zevra Therapeutics Inc. Common Stock,$13.98,0.17,1.231%,826,United States,,1422356,Health Care,Biotechnology: Pharmaceutical Preparations
OCS,Oculis Holding AG Ordinary shares,$14.12,0.59,4.361%,818,Switzerland,,398352,Health Care,Biotechnology: Pharmaceutical Preparations
GYRE,Gyre Therapeutics Inc. Common Stock,$7.34,0.82,12.577%,818,United States,2006.0,101753,Health Care,Biotechnology: Pharmaceutical Preparations
IVA,Inventiva S.A. American Depository Shares,$3.91,0.22,5.962%,817,France,2020.0,1830209,Health Care,Biotechnology: Pharmaceutical Preparations
ESPR,Esperion Therapeutics Inc. Common Stock,$3.16,0.0,0.00%,813,United States,2013.0,7879343,Health Care,Biotechnology: Pharmaceutical Preparations
ODTX,Odyssey Therapeutics Inc. Common Stock,$16.80,0.19,1.144%,806,United States,2026.0,206831,Health Care,Biotechnology: Biological Products (No Diagnostic Substances)
AURA,Aura Biosciences Inc. Common Stock,$7.74,1.01,15.007%,800,United States,2021.0,961540,Health Care,Biotechnology: Biological Products (No Diagnostic Substances)
CYRX,CryoPort Inc. Common Stock,$15.49,-0.37,-2.333%,780,United States,,602318,Health Care,Biotechnology: Pharmaceutical Preparations
ACRS,Aclaris Therapeutics Inc. Common Stock,$5.56,0.22,4.12%,776,United States,2015.0,1943082,Health Care,Biotechnology: Pharmaceutical Preparations
CLYM,Climb Bio Inc. Common Stock,$12.90,-0.39,-2.935%,738,United States,2021.0,1176705,Health Care,Biotechnology: Pharmaceutical Preparations
IMMX,Immix Biopharma Inc. Common Stock,$10.34,0.51,5.188%,721,United States,2021.0,2074497,Health Care,Biotechnology: Pharmaceutical Preparations
CADL,Candel Therapeutics Inc. Common Stock,$9.83,-0.05,-0.506%,720,United States,2021.0,1550121,Health Care,Biotechnology: Biological Products (No Diagnostic Substances)
ALLO,Allogene Therapeutics Inc. Common Stock,$2.08,-0.03,-1.422%,717,United States,2018.0,9135198,Health Care,Biotechnology: Biological Products (No Diagnostic Substances)
RIGL,Rigel Pharmaceuticals Inc. Common Stock,$38.72,0.43,1.123%,716,United States,2000.0,573951,Health Care,Biotechnology: Pharmaceutical Preparations
TECX,Tectonic Therapeutic Inc. Common Stock,$37.93,5.19,15.852%,715,United States,2018.0,478556,Health Care,Biotechnology: Biological Products (No Diagnostic Substances)
IRWD,Ironwood Pharmaceuticals Inc. Class A Common Stock,$4.33,0.21,5.097%,712,United States,2010.0,2650169,Health Care,Biotechnology: Pharmaceutical Preparations
PRME,Prime Medicine Inc. Common Stock,$3.87,-0.02,-0.514%,698,United States,2022.0,5601185,Health Care,Biotechnology: Biological Products (No Diagnostic Substances)
ANL,Adlai Nortye Ltd. American Depositary Shares,$9.49,-1.11,-10.472%,691,Cayman Islands,2023.0,480910,Health Care,Biotechnology: Pharmaceutical Preparations
RGNX,REGENXBIO Inc. Common Stock,$13.28,0.19,1.451%,686,United States,2015.0,3297805,Health Care,Biotechnology: Biological Products (No Diagnostic Substances)
CRMD,CorMedix Inc. Common Stock,$8.75,0.28,3.306%,686,United States,,1043676,Health Care,Biotechnology: Pharmaceutical Preparations
FDMT,4D Molecular Therapeutics Inc. Common Stock,$13.00,0.31,2.443%,679,United States,2020.0,1002779,Health Care,Biotechnology: Biological Products (No Diagnostic Substances)
EIKN,Eikon Therapeutics Inc. Common Stock,$12.54,0.29,2.367%,678,United States,2026.0,457414,Health Care,Biotechnology: Biological Products (No Diagnostic Substances)
FBIOP,Fortress Biotech Inc. 9.375% Series A Cumulative Redeemable Perpetual Preferred Stock,$20.41,0.16,0.79%,678,United States,,20857,Health Care,Biotechnology: Pharmaceutical Preparations
TRAX,First Tracks Biotherapeutics Inc. Ordinary Shares ,$19.30,0.71,3.819%,673,United States,,559166,Health Care,Biotechnology: Pharmaceutical Preparations
OMER,Omeros Corporation Common Stock,$9.28,-0.13,-1.382%,671,United States,2009.0,1375245,Health Care,Biotechnology: Pharmaceutical Preparations
DRUG,Bright Minds Biosciences Inc. Common Stock,$67.60,1.06,1.593%,663,Canada,,234722,Health Care,Biotechnology: Pharmaceutical Preparations
RLMD,Relmada Therapeutics Inc. Common Stock,$6.28,-0.11,-1.721%,658,United States,,1448961,Health Care,Biotechnology: Pharmaceutical Preparations
ACHV,Achieve Life Sciences Inc. Common Shares,$6.40,0.0,0.00%,657,United States,,1712921,Health Care,Biotechnology: In Vitro & In Vivo Diagnostic Substances
MNPR,Monopar Therapeutics Inc. Common Stock,$97.79,2.76,2.904%,655,United States,2019.0,188292,Health Care,Biotechnology: Pharmaceutical Preparations
BBOT,BridgeBio Oncology Therapeutics Inc. Common Stock  ,$8.11,0.31,3.974%,649,United States,2024.0,401387,Health Care,Biotechnology: Pharmaceutical Preparations
DNA,Ginkgo Bioworks Holdings Inc. Class A Common Stock,$10.40,0.12,1.167%,646,United States,2021.0,865205,Health Care,Biotechnology: Biological Products (No Diagnostic Substances)
AGMB,AgomAb Therapeutics NV American Depositary Shares,$12.65,0.78,6.571%,622,Belgium,2026.0,38870,Health Care,Biotechnology: Biological Products (No Diagnostic Substances)
NVCT,Nuvectis Pharma Inc. Common Stock,$19.57,0.05,0.256%,616,United States,2022.0,654581,Health Care,Biotechnology: Pharmaceutical Preparations
ALT,Altimmune Inc. Common Stock,$3.16,0.01,0.317%,614,United States,,4055506,Health Care,Biotechnology: Pharmaceutical Preparations
PROK,ProKidney Corp. Class A Ordinary Shares,$2.03,0.14,7.407%,613,United States,2021.0,1597265,Health Care,Biotechnology: Biological Products (No Diagnostic Substances)
FTH,Faeth Therapeutics Inc. Common Stock,$22.92,-0.74,-3.128%,590,United States,2021.0,185865,Health Care,Biotechnology: Pharmaceutical Preparations
MDXG,MiMedx Group Inc Common Stock,$3.95,0.05,1.282%,588,United States,,662484,Health Care,Biotechnology: Pharmaceutical Preparations
MYGN,Myriad Genetics Inc. Common Stock,$5.99,-0.01,-0.167%,565,United States,1995.0,1319086,Health Care,Biotechnology: In Vitro & In Vivo Diagnostic Substances
CTNM,Contineum Therapeutics Inc. Class A Common Stock,$15.10,-0.14,-0.919%,564,United States,2024.0,378668,Health Care,Biotechnology: Pharmaceutical Preparations
NGNE,Neurogene Inc. Common Stock ,$35.34,1.46,4.309%,558,Canada,2014.0,363218,Health Care,Biotechnology: Pharmaceutical Preparations
ARVN,Arvinas Inc. Common Stock,$8.39,0.19,2.317%,541,United States,2018.0,643689,Health Care,Biotechnology: Pharmaceutical Preparations
KYTX,Kyverna Therapeutics Inc. Common Stock,$8.89,0.45,5.332%,540,United States,2024.0,1448709,Health Care,Biotechnology: Biological Products (No Diagnostic Substances)
STTK,Shattuck Labs Inc. Common Stock,$7.05,0.54,8.295%,540,United States,2020.0,908922,Health Care,Biotechnology: Pharmaceutical Preparations
XOMA,XOMA Royalty Corporation Common Stock,$43.00,0.38,0.892%,539,United States,1986.0,137649,Health Care,Biotechnology: Pharmaceutical Preparations
AQST,Aquestive Therapeutics Inc. Common Stock,$4.18,-0.06,-1.415%,524,United States,2018.0,1731216,Health Care,Biotechnology: Pharmaceutical Preparations
CABA,Cabaletta Bio Inc. Common Stock,$3.19,0.2,6.689%,520,United States,2019.0,8586461,Health Care,Biotechnology: Biological Products (No Diagnostic Substances)
OCGN,Ocugen Inc. Common Stock,$1.51,0.03,2.027%,511,United States,2014.0,6953265,Health Care,Biotechnology: Biological Products (No Diagnostic Substances)
PRTA,Prothena Corporation plc Ordinary Shares,$9.69,0.11,1.148%,507,United States,,462902,Health Care,Biotechnology: Pharmaceutical Preparations
STRO,Sutro Biopharma Inc. Common Stock,$30.43,0.19,0.628%,504,United States,2018.0,524969,Health Care,Biotechnology: Biological Products (No Diagnostic Substances)
OVID,Ovid Therapeutics Inc. Common Stock,$2.69,0.01,0.373%,502,United States,2017.0,1886958,Health Care,Biotechnology: Pharmaceutical Preparations
VALN,Valneva SE American Depositary Shares,$5.225,0.135,2.652%,495,France,2021.0,19027,Health Care,Biotechnology: Biological Products (No Diagnostic Substances)
ZURA,Zura Bio Limited Class A Ordinary Shares,$5.17,0.165,3.297%,491,Cayman Islands,,906420,Health Care,Biotechnology: Biological Products (No Diagnostic Substances)
SLN,Silence Therapeutics Plc American Depository Share,$10.39,-0.11,-1.048%,486,United Kingdom,,696520,Health Care,Biotechnology: Pharmaceutical Preparations
CCCC,C4 Therapeutics Inc. Common Stock,$4.30,-0.04,-0.922%,475,United States,2020.0,2566075,Health Care,Biotechnology: Biological Products (No Diagnostic Substances)
RZLT,Rezolute Inc. Common Stock (NV),$4.91,-0.04,-0.808%,472,United States,,2794847,Health Care,Biotechnology: Pharmaceutical Preparations
CBIO,Crescent Biopharma Inc. Common Stock,$17.09,0.01,0.059%,471,United States,2014.0,265930,Health Care,Biotechnology: Pharmaceutical Preparations
SGMT,Sagimet Biosciences Inc. Series A Common Stock,$7.61,0.15,2.011%,469,United States,2023.0,834234,Health Care,Biotechnology: Pharmaceutical Preparations
EVMN,Evommune Inc. Common Stock,$12.96,0.14,1.092%,466,United States,2025.0,1344533,Health Care,Biotechnology: Pharmaceutical Preparations
BNTC,Benitec Biopharma Inc. Common Stock,$13.22,0.53,4.177%,454,United States,2015.0,172371,Health Care,Biotechnology: Pharmaceutical Preparations
EOLS,Evolus Inc. Common Stock,$6.90,0.16,2.374%,454,United States,2018.0,534883,Health Care,Biotechnology: Pharmaceutical Preparations
ASMB,Assembly Biosciences Inc. Common Stock,$27.74,1.05,3.934%,440,United States,2010.0,199261,Health Care,Biotechnology: Pharmaceutical Preparations
ENTA,Enanta Pharmaceuticals Inc. Common Stock,$15.11,0.34,2.302%,439,United States,2013.0,299450,Health Care,Biotechnology: Pharmaceutical Preparations
IPSC,Century Therapeutics Inc. Common Stock,$2.43,0.04,1.674%,438,United States,2021.0,839802,Health Care,Biotechnology: Biological Products (No Diagnostic Substances)
KMDA,Kamada Ltd. Ordinary Shares,$7.50,-0.02,-0.266%,432,Israel,2013.0,17990,Health Care,Biotechnology: Pharmaceutical Preparations
FBRX,Forte Biosciences Inc. Common Stock,$20.92,-0.4,-1.876%,428,United States,2017.0,401435,Health Care,Biotechnology: Pharmaceutical Preparations
EBS,Emergent BioSolutions Inc. Common Stock,$8.28,0.0,0.00%,427,United States,2006.0,575927,Health Care,Biotechnology: Pharmaceutical Preparations
AUTL,Autolus Therapeutics plc American Depositary Share,$1.58,0.0,0.00%,420,United Kingdom,2018.0,1442174,Health Care,Biotechnology: Biological Products (No Diagnostic Substances)
PBYI,Puma Biotechnology Inc Common Stock,$8.26,0.27,3.379%,420,United States,,211576,Health Care,Biotechnology: Pharmaceutical Preparations
RCKT,Rocket Pharmaceuticals Inc. Common Stock,$3.84,0.32,9.091%,419,United States,2015.0,2700664,Health Care,Biotechnology: Pharmaceutical Preparations
DMAC,DiaMedica Therapeutics Inc. Common Stock,$7.62,0.18,2.419%,410,United States,2018.0,215970,Health Care,Biotechnology: Pharmaceutical Preparations
TENX,Tenax Therapeutics Inc. Common Stock,$15.46,2.17,16.328%,410,United States,,3893338,Health Care,Biotechnology: Pharmaceutical Preparations
CMPX,Compass Therapeutics Inc. Common Stock,$2.27,0.09,4.128%,408,United States,,2934158,Health Care,Biotechnology: Biological Products (No Diagnostic Substances)
UPB,Upstream Bio Inc. Common Stock,$7.51,0.23,3.159%,408,United States,2024.0,363221,Health Care,Biotechnology: Pharmaceutical Preparations
INDP,Indaptus Therapeutics Inc. Common Stock,$3.03,0.09,3.061%,403,United States,,146812,Health Care,Biotechnology: Pharmaceutical Preparations
AVIR,Atea Pharmaceuticals Inc. Common Stock,$4.98,0.2,4.184%,398,United States,2020.0,415190,Health Care,Biotechnology: Pharmaceutical Preparations
VSTM,Verastem Inc. Common Stock,$4.50,0.4,9.756%,395,United States,2012.0,2967600,Health Care,Biotechnology: Pharmaceutical Preparations
PRLD,Prelude Therapeutics Incorporated Common Stock,$4.91,0.0,0.00%,391,United States,2020.0,326590,Health Care,Biotechnology: Pharmaceutical Preparations
XFOR,X4 Pharmaceuticals Inc. Common Stock,$4.13,0.045,1.102%,389,United States,2017.0,678929,Health Care,Biotechnology: Biological Products (No Diagnostic Substances)
HELP,Cybin Inc. Common Stock,$6.24,-0.04,-0.637%,386,Canada,,909835,Health Care,Biotechnology: Pharmaceutical Preparations
SOPH,SOPHiA GENETICS SA Ordinary Shares,$5.35,-0.24,-4.293%,384,Switzerland,2021.0,385348,Health Care,Biotechnology: Biological Products (No Diagnostic Substances)
NATR,Nature's Sunshine Products Inc. Common Stock,$21.47,-0.48,-2.187%,377,United States,,100228,Health Care,Biotechnology: Pharmaceutical Preparations
VNDA,Vanda Pharmaceuticals Inc. Common Stock,$6.21,0.16,2.645%,373,United States,2006.0,858731,Health Care,Biotechnology: Pharmaceutical Preparations
FENC,Fennec Pharmaceuticals Inc. Common Stock,$10.70,0.36,3.482%,369,United States,,140522,Health Care,Biotechnology: Biological Products (No Diagnostic Substances)
LXEO,Lexeo Therapeutics Inc. Common Stock,$4.69,0.24,5.393%,368,United States,2023.0,825589,Health Care,Biotechnology: Biological Products (No Diagnostic Substances)
PALI,Palisade Bio Inc. Common Stock,$2.10,0.13,6.599%,364,United States,,3347872,Health Care,Biotechnology: Biological Products (No Diagnostic Substances)
ABEO,Abeona Therapeutics Inc. Common Stock,$6.40,0.35,5.785%,364,United States,,1396182,Health Care,Biotechnology: Pharmaceutical Preparations
EDIT,Editas Medicine Inc. Common Stock,$3.65,0.37,11.28%,357,United States,2016.0,4200619,Health Care,Biotechnology: Biological Products (No Diagnostic Substances)
IRD,Opus Genetics Inc. Common Stock,$4.23,0.05,1.196%,349,United States,,847560,Health Care,Biotechnology: Pharmaceutical Preparations
AMRN,Amarin Corporation plc,$16.37,-0.1,-0.607%,343,Ireland,,91704,Health Care,Biotechnology: Pharmaceutical Preparations
FATE,Fate Therapeutics Inc. Common Stock,$2.92,-0.1,-3.311%,340,United States,2013.0,4192462,Health Care,Biotechnology: Biological Products (No Diagnostic Substances)
LRMR,Larimar Therapeutics Inc. Common Stock,$3.26,0.05,1.558%,338,United States,2014.0,2443612,Health Care,Biotechnology: Pharmaceutical Preparations
LCTX,Lineage Cell Therapeutics Inc. Common Stock,$1.35,0.05,3.846%,336,United States,,724046,Health Care,Biotechnology: Biological Products (No Diagnostic Substances)
IMRX,Immuneering Corporation Class A Common Stock,$5.19,0.14,2.772%,335,United States,2021.0,1162152,Health Care,Biotechnology: Pharmaceutical Preparations
AKBA,Akebia Therapeutics Inc. Common Stock,$1.24,0.03,2.479%,332,United States,2014.0,4196587,Health Care,Biotechnology: Pharmaceutical Preparations
LYEL,Lyell Immunopharma Inc. Common Stock,$14.05,1.08,8.327%,327,United States,2021.0,219464,Health Care,Biotechnology: Pharmaceutical Preparations
GLSI,Greenwich LifeSciences Inc. Common Stock,$22.00,-1.7,-7.173%,322,United States,2020.0,100154,Health Care,Biotechnology: Pharmaceutical Preparations
ZNTL,Zentalis Pharmaceuticals Inc. Common Stock,$4.46,0.105,2.411%,317,United States,2020.0,583692,Health Care,Biotechnology: Pharmaceutical Preparations
XOMAO,XOMA Royalty Corporation Depositary Shares Rep Series B 8.375% Cumulative Preferred Stock,$24.97,0.0284,0.114%,313,United States,,13255,Health Care,Biotechnology: Pharmaceutical Preparations
XOMAP,XOMA Royalty Corporation 8.625% Series A Cumulative Perpetual Preferred Stock,$24.97,-0.0008,-0.003%,313,United States,,1705,Health Care,Biotechnology: Pharmaceutical Preparations
RNAC,Cartesian Therapeutics Inc. Common Stock,$10.59,0.41,4.028%,311,United States,2016.0,178036,Health Care,Biotechnology: Pharmaceutical Preparations
FHTX,Foghorn Therapeutics Inc. Common Stock,$5.30,0.29,5.788%,311,United States,2020.0,401714,Health Care,Biotechnology: Pharmaceutical Preparations
TKNO,Alpha Teknova Inc. Common Stock,$5.79,-0.09,-1.531%,310,United States,2021.0,69733,Health Care,Biotechnology: In Vitro & In Vivo Diagnostic Substances
NMRA,Neumora Therapeutics Inc. Common Stock,$1.67,0.05,3.086%,309,United States,2023.0,1057703,Health Care,Biotechnology: Biological Products (No Diagnostic Substances)
ELDN,Eledon Pharmaceuticals Inc. Common Stock,$3.95,0.05,1.282%,304,United States,2014.0,1164991,Health Care,Biotechnology: Pharmaceutical Preparations
ORGO,Organogenesis Holdings Inc. Class A Common Stock,$2.36,-0.08,-3.279%,303,United States,2016.0,757989,Health Care,Biotechnology: Pharmaceutical Preparations
BCYC,Bicycle Therapeutics plc American Depositary Shares,$4.35,0.14,3.325%,303,United Kingdom,2019.0,353700,Health Care,Biotechnology: Pharmaceutical Preparations
OCSAW,Oculis Holding AG Warrants,$5.20,0.19,3.792%,301,Switzerland,,2873,Health Care,Biotechnology: Pharmaceutical Preparations
SABS,SAB Biotherapeutics Inc. Common Stock,$3.92,0.04,1.031%,299,United States,2021.0,266622,Health Care,Biotechnology: Biological Products (No Diagnostic Substances)
MGNX,MacroGenics Inc. Common Stock,$4.71,0.09,1.948%,299,United States,2013.0,860988,Health Care,Biotechnology: Pharmaceutical Preparations
TRDA,Entrada Therapeutics Inc. Common Stock,$7.72,0.13,1.713%,299,United States,2021.0,360897,Health Care,Biotechnology: Pharmaceutical Preparations
GALT,Galectin Therapeutics Inc. Common Stock,$4.51,0.18,4.157%,297,United States,,722906,Health Care,Biotechnology: Pharmaceutical Preparations
ADAG,Adagene Inc. American Depositary Shares,$4.47,-0.31,-6.485%,295,China,2021.0,81666,Health Care,Biotechnology: Pharmaceutical Preparations
SRZN,Surrozen Inc. Common Stock,$24.92,-0.6,-2.351%,289,United States,,99793,Health Care,Biotechnology: Biological Products (No Diagnostic Substances)
VRXA,Veraxa Biotech AG Ordinary Shares,$2.04,0.315,18.261%,288,Switzerland,,5028213,Health Care,Biotechnology: Pharmaceutical Preparations
ALXO,ALX Oncology Holdings Inc. Common Stock,$2.07,0.01,0.485%,278,United States,2020.0,1067448,Health Care,Biotechnology: Pharmaceutical Preparations
SIGA,SIGA Technologies Inc. Common Stock,$3.86,0.14,3.763%,276,United States,,545294,Health Care,Biotechnology: Pharmaceutical Preparations
IVVD,Invivyd Inc. Common Stock,$0.8938,0.0394,4.611%,263,United States,2021.0,2199066,Health Care,Biotechnology: Biological Products (No Diagnostic Substances)
IKT,Inhibikase Therapeutics Inc. Common Stock,$1.99,0.05,2.577%,262,United States,2020.0,678503,Health Care,Biotechnology: Biological Products (No Diagnostic Substances)
EVO,Evotec SE American Depositary Shares,$2.90,0.05,1.754%,257,Germany,2021.0,26247,Health Care,Biotechnology: Pharmaceutical Preparations
ACIU,AC Immune SA Common Stock,$2.51,0.13,5.462%,255,Switzerland,2016.0,364550,Health Care,Biotechnology: Pharmaceutical Preparations
AVXL,Anavex Life Sciences Corp. Common Stock,$2.76,0.18,6.977%,255,United States,,1175027,Health Care,Biotechnology: Biological Products (No Diagnostic Substances)
FULC,Fulcrum Therapeutics Inc. Common Stock,$3.84,0.2,5.495%,255,United States,2019.0,1709766,Health Care,Biotechnology: Pharmaceutical Preparations
NBP,NovaBridge Biosciences American Depositary Shares,$2.14,0.15,7.538%,246,China,2020.0,1557526,Health Care,Biotechnology: Pharmaceutical Preparations
CLLS,Cellectis S.A. American Depositary Shares,$3.30,0.36,12.245%,239,France,2015.0,32749,Health Care,Biotechnology: Pharmaceutical Preparations
NERV,Minerva Neurosciences Inc Common Stock,$5.10,-0.05,-0.971%,237,United States,2014.0,286908,Health Care,Biotechnology: Pharmaceutical Preparations
ARTV,Artiva Biotherapeutics Inc. Common Stock,$9.61,-0.19,-1.939%,237,United States,2024.0,435859,Health Care,Biotechnology: Biological Products (No Diagnostic Substances)
RNA,Atrium Therapeutics Inc. Common Stock,$13.65,0.35,2.632%,233,United States,,196870,Health Care,Biotechnology: Pharmaceutical Preparations
NKTX,Nkarta Inc. Common Stock,$3.22,0.37,12.982%,230,United States,2020.0,1501352,Health Care,Biotechnology: Pharmaceutical Preparations
TARA,Protara Therapeutics Inc.  Common Stock,$4.06,0.02,0.495%,228,United States,2014.0,645482,Health Care,Biotechnology: Biological Products (No Diagnostic Substances)
VYGR,Voyager Therapeutics Inc. Common Stock,$3.78,0.18,5.00%,228,United States,2015.0,1119230,Health Care,Biotechnology: Biological Products (No Diagnostic Substances)
ALEC,Alector Inc. Common Stock,$2.06,0.05,2.488%,228,United States,2019.0,393991,Health Care,Biotechnology: Biological Products (No Diagnostic Substances)
WHWK,Whitehawk Therapeutics Inc. Common Stock,$4.19,-0.11,-2.558%,225,United States,,692509,Health Care,Biotechnology: Pharmaceutical Preparations
CHRS,Coherus Oncology Inc. Common Stock,$1.45,0.01,0.694%,223,United States,2014.0,851342,Health Care,Biotechnology: Biological Products (No Diagnostic Substances)
KROS,Keros Therapeutics Inc. Common Stock,$11.26,0.38,3.493%,222,United States,2020.0,403639,Health Care,Biotechnology: Pharmaceutical Preparations
QTTB,Q32 Bio Inc. Common Stock,$13.09,0.49,3.889%,221,United States,2018.0,162709,Health Care,Biotechnology: Pharmaceutical Preparations
CNTN,Canton Strategic Holdings Inc. Common Stock,$2.84,-0.1,-3.401%,219,United States,2022.0,406481,Health Care,Biotechnology: Pharmaceutical Preparations
KPTI,Karyopharm Therapeutics Inc. Common Stock,$9.60,0.05,0.524%,217,United States,2013.0,317747,Health Care,Biotechnology: Pharmaceutical Preparations
ARMP,Armata Pharmaceuticals Inc. Common Stock,$5.89,0.01,0.17%,216,United States,,118400,Health Care,Biotechnology: Biological Products (No Diagnostic Substances)
CGEN,Compugen Ltd. Ordinary Shares,$2.28,0.15,7.042%,215,Israel,2000.0,494866,Health Care,Biotechnology: Biological Products (No Diagnostic Substances)
TTRX,Turn Therapeutics Inc. Common Stock,$7.12,0.27,3.942%,212,United States,,20648,Health Care,Biotechnology: Pharmaceutical Preparations
DTIL,Precision BioSciences Inc. Common Stock,$8.18,0.3,3.807%,211,United States,2019.0,600946,Health Care,Biotechnology: Biological Products (No Diagnostic Substances)
SLGL,Sol-Gel Technologies Ltd. Ordinary Shares,$74.01,2.02,2.806%,207,Israel,2018.0,28673,Health Care,Biotechnology: Pharmaceutical Preparations
ARCT,Arcturus Therapeutics Holdings Inc. Common Stock,$7.28,0.39,5.66%,206,Israel,2013.0,1905085,Health Care,Biotechnology: Pharmaceutical Preparations
OTLK,Outlook Therapeutics Inc. Common Stock,$1.45,-0.02,-1.361%,203,United States,2016.0,5082512,Health Care,Biotechnology: Biological Products (No Diagnostic Substances)
IMUX,Immunic Inc. Common Stock,$14.80,-0.01,-0.068%,201,United States,2014.0,130171,Health Care,Biotechnology: Pharmaceutical Preparations
KRRO,Korro Bio Inc. Common Stock,$14.00,0.35,2.564%,201,United States,2019.0,324613,Health Care,Biotechnology: Pharmaceutical Preparations
ABOS,Acumen Pharmaceuticals Inc. Common Stock,$2.74,0.15,5.792%,197,United States,2021.0,351248,Health Care,Biotechnology: Biological Products (No Diagnostic Substances)
TNXP,Tonix Pharmaceuticals Holding Corp. Common Stock,$12.34,-0.1,-0.804%,196,United States,,326520,Health Care,Biotechnology: Pharmaceutical Preparations
DERM,Journey Medical Corporation Common Stock,$7.09,0.05,0.71%,195,United States,2021.0,134081,Health Care,Biotechnology: Pharmaceutical Preparations
LFCR,Lifecore Biomedical Inc. Common Stock,$5.09,-0.18,-3.416%,190,United States,,121566,Health Care,Biotechnology: Pharmaceutical Preparations
PRQR,ProQR Therapeutics N.V. Ordinary Shares,$1.81,0.06,3.429%,190,Netherlands,2014.0,1189302,Health Care,Biotechnology: Pharmaceutical Preparations
ORMP,Oramed Pharmaceuticals Inc. Common Stock,$4.60,-0.01,-0.217%,188,Israel,,360804,Health Care,Biotechnology: Pharmaceutical Preparations
PLX,Protalix BioTherapeutics Inc. (DE) Common Stock,$2.32,0.02,0.87%,186,Israel,,472800,Health Care,Biotechnology: Biological Products (No Diagnostic Substances)
OKUR,OnKure Therapeutics Inc. Class A Common Stock,$4.58,0.12,2.691%,185,United States,2021.0,222306,Health Care,Biotechnology: Pharmaceutical Preparations
IMDX,Insight Molecular Diagnostics Inc. Common Stock,$5.74,0.05,0.879%,185,United States,,141954,Health Care,Biotechnology: In Vitro & In Vivo Diagnostic Substances
LENZ,LENZ Therapeutics Inc. Common Stock,$5.89,0.1,1.727%,184,United States,2021.0,1028488,Health Care,Biotechnology: Biological Products (No Diagnostic Substances)
EQ,Equillium Inc. Common Stock,$2.91,-0.13,-4.276%,183,United States,2018.0,3058372,Health Care,Biotechnology: Pharmaceutical Preparations
CRBU,Caribou Biosciences Inc. Common Stock,$1.82,0.06,3.409%,180,United States,2021.0,1866367,Health Care,Biotechnology: Biological Products (No Diagnostic Substances)
CRBP,Corbus Pharmaceuticals Holdings Inc. Common Stock,$9.25,0.18,1.985%,171,United States,,444882,Health Care,Biotechnology: Pharmaceutical Preparations
TNYA,Tenaya Therapeutics Inc. Common Stock,$0.7869,0.041,5.497%,170,United States,2021.0,2155266,Health Care,Biotechnology: Biological Products (No Diagnostic Substances)
MENS,Jyong Biotech Ltd. Ordinary Shares,$2.22,0.17,8.293%,168,Taiwan,2025.0,207464,Health Care,Biotechnology: Pharmaceutical Preparations
IPHA,Innate Pharma S.A. ADS,$1.80,-0.01,-0.552%,168,France,2019.0,5970,Health Care,Biotechnology: Biological Products (No Diagnostic Substances)
PYXS,Pyxis Oncology Inc. Common Stock,$2.63,-0.22,-7.719%,166,United States,2021.0,693048,Health Care,Biotechnology: Pharmaceutical Preparations
TLSA,Tiziana Life Sciences Ltd. Common Shares,$1.31,0.08,6.504%,166,United Kingdom,2018.0,161197,Health Care,Biotechnology: Pharmaceutical Preparations
MIST,Milestone Pharmaceuticals Inc. Common Shares,$1.32,0.0,0.00%,164,Canada,2019.0,1047440,Health Care,Biotechnology: Pharmaceutical Preparations
IFRX,InflaRx N.V. Common Stock,$2.24,-0.09,-3.863%,161,Germany,2017.0,777392,Health Care,Biotechnology: Pharmaceutical Preparations
MOLN,Molecular Partners AG American Depositary Shares,$3.98,0.05,1.272%,160,Switzerland,2021.0,46742,Health Care,Biotechnology: Biological Products (No Diagnostic Substances)
ANTX,AN2 Therapeutics Inc. Common Stock,$4.42,-0.28,-5.957%,159,United States,2022.0,143775,Health Care,Biotechnology: Pharmaceutical Preparations
HUMA,Humacyte Inc. Common Stock,$0.71,0.0374,5.561%,157,United States,2020.0,12853658,Health Care,Biotechnology: Biological Products (No Diagnostic Substances)
UNCY,Unicycive Therapeutics Inc. Common Stock,$5.73,0.45,8.523%,156,United States,2021.0,2990099,Health Care,Biotechnology: Pharmaceutical Preparations
HURA,TuHURA Biosciences Inc. Common Stock,$2.44,-0.01,-0.408%,155,United States,,363263,Health Care,Biotechnology: Pharmaceutical Preparations
MSLE,Satellos Bioscience Inc. Common Stock,$7.42,-0.16,-2.111%,154,Canada,,21421,Health Care,Biotechnology: Pharmaceutical Preparations
CNTB,Connect Biopharma Holdings Limited Ordinary Shares,$2.46,0.07,2.929%,154,China,2021.0,446797,Health Care,Biotechnology: Pharmaceutical Preparations
ADCT,ADC Therapeutics SA Common Shares,$1.19,0.05,4.386%,151,Switzerland,2020.0,1803825,Health Care,Biotechnology: Pharmaceutical Preparations
KZIA,Kazia Therapeutics Limited American Depositary Shares,$13.25,-0.14,-1.046%,151,Australia,,116106,Health Care,Biotechnology: Pharmaceutical Preparations
AGEN,Agenus Inc. Common Stock,$3.49,0.08,2.346%,145,United States,2000.0,680507,Health Care,Biotechnology: Biological Products (No Diagnostic Substances)
OGI,Organigram Global Inc. Common Shares,$1.03,0.01,0.98%,144,Canada,,569420,Health Care,Biotechnology: Pharmaceutical Preparations
SPRB,Spruce Biosciences Inc. Common Stock,$52.51,-0.035,-0.067%,144,United States,2020.0,68849,Health Care,Biotechnology: Pharmaceutical Preparations
NRXP,NRX Pharmaceuticals Inc. Common Stock,$3.87,0.01,0.259%,140,United States,2017.0,668500,Health Care,Biotechnology: Pharmaceutical Preparations
VTVT,vTv Therapeutics Inc. Class A Common Stock,$35.40,0.35,0.999%,139,United States,2015.0,61050,Health Care,Biotechnology: Pharmaceutical Preparations
COYA,Coya Therapeutics Inc. Common Stock,$5.86,0.2,3.534%,137,United States,2022.0,107493,Health Care,Biotechnology: Pharmaceutical Preparations
ALDX,Aldeyra Therapeutics Inc. Common Stock,$2.27,-0.16,-6.584%,136,United States,2014.0,2116743,Health Care,Biotechnology: Pharmaceutical Preparations
GNLX,Genelux Corporation Common Stock,$2.99,0.09,3.103%,134,United States,2023.0,195987,Health Care,Biotechnology: Pharmaceutical Preparations
PLYX,Polaryx Therapeutics Inc. Common Stock,$2.81,0.23,8.915%,133,United States,,235706,Health Care,Biotechnology: Pharmaceutical Preparations
MBOT,Microbot Medical Inc. Common Stock,$1.91,0.0,0.00%,128,Israel,,766440,Health Care,Biotechnology: Biological Products (No Diagnostic Substances)
ENLV,Enlivex Ltd. Ordinary Shares,$0.5276,-0.014,-2.585%,127,Israel,2014.0,569746,Health Care,Biotechnology: Pharmaceutical Preparations
SPRO,Spero Therapeutics Inc. Common Stock,$2.20,-0.02,-0.901%,127,United States,2017.0,629521,Health Care,Biotechnology: Pharmaceutical Preparations
AARD,Aardvark Therapeutics Inc. Common Stock,$5.70,0.08,1.423%,124,United States,2025.0,210936,Health Care,Biotechnology: Pharmaceutical Preparations
CRDL,Cardiol Therapeutics Inc. Class A Common Shares,$1.05,0.0,0.00%,121,Canada,,412511,Health Care,Biotechnology: Biological Products (No Diagnostic Substances)
PEPG,PepGen Inc. Common Stock,$1.76,-0.05,-2.762%,121,United States,2022.0,293166,Health Care,Biotechnology: Pharmaceutical Preparations
PMN,ProMIS Neurosciences Inc. Common Shares (ON),$13.35,-0.1,-0.743%,119,Canada,,44960,Health Care,Biotechnology: Pharmaceutical Preparations
ENGN,enGene Therapeutics Inc. Common Stock,$1.78,0.02,1.136%,119,Canada,,588288,Health Care,Biotechnology: Biological Products (No Diagnostic Substances)
CUE,Cue Biopharma Inc. Common Stock,$28.26,-0.08,-0.282%,118,United States,2018.0,33415,Health Care,Biotechnology: Pharmaceutical Preparations
BDTX,Black Diamond Therapeutics Inc. Common Stock,$2.01,0.17,9.239%,115,United States,2020.0,1576002,Health Care,Biotechnology: Biological Products (No Diagnostic Substances)
NTHI,NeOnc Technologies Holdings Inc. Common Stock,$4.42,-0.04,-0.897%,114,United States,,90153,Health Care,Biotechnology: Pharmaceutical Preparations
KLRS,Kalaris Therapeutics Inc. Common Stock,$4.75,0.22,4.857%,113,United States,2020.0,56300,Health Care,Biotechnology: Biological Products (No Diagnostic Substances)
ANIX,Anixa Biosciences Inc. Common Stock,$3.27,0.13,4.14%,111,United States,,595395,Health Care,Biotechnology: Pharmaceutical Preparations
LIXT,Lixte Biotechnology Holdings Inc. Common Stock,$7.21,-0.46,-5.997%,108,United States,,614342,Health Care,Biotechnology: Pharmaceutical Preparations
ONCY,Oncolytics Biotech Inc. Common Stock,$0.8991,-0.0016,-0.178%,107,Canada,,606552,Health Care,Biotechnology: Pharmaceutical Preparations
VRCA,Verrica Pharmaceuticals Inc. Common Stock,$6.135,0.195,3.283%,105,United States,2018.0,22956,Health Care,Biotechnology: Pharmaceutical Preparations
CGTX,Cognition Therapeutics Inc. Common Stock,$1.17,0.04,3.54%,104,United States,2021.0,2051436,Health Care,Biotechnology: Biological Products (No Diagnostic Substances)
ATRA,Atara Biotherapeutics Inc. Common Stock,$11.65,0.28,2.463%,104,United States,2014.0,31675,Health Care,Biotechnology: Biological Products (No Diagnostic Substances)
BMEA,Biomea Fusion Inc. Common Stock,$1.41,0.05,3.676%,101,United States,2021.0,1661503,Health Care,Biotechnology: Pharmaceutical Preparations
FBIO,Fortress Biotech Inc. Common Stock,$3.04,-0.05,-1.618%,100,United States,,332542,Health Care,Biotechnology: Pharmaceutical Preparations
ATHE,Alterity Therapeutics Limited American Depositary Shares,$5.36,-0.1,-1.832%,97,Australia,,20110,Health Care,Biotechnology: Pharmaceutical Preparations
PYPD,PolyPid Ltd. Ordinary Shares,$5.02,-0.03,-0.594%,95,Israel,2020.0,223857,Health Care,Biotechnology: Pharmaceutical Preparations
RANI,Rani Therapeutics Holdings Inc. Class A Common Stock,$0.7713,0.0029,0.377%,95,United States,2021.0,504221,Health Care,Biotechnology: Pharmaceutical Preparations
CPIX,Cumberland Pharmaceuticals Inc. Common Stock,$6.37,-0.76,-10.659%,95,United States,2009.0,111300,Health Care,Biotechnology: Pharmaceutical Preparations
SXTC,China SXT Pharmaceuticals Inc. Class A Ordinary Shares,$2.45,-0.01,-0.407%,93,China,2019.0,70906,Health Care,Biotechnology: Pharmaceutical Preparations
ICCC,ImmuCell Corporation Common Stock,$10.29,-0.71,-6.455%,93,United States,1987.0,41076,Health Care,Biotechnology: In Vitro & In Vivo Diagnostic Substances
PTHS,Pelthos Therapeutics Inc. Common Stock,$25.77,-2.23,-7.964%,89,,2024.0,27664,Health Care,Biotechnology: Biological Products (No Diagnostic Substances)
MAIA,MAIA Biotechnology Inc. Common Stock,$1.45,0.02,1.399%,88,,2022.0,445922,Health Care,Biotechnology: Pharmaceutical Preparations
TELO,Telomir Pharmaceuticals Inc. Common Stock,$1.27,-0.03,-2.308%,87,United States,2024.0,47052,Health Care,Biotechnology: Pharmaceutical Preparations
FRMM,Forum Markets Incorporated Common Stock,$6.02,0.45,8.079%,87,United States,2017.0,445828,Health Care,Biotechnology: Pharmaceutical Preparations
CRDF,Cardiff Oncology Inc. Common Stock,$1.27,-0.02,-1.55%,86,United States,,1320469,Health Care,Biotechnology: Biological Products (No Diagnostic Substances)
RNTX,Rein Therapeutics Inc. Common Stock,$0.9915,0.0135,1.38%,84,United States,2017.0,226887,Health Care,Biotechnology: Pharmaceutical Preparations
ACET,Adicet Bio Inc. Common Stock,$9.00,0.38,4.408%,84,United States,2018.0,101119,Health Care,Biotechnology: Pharmaceutical Preparations
GOSS,Gossamer Bio Inc. Common Stock,$0.1732,0.0055,3.28%,84,United States,2019.0,16499015,Health Care,Biotechnology: Pharmaceutical Preparations
OSTX,OS Therapies Incorporated Common Stock,$1.89,0.08,4.42%,84,,2024.0,623662,Health Care,Biotechnology: Pharmaceutical Preparations
IBIO,iBio Inc. Common Stock,$1.68,-0.07,-4.00%,83,United States,,762217,Health Care,Biotechnology: Pharmaceutical Preparations
RLYB,Rallybio Corporation Common Stock,$15.815,-0.125,-0.784%,83,United States,2021.0,15173,Health Care,Biotechnology: Pharmaceutical Preparations
LONA,LeonaBio Inc. Common Stock,$8.87,0.49,5.847%,83,United States,2020.0,22860,Health Care,Biotechnology: Biological Products (No Diagnostic Substances)
GNTA,Genenta Science S.p.A. American Depositary Shares,$1.72,-0.03,-1.714%,82,Italy,2021.0,91867,Health Care,Biotechnology: Biological Products (No Diagnostic Substances)
HRTX,Heron Therapeutics Inc. Common Stock,$0.4384,0.014,3.299%,82,United States,,3064585,Health Care,Biotechnology: Pharmaceutical Preparations
GANX,Gain Therapeutics Inc. Common Stock,$1.91,-0.08,-4.02%,81,United States,2021.0,767234,Health Care,Biotechnology: Pharmaceutical Preparations
ENTX,Entera Bio Ltd. Ordinary Shares,$1.66,-0.03,-1.775%,81,Israel,2018.0,126639,Health Care,Biotechnology: Biological Products (No Diagnostic Substances)
CSBR,Champions Oncology Inc. Common Stock,$5.76,-0.285,-4.715%,79,United States,,4313,Health Care,Biotechnology: Biological Products (No Diagnostic Substances)
EXOZ,eXoZymes Inc. Common Stock,$8.48,-0.02,-0.235%,78,United States,2024.0,51036,Health Care,Biotechnology: Biological Products (No Diagnostic Substances)
LFVN,Lifevantage Corporation Common Stock (Delaware),$6.22,-0.03,-0.48%,78,United States,,353178,Health Care,Biotechnology: Pharmaceutical Preparations
CLNN,Clene Inc. Common Stock,$6.10,-0.03,-0.489%,77,United States,,29928,Health Care,Biotechnology: Pharmaceutical Preparations
BYSI,BeyondSpring Inc. Ordinary Shares,$1.87,0.02,1.081%,76,United States,2017.0,36166,Health Care,Biotechnology: Pharmaceutical Preparations
MCRB,Seres Therapeutics Inc. Common Stock,$7.74,-0.2,-2.519%,74,United States,2015.0,130844,Health Care,Biotechnology: Pharmaceutical Preparations
ACRV,Acrivon Therapeutics Inc. Common Stock,$1.72,-0.01,-0.578%,73,United States,2022.0,262833,Health Care,Biotechnology: Pharmaceutical Preparations
HYFT,MindWalk Holdings Corp. Common Stock,$1.57,-0.05,-3.086%,73,Canada,,364569,Health Care,Biotechnology: Pharmaceutical Preparations
PLRX,Pliant Therapeutics Inc. Common Stock,$1.17,0.06,5.405%,72,United States,2020.0,702121,Health Care,Biotechnology: Pharmaceutical Preparations
CING,Cingulate Inc. Common Stock,$5.38,-0.51,-8.659%,72,United States,2021.0,375452,Health Care,Biotechnology: Pharmaceutical Preparations
XBIT,XBiotech Inc. Common Stock,$2.30,0.0,0.00%,70,United States,2015.0,20634,Health Care,Biotechnology: Pharmaceutical Preparations
MNOV,Medicinova Inc Common Stock,$1.43,0.01,0.704%,70,United States,,27468,Health Care,Biotechnology: Pharmaceutical Preparations
CYPH,Cypherpunk Technologies Inc. Common Stock,$0.666,0.0219,3.40%,70,United States,,2136103,Health Care,Biotechnology: Pharmaceutical Preparations
TCRX,TScan Therapeutics Inc. Common Stock,$1.06,-0.01,-0.935%,69,United States,2021.0,879215,Health Care,Biotechnology: Biological Products (No Diagnostic Substances)
SDEV,Stablecoin Development Corporation Common Stock,$1.36,0.32,30.769%,68,United States,,23105777,Health Care,Biotechnology: Pharmaceutical Preparations
ANVS,Annovis Bio Inc. Common Stock,$1.93,0.01,0.521%,66,United States,2020.0,958353,Health Care,Biotechnology: Pharmaceutical Preparations
SCLX,Scilex Holding Company Common Stock,$7.81,-0.07,-0.888%,66,United States,2021.0,60259,Health Care,Biotechnology: Biological Products (No Diagnostic Substances)
EDSA,Edesa Biotech Inc. Common Shares,$7.50,-0.25,-3.226%,66,United States,,68117,Health Care,Biotechnology: Pharmaceutical Preparations
DOMH,Dominari Holdings Inc. Common Stock,$2.94,-0.11,-3.607%,66,United States,,134858,Health Care,Biotechnology: Pharmaceutical Preparations
IMA,ImageneBio Inc. Common Stock,$5.83,0.06,1.04%,65,United States,2021.0,8138,Health Care,Biotechnology: Biological Products (No Diagnostic Substances)
PMVP,PMV Pharmaceuticals Inc. Common Stock,$1.22,-0.02,-1.613%,65,United States,2020.0,143425,Health Care,Biotechnology: Pharmaceutical Preparations
CTOR,Citius Oncology Inc. Common Stock,$0.6804,-0.0239,-3.393%,63,United States,2022.0,9807,Health Care,Biotechnology: Pharmaceutical Preparations
IMMP,Immutep Limited American Depositary Shares,$0.4214,-0.0095,-2.205%,62,Australia,,762773,Health Care,Biotechnology: Pharmaceutical Preparations
ELTX,Elicio Therapeutics Inc. Common Stock,$3.22,-1.92,-37.354%,61,United States,2021.0,4339599,Health Care,Biotechnology: Pharmaceutical Preparations
CNTX,Context Therapeutics Inc. Common Stock,$0.6537,0.0454,7.463%,60,United States,2021.0,2591869,Health Care,Biotechnology: Pharmaceutical Preparations
XLO,Xilio Therapeutics Inc. Common Stock,$9.15,-0.07,-0.759%,60,United States,2021.0,16432,Health Care,Biotechnology: Pharmaceutical Preparations
FLNA,Filana Therapeutics Inc. Common Stock,$1.23,-0.02,-1.60%,59,United States,,637100,Health Care,Biotechnology: Pharmaceutical Preparations
INCR,Intercure Ltd. Ordinary Shares,$1.09,-0.04,-3.54%,59,Israel,,35392,Health Care,Biotechnology: Pharmaceutical Preparations
BGM,BGM Group Ltd. Class A Ordinary Shares,$0.324,-0.0395,-10.867%,59,China,2021.0,23627,Health Care,Biotechnology: Pharmaceutical Preparations
INKT,MiNK Therapeutics Inc. Common Stock,$11.67,0.21,1.832%,58,United States,2021.0,7691,Health Care,Biotechnology: Biological Products (No Diagnostic Substances)
ATYR,aTyr Pharma Inc. Common Stock,$0.5925,0.0027,0.458%,58,United States,2015.0,1476479,Health Care,Biotechnology: Biological Products (No Diagnostic Substances)
XTNT,Xtant Medical Holdings Inc. Common Stock,$0.4129,-0.0071,-1.69%,57,United States,,76345,Health Care,Biotechnology: Biological Products (No Diagnostic Substances)
BOLD,Boundless Bio Inc. Common Stock,$2.50,0.02,0.806%,56,United States,2024.0,139286,Health Care,Biotechnology: Pharmaceutical Preparations
RADX,Radiopharm Theranostics Limited American Depositary Shares,$4.37,0.12,2.824%,55,Australia,,18042,Health Care,Biotechnology: Pharmaceutical Preparations
TLPH,Talphera Inc. Common Stock,$1.07,0.02,1.905%,55,United States,2011.0,426579,Health Care,Biotechnology: Pharmaceutical Preparations
ALVOW,Alvotech Warrant,$0.1701,-0.006,-3.407%,53,Luxembourg,,8848,Health Care,Biotechnology: Biological Products (No Diagnostic Substances)
OKYO,OKYO Pharma Limited Ordinary Shares,$1.57,0.07,4.667%,53,Guernsey,2022.0,125853,Health Care,Biotechnology: Biological Products (No Diagnostic Substances)
TIL,Instil Bio Inc. Common Stock,$7.73,0.04,0.52%,52,United States,2021.0,6843,Health Care,Biotechnology: Biological Products (No Diagnostic Substances)
MREO,Mereo BioPharma Group plc American Depositary Shares,$0.3347,0.0117,3.622%,51,United Kingdom,,1420747,Health Care,Biotechnology: Pharmaceutical Preparations
IBO,Impact BioMedical Inc. Common Stock,$0.472,-0.012,-2.479%,50,,2024.0,81639,Health Care,Biotechnology: Pharmaceutical Preparations
LTRN,Lantern Pharma Inc. Common Stock,$3.97,-0.05,-1.244%,50,United States,2020.0,86733,Health Care,Biotechnology: Pharmaceutical Preparations
DWTX,Dogwood Therapeutics Inc. Common Stock,$1.49,-0.01,-0.667%,50,United States,2020.0,107763,Health Care,Biotechnology: Pharmaceutical Preparations
TCRT,Alaunos Therapeutics Inc. Common Stock,$2.08,-0.08,-3.704%,50,United States,,13391,Health Care,Biotechnology: Pharmaceutical Preparations
VERU,Veru Inc. Common Stock,$3.06,-0.1,-3.165%,49,United States,,262095,Health Care,Biotechnology: Pharmaceutical Preparations
IXHL,Incannex Healthcare Inc. Common Stock,$3.97,0.26,7.008%,47,Australia,,490749,Health Care,Biotechnology: Pharmaceutical Preparations
MGX,Metagenomi Therapeutics Inc. Common Stock,$1.26,0.05,4.132%,47,United States,2024.0,355833,Health Care,Biotechnology: Biological Products (No Diagnostic Substances)
HYPD,Hyperion DeFi Inc. Common Stock,$3.11,-0.03,-0.955%,47,United States,2018.0,425855,Health Care,Biotechnology: Pharmaceutical Preparations
PDSB,PDS Biotechnology Corporation Common Stock,$0.8531,-0.0209,-2.391%,47,United States,2015.0,575744,Health Care,Biotechnology: Pharmaceutical Preparations
ABVC,ABVC BioPharma Inc. Common Stock,$1.80,0.03,1.695%,46,United States,,118830,Health Care,Biotechnology: Pharmaceutical Preparations
INMB,INmune Bio Inc. Common stock,$1.70,0.02,1.19%,45,United States,2019.0,964447,Health Care,Biotechnology: Biological Products (No Diagnostic Substances)
SCYX,SCYNEXIS Inc. Common Stock,$4.43,0.2,4.728%,43,United States,2014.0,221930,Health Care,Biotechnology: Pharmaceutical Preparations
ESLA,Estrella Immunopharma Inc. Common Stock,$0.9825,0.0,0.00%,42,United States,2021.0,18400,Health Care,Biotechnology: Biological Products (No Diagnostic Substances)
BTAI,BioXcel Therapeutics Inc. Common Stock,$1.38,0.01,0.73%,42,United States,2018.0,311246,Health Care,Biotechnology: Pharmaceutical Preparations
APLM,Apollomics Inc. Class A Ordinary Shares,$19.56,-0.6,-2.976%,42,United States,,14807,Health Care,Biotechnology: Pharmaceutical Preparations
ELUT,Elutia Inc. Class A Common Stock,$0.932,-0.0121,-1.282%,41,United States,2020.0,17562,Health Care,Biotechnology: Biological Products (No Diagnostic Substances)
RNXT,RenovoRx Inc. Common Stock,$0.9201,-0.0351,-3.675%,41,United States,2021.0,204742,Health Care,Biotechnology: Pharmaceutical Preparations
NSRX,Nasus Pharma Ltd. Ordinary Shares,$3.50,-0.015,-0.427%,40,,2025.0,23363,Health Care,Biotechnology: Pharmaceutical Preparations
MIRA,MIRA Pharmaceuticals Inc. Common Stock,$0.9448,-0.0025,-0.264%,39,United States,2023.0,44937,Health Care,Biotechnology: Pharmaceutical Preparations
CRVO,CervoMed Inc. Common Stock,$3.55,-0.14,-3.794%,39,United States,,300941,Health Care,Biotechnology: Pharmaceutical Preparations
ACTU,Actuate Therapeutics Inc. Common stock,$1.52,0.08,5.556%,36,United States,2024.0,179765,Health Care,Biotechnology: Pharmaceutical Preparations
DYAI,Dyadic International Inc. Common Stock,$0.9405,-0.0795,-7.794%,34,United States,,97327,Health Care,Biotechnology: Biological Products (No Diagnostic Substances)
ALGS,Aligos Therapeutics Inc. Common Stock,$5.59,0.14,2.569%,34,United States,2020.0,90249,Health Care,Biotechnology: Biological Products (No Diagnostic Substances)
SNTI,Senti Biosciences Holdings Inc. Common Stock,$1.07,0.01,0.943%,33,United States,2021.0,112689,Health Care,Biotechnology: Biological Products (No Diagnostic Substances)
QUCY,Quantum Cyber N.V. Ordinary Shares,$1.45,-0.09,-5.844%,33,Germany,2021.0,1211350,Health Care,Biotechnology: Pharmaceutical Preparations
LITS,Lite Strategy Inc. Common Stock,$0.9504,-0.0194,-2.00%,32,United States,2003.0,189470,Health Care,Biotechnology: Pharmaceutical Preparations
GRCE,Grace Therapeutics Inc. Common Stock,$2.37,0.13,5.804%,31,Canada,,268977,Health Care,Biotechnology: Pharmaceutical Preparations
DARE,Dare Bioscience Inc. Common Stock,$2.09,-0.02,-0.948%,31,United States,2014.0,124086,Health Care,Biotechnology: Pharmaceutical Preparations
KALA,KALA BIO Inc. Common Stock,$1.68,-0.1,-5.618%,31,United States,2017.0,74962,Health Care,Biotechnology: Pharmaceutical Preparations
KYNB,Kyntra Bio Inc. Common Stock,$7.63,0.08,1.06%,30,United States,2014.0,4975,Health Care,Biotechnology: Pharmaceutical Preparations
ATNM,Actinium Pharmaceuticals Inc. (Delaware) Common Stock,$0.981,0.0012,0.122%,30,United States,,32872,Health Care,Biotechnology: Pharmaceutical Preparations
NNVC,NanoViricides Inc. Common Stock,$1.33,-0.02,-1.481%,30,United States,,135674,Health Care,Biotechnology: Pharmaceutical Preparations
QCLS,Q/C Technologies Inc. Common Stock,$3.85,-0.11,-2.778%,30,United States,2014.0,264892,Health Care,Biotechnology: In Vitro & In Vivo Diagnostic Substances
ZYBT,Zhengye Biotechnology Holding Limited Class A Ordinary Shares,$0.6462,-0.0308,-4.549%,30,China,2025.0,21360,Health Care,Biotechnology: Pharmaceutical Preparations
CPHI,China Pharma Holdings Inc. Common Stock,$0.718,0.04,5.90%,29,China,,133846,Health Care,Biotechnology: Pharmaceutical Preparations
GRDX,GridAI Technologies Corp. Common Stock,$4.40,-0.05,-1.124%,29,United States,2016.0,42202,Health Care,Biotechnology: Pharmaceutical Preparations
SER,Serina Therapeutics Inc. Common Stock,$1.90,-0.02,-1.042%,28,,2018.0,19062,Health Care,Biotechnology: Pharmaceutical Preparations
BCTX,BriaCell Therapeutics Corp. Common Shares,$3.26,-0.21,-6.052%,28,Canada,,217095,Health Care,Biotechnology: Pharmaceutical Preparations
EVAX,Evaxion A/S American Depositary Share,$3.41,0.21,6.563%,28,Denmark,2021.0,20773,Health Care,Biotechnology: Biological Products (No Diagnostic Substances)
GRML,Greenland Mines Ltd. Common Stock,$0.232,-0.008,-3.333%,28,United States,2022.0,3881129,Health Care,Biotechnology: Biological Products (No Diagnostic Substances)
TAOX,Tao Synergies Inc. Common Stock,$3.66,0.05,1.385%,27,United States,,113561,Health Care,Biotechnology: Pharmaceutical Preparations
IGC,IGC Pharma Inc. Common Stock,$0.2809,0.0062,2.257%,26,United States,,439489,Health Care,Biotechnology: Pharmaceutical Preparations
MDCXW,Medicus Pharma Ltd. Warrant,$0.48,0.1299,37.104%,26,Canada,,54126,Health Care,Biotechnology: Pharmaceutical Preparations
BRNS,Barinthus Biotherapeutics plc American Depositary Shares,$0.6201,-0.0209,-3.261%,25,United Kingdom,2021.0,86197,Health Care,Biotechnology: Pharmaceutical Preparations
NRSN,NeuroSense Therapeutics Ltd. Ordinary Shares,$0.708,-0.015,-2.075%,25,Israel,2021.0,231764,Health Care,Biotechnology: Pharmaceutical Preparations
PLRZ,Polyrizon Ltd. Ordinary Shares,$13.80,1.12,8.833%,25,Israel,2024.0,117172,Health Care,Biotechnology: Pharmaceutical Preparations
TVGN,Tevogen Bio Holdings Inc. Common Stock,$5.77,0.03,0.523%,24,United States,2022.0,12900,Health Care,Biotechnology: Biological Products (No Diagnostic Substances)
SKYE,Skye Bioscience Inc. Common Stock,$0.7005,0.0253,3.747%,24,United States,,109658,Health Care,Biotechnology: Pharmaceutical Preparations
MRKR,Marker Therapeutics Inc. Common Stock,$1.47,0.02,1.379%,24,United States,,53900,Health Care,Biotechnology: Pharmaceutical Preparations
TXMD,TherapeuticsMD Inc. Common Stock,$2.11,-0.05,-2.315%,24,United States,,13612,Health Care,Biotechnology: Pharmaceutical Preparations
AYTU,Aytu BioPharma Inc.  Common Stock,$2.16,0.0,0.00%,23,United States,,15349,Health Care,Biotechnology: Pharmaceutical Preparations
QNTM,Quantum Biopharma Ltd. Class B Subordinate Voting Shares,$3.51,0.15,4.464%,22,Canada,,114434,Health Care,Biotechnology: Pharmaceutical Preparations
PLUR,Pluri Inc. Common Stock,$2.11,0.02,0.957%,22,Israel,,2221,Health Care,Biotechnology: Biological Products (No Diagnostic Substances)
AIXC,AIxCrypto Holdings Inc. Common Stock,$1.10,-0.12,-9.836%,22,United States,2015.0,35601,Health Care,Biotechnology: Pharmaceutical Preparations
MDCX,Medicus Pharma Ltd. Common Stock  ,$0.4163,0.0163,4.075%,22,Canada,,923501,Health Care,Biotechnology: Pharmaceutical Preparations
CLRB,Cellectar Biosciences Inc.  Common Stock,$2.81,-0.02,-0.707%,22,United States,,26221,Health Care,Biotechnology: Pharmaceutical Preparations
VYNE,VYNE Therapeutics Inc. Common Stock,$0.6799,-0.0011,-0.162%,22,United States,2018.0,517413,Health Care,Biotechnology: Pharmaceutical Preparations
RMTI,Rockwell Medical Inc. Common Stock,$5.54,0.35,6.744%,21,United States,1998.0,90590,Health Care,Biotechnology: Pharmaceutical Preparations
LGVN,Longeveron Inc. Class A Common Stock,$0.6905,-0.0386,-5.294%,21,United States,2021.0,362864,Health Care,Biotechnology: Pharmaceutical Preparations
ALLR,Allarity Therapeutics Inc. Common Stock,$1.31,-0.02,-1.504%,20,United States,,116534,Health Care,Biotechnology: Pharmaceutical Preparations
RGNT,Regentis Biomaterials Ltd. Ordinary Shares,$4.03,-0.54,-11.816%,20,,2025.0,158708,Health Care,Biotechnology: Pharmaceutical Preparations
NCEL,NewcelX Ltd. Ordinary Shares,$3.85,0.0,0.00%,20,Switzerland,2021.0,37455,Health Care,Biotechnology: Pharmaceutical Preparations
GRMLW,Greenland Mines Ltd Warrant,$0.1701,-0.0049,-2.80%,20,United States,2022.0,36328,Health Care,Biotechnology: Biological Products (No Diagnostic Substances)
PTN,Palatin Technologies Inc. Common Stock,$11.59,1.26,12.197%,20,United States,,25562,Health Care,Biotechnology: Pharmaceutical Preparations
RKTO,Rocket One Inc. Common Stock,$0.888,-0.0602,-6.349%,19,United States,2019.0,602903,Health Care,Biotechnology: Pharmaceutical Preparations
ENGNW,enGene Therapeutics Inc. Warrants,$0.2899,0.0,0.00%,19,Canada,,1000,Health Care,Biotechnology: Biological Products (No Diagnostic Substances)
LPCN,Lipocine Inc. Common Stock,$2.39,-0.07,-2.846%,19,United States,,66844,Health Care,Biotechnology: Pharmaceutical Preparations
GTBP,GT Biopharma Inc. Common Stock,$0.4718,-0.0222,-4.494%,19,United States,,851398,Health Care,Biotechnology: Pharmaceutical Preparations
NEUP,Neuphoria Therapeutics Inc. Common Stock,$3.38,-0.17,-4.789%,18,United States,2021.0,118691,Health Care,Biotechnology: Pharmaceutical Preparations
ATOS,Atossa Therapeutics Inc. Common Stock,$2.12,0.08,3.922%,18,United States,2012.0,116493,Health Care,Biotechnology: Pharmaceutical Preparations
TVRD,Tvardi Therapeutics Inc. Common Stock,$2.02,0.07,3.59%,18,United States,2014.0,112132,Health Care,Biotechnology: Pharmaceutical Preparations
KTTA,Pasithea Therapeutics Corp. Common Stock,$0.5498,-0.0171,-3.016%,18,United States,2021.0,415190,Health Care,Biotechnology: Pharmaceutical Preparations
AKTX,Akari Therapeutics plc ADS,$10.41,0.16,1.561%,18,United Kingdom,,72551,Health Care,Biotechnology: Pharmaceutical Preparations
AEON,AEON Biopharma Inc. Class A Common Stock,$0.7151,0.0041,0.577%,18,United States,,20376,Health Care,Biotechnology: Pharmaceutical Preparations
VRXAW,Veraxa Biotech AG Warrants,$0.1246,0.0143,12.965%,17,Switzerland,,48712,Health Care,Biotechnology: Pharmaceutical Preparations
TPST,Tempest Therapeutics Inc. Common Stock,$1.09,-0.02,-1.802%,17,United States,,81791,Health Care,Biotechnology: Pharmaceutical Preparations
CVM,Cel-Sci Corporation Common Stock,$1.14,0.09,8.571%,17,United States,1997.0,647707,Health Care,Biotechnology: Biological Products (No Diagnostic Substances)
CELU,Celularity Inc. Class A Common Stock,$0.6197,0.0154,2.548%,17,United States,2019.0,60738,Health Care,Biotechnology: Pharmaceutical Preparations
QNCX,Quince Therapeutics Inc. Common Stock,$17.23,0.48,2.866%,16,United States,2019.0,45034,Health Care,Biotechnology: Biological Products (No Diagnostic Substances)
HOWL,Werewolf Therapeutics Inc. Common Stock,$0.3404,-0.0126,-3.569%,16,United States,2021.0,683967,Health Care,Biotechnology: Pharmaceutical Preparations
CMMB,Chemomab Therapeutics Ltd. American Depositary Share,$2.27,0.57,33.529%,16,Israel,2019.0,1382535,Health Care,Biotechnology: Pharmaceutical Preparations
CALC,CalciMedica Inc. Common Stock,$0.9654,-0.0746,-7.173%,15,United States,2023.0,405179,Health Care,Biotechnology: Pharmaceutical Preparations
PASG,Passage Bio Inc. Common Stock,$4.68,0.1,2.183%,15,United States,2020.0,44648,Health Care,Biotechnology: Biological Products (No Diagnostic Substances)
CUPR,Cuprina Holdings (Cayman) Limited Class A Ordinary Shares,$5.77,-0.19,-3.188%,15,Singapore,2025.0,201183,Health Care,Biotechnology: Pharmaceutical Preparations
CTXR,Citius Pharmaceuticals Inc. Common Stock,$0.5746,-0.0343,-5.633%,15,United States,,207184,Health Care,Biotechnology: Pharmaceutical Preparations
CYCN,Cyclerion Therapeutics Inc. Common Stock,$3.43,0.06,1.78%,14,United States,,13141,Health Care,Biotechnology: Pharmaceutical Preparations
MBRX,Moleculin Biotech Inc. Common Stock,$2.64,-0.05,-1.859%,14,United States,2016.0,360134,Health Care,Biotechnology: Pharmaceutical Preparations
BLRX,BioLineRx Ltd. American Depositary Shares,$3.285,0.115,3.628%,14,Israel,,5064,Health Care,Biotechnology: Pharmaceutical Preparations
LNAI,Lunai Bioworks Inc. Common Stock,$3.20,0.11,3.56%,14,United States,,58959,Health Care,Biotechnology: Pharmaceutical Preparations
COCP,Cocrystal Pharma Inc. Common Stock,$1.04,-0.01,-0.952%,14,United States,,17350,Health Care,Biotechnology: Pharmaceutical Preparations
BIVI,BioVie Inc. Class A Common Stock,$1.95,-0.23,-10.55%,14,United States,,187031,Health Care,Biotechnology: Pharmaceutical Preparations
BCDA,BioCardia Inc. Common Stock,$1.20,0.01,0.84%,13,United States,,369193,Health Care,Biotechnology: Biological Products (No Diagnostic Substances)
APUS,Apimeds Pharmaceuticals US Inc. Common Stock,$0.90,0.0149,1.683%,13,,2025.0,188927,Health Care,Biotechnology: Pharmaceutical Preparations
INAB,IN8bio Inc. Common Stock,$1.42,0.0,0.00%,13,United States,2021.0,18945,Health Care,Biotechnology: Biological Products (No Diagnostic Substances)
LEXX,Lexaria Bioscience Corp. Common Stock,$0.5601,-0.0119,-2.08%,13,Canada,,48950,Health Care,Biotechnology: Pharmaceutical Preparations
CRIS,Curis Inc. Common Stock,$0.3466,-0.0755,-17.887%,13,United States,,2362667,Health Care,Biotechnology: Biological Products (No Diagnostic Substances)
XCUR,Exicure Inc. Common Stock,$1.91,-0.07,-3.535%,12,United States,,31688,Health Care,Biotechnology: Pharmaceutical Preparations
VNRX,VolitionRX Limited Common Stock,$1.40,0.04,2.941%,12,Singapore,2015.0,204312,Health Care,Biotechnology: In Vitro & In Vivo Diagnostic Substances
BFRG,Bullfrog AI Holdings Inc. Common Stock,$0.6999,-0.0088,-1.242%,12,United States,2023.0,161137,Health Care,Biotechnology: Pharmaceutical Preparations
BFRI,Biofrontera Inc. Common Stock,$1.01,0.0,0.00%,12,United States,2021.0,394403,Health Care,Biotechnology: Pharmaceutical Preparations
CVKD,Cadrenal Therapeutics Inc. Common Stock,$3.60,0.43,13.565%,11,United States,2023.0,107114,Health Care,Biotechnology: Pharmaceutical Preparations
PHIO,Phio Pharmaceuticals Corp. Common Stock,$1.00,0.0,0.00%,11,United States,,168588,Health Care,Biotechnology: Pharmaceutical Preparations
KPRX,Kiora Pharmaceuticals Inc.  Common Stock,$2.63,-0.03,-1.128%,11,United States,,8966,Health Care,Biotechnology: Pharmaceutical Preparations
JSPR,Jasper Therapeutics Inc. Common Stock,$0.4283,-0.0262,-5.765%,11,United States,2020.0,217448,Health Care,Biotechnology: Biological Products (No Diagnostic Substances)
TOVX,Theriva Biologics Inc. Common Stock,$0.251,0.0004,0.16%,11,United States,,714060,Health Care,Biotechnology: Pharmaceutical Preparations
TRAW,Traws Pharma Inc. Common Stock,$0.7677,-0.0433,-5.339%,11,United States,2013.0,238503,Health Care,Biotechnology: Pharmaceutical Preparations
INTS,Intensity Therapeutics Inc. Common stock,$4.24,0.09,2.169%,11,United States,2023.0,142919,Health Care,Biotechnology: Biological Products (No Diagnostic Substances)
GDTC,CytoMed Therapeutics Limited Ordinary Shares,$0.975,-0.0151,-1.525%,11,Singapore,2023.0,639,Health Care,Biotechnology: Pharmaceutical Preparations
PBM,Psyence Biomedical Ltd. Common Shares,$3.04,-0.07,-2.251%,11,Canada,,39969,Health Care,Biotechnology: Pharmaceutical Preparations
VTGN,Vistagen Therapeutics Inc. Common Stock,$0.2489,0.0059,2.428%,10,United States,,4402804,Health Care,Biotechnology: Pharmaceutical Preparations
JUNS,Jupiter Neurosciences Inc. Common Stock,$0.223,0.008,3.721%,10,United States,2024.0,1480921,Health Care,Biotechnology: Pharmaceutical Preparations
ADXN,Addex Therapeutics Ltd American Depositary Shares,$5.79,0.07,1.224%,9,Switzerland,,1118,Health Care,Biotechnology: Pharmaceutical Preparations
APRE,Aprea Therapeutics Inc. Common stock,$0.741,-0.0041,-0.55%,9,United States,2019.0,131526,Health Care,Biotechnology: Pharmaceutical Preparations
ASBP,Aspire Biopharma Holdings Inc. Common Stock,$6.21,0.35,5.973%,8,United States,2022.0,40670,Health Care,Biotechnology: Pharmaceutical Preparations
IMNN,Imunon Inc. Common Stock,$1.91,0.03,1.596%,8,United States,,31847,Health Care,Biotechnology: Pharmaceutical Preparations
RNAZ,TransCode Therapeutics Inc. Common Stock,$8.61,0.96,12.549%,8,United States,2021.0,51362,Health Care,Biotechnology: Pharmaceutical Preparations
ZSTK,ZeroStack Corp. Common Stock,$3.35,0.24,7.717%,8,Canada,2021.0,15505,Health Care,Biotechnology: Pharmaceutical Preparations
SNGX,Soligenix Inc. Common Stock,$0.387,-0.01,-2.519%,8,United States,,866160,Health Care,Biotechnology: Pharmaceutical Preparations
CANF,Can-Fite Biopharma Ltd American Depositary Shares each representing two (2) Ordinary Shares,$3.91,-0.72,-15.551%,8,Israel,,916513,Health Care,Biotechnology: Pharmaceutical Preparations
LIMN,Liminatus Pharma Inc. Class A Common Stock,$0.1425,0.0277,24.129%,7,United States,,521049668,Health Care,Biotechnology: Biological Products (No Diagnostic Substances)
CURX,Curanex Pharmaceuticals Inc Common Stock,$0.2549,-0.0193,-7.039%,7,United States,2025.0,71752,Health Care,Biotechnology: Pharmaceutical Preparations
PMCB,PharmaCyte  Biotech Inc. Common Stock,$0.715,-0.026,-3.509%,7,United States,,55461,Health Care,Biotechnology: Biological Products (No Diagnostic Substances)
ERNA,Ernexa Therapeutics Inc. Common Stock,$6.27,-0.4342,-6.477%,7,United States,,13938,Health Care,Biotechnology: Pharmaceutical Preparations
AIM,AIM ImmunoTech Inc. Common Stock,$0.28,-0.016,-5.405%,7,,,973688,Health Care,Biotechnology: Biological Products (No Diagnostic Substances)
IMRN,Immuron Limited American Depositary Shares,$1.10,0.01,0.917%,7,Australia,2017.0,17654,Health Care,Biotechnology: Pharmaceutical Preparations
BOLT,Bolt Biotherapeutics Inc. Common Stock,$4.05,0.06,1.504%,7,United States,2021.0,4413,Health Care,Biotechnology: Pharmaceutical Preparations
CNSP,CNS Pharmaceuticals Inc. Common Stock,$5.07,0.39,8.333%,7,United States,2019.0,10981,Health Care,Biotechnology: Pharmaceutical Preparations
TRIB,Trinity Biotech plc American Depositary Shares,$0.3765,0.0196,5.492%,7,Ireland,1992.0,852159,Health Care,Biotechnology: In Vitro & In Vivo Diagnostic Substances
MTVA,MetaVia Inc. Common Stock,$1.48,0.03,2.069%,7,United States,2016.0,151590,Health Care,Biotechnology: Pharmaceutical Preparations
KAPA,Kairos Pharma Ltd. Common Stock,$0.3701,0.002,0.543%,7,,2024.0,104187,Health Care,Biotechnology: Pharmaceutical Preparations
ACXP,Acurx Pharmaceuticals Inc. Common Stock,$1.60,0.07,4.575%,6,United States,2021.0,59146,Health Care,Biotechnology: Pharmaceutical Preparations
HCWB,HCW Biologics Inc. Common Stock,$4.30,-0.28,-6.114%,6,United States,2021.0,102021,Health Care,Biotechnology: Pharmaceutical Preparations
GNPX,Genprex Inc. Common Stock,$0.576,0.0417,7.805%,6,United States,2018.0,235970,Health Care,Biotechnology: Pharmaceutical Preparations
NXTC,NextCure Inc. Common Stock,$1.88,-0.07,-3.59%,6,United States,2019.0,56460,Health Care,Biotechnology: Pharmaceutical Preparations
APM,Aptorum Group Limited Class A Ordinary Shares,$0.802,0.002,0.25%,6,Hong Kong,2018.0,20387,Health Care,Biotechnology: Pharmaceutical Preparations
XTLB,XTL Biopharmaceuticals Ltd. American Depositary Shares,$2.70,0.21,8.434%,6,Israel,,46857,Health Care,Biotechnology: Pharmaceutical Preparations
XBIO,Xenetic Biosciences Inc. Common Stock,$2.77,-0.17,-5.782%,6,United States,,12175,Health Care,Biotechnology: Pharmaceutical Preparations
BCAB,BioAtla Inc. Common Stock,$4.19,0.105,2.57%,6,United States,2020.0,37057,Health Care,Biotechnology: Biological Products (No Diagnostic Substances)
GELS,Gelteq Limited Ordinary Shares,$0.5797,-0.0803,-12.167%,6,Australia,2024.0,134526,Health Care,Biotechnology: Pharmaceutical Preparations
ADIL,Adial Pharmaceuticals Inc Common Stock,$2.90,0.09,3.203%,6,United States,2018.0,73574,Health Care,Biotechnology: Pharmaceutical Preparations
PULM,Pulmatrix Inc. Common Stock,$1.72,-0.02,-1.149%,6,United States,2014.0,34673,Health Care,Biotechnology: Pharmaceutical Preparations
ESLAW,Estrella Immunopharma Inc. Warrant,$0.1362,0.0062,4.769%,5,United States,2021.0,5216,Health Care,Biotechnology: Biological Products (No Diagnostic Substances)
DRMA,Dermata Therapeutics Inc. Common Stock,$1.34,-0.04,-2.899%,5,United States,2021.0,181838,Health Care,Biotechnology: Pharmaceutical Preparations
ELAB,PMGC Holdings Inc. Common Stock,$1.18,-0.1,-7.813%,5,United States,2023.0,1768830,Health Care,Biotechnology: Pharmaceutical Preparations
ENVB,Enveric Biosciences Inc. Common Stock,$1.45,-0.05,-3.333%,5,United States,,123556,Health Care,Biotechnology: Pharmaceutical Preparations
PCSA,Processa Pharmaceuticals Inc. Common Stock,$2.16,0.2,10.204%,5,United States,,205080,Health Care,Biotechnology: Pharmaceutical Preparations
APVO,Aptevo Therapeutics Inc. Common Stock,$4.47,0.02,0.449%,5,United States,,18746,Health Care,Biotechnology: Pharmaceutical Preparations
NCNA,NuCana plc American Depositary Share,$1.36,-0.08,-5.556%,5,United Kingdom,2017.0,179081,Health Care,Biotechnology: Pharmaceutical Preparations
BGMS,Bio Green Med Solution Inc. Common Stock,$1.06,-0.04,-3.636%,5,United States,,182880,Health Care,Biotechnology: Pharmaceutical Preparations
CDIO,Cardio Diagnostics Holdings Inc. Common stock,$1.99,-0.12,-5.687%,5,United States,2022.0,52144,Health Care,Biotechnology: In Vitro & In Vivo Diagnostic Substances
SNOA,Sonoma Pharmaceuticals Inc. Common Stock,$1.21,0.0,0.00%,5,United States,2007.0,60624,Health Care,Biotechnology: Pharmaceutical Preparations
BMRA,Biomerica Inc. Common Stock,$1.75,-0.05,-2.778%,5,United States,,12015,Health Care,Biotechnology: In Vitro & In Vivo Diagnostic Substances
ENSC,Ensysce Biosciences Inc. Common Stock,$0.284,-0.0177,-5.867%,4,United States,,314351,Health Care,Biotechnology: Pharmaceutical Preparations
PRFX,PRF Technologies Ltd. Ordinary Shares,$1.36,0.0,0.00%,4,Israel,2020.0,163268,Health Care,Biotechnology: Pharmaceutical Preparations
RDHL,Redhill Biopharma Ltd. American Depositary Shares,$0.8122,-0.0177,-2.133%,4,Israel,,41490,Health Care,Biotechnology: Pharmaceutical Preparations
FBLG,FibroBiologics Inc. Common Stock,$0.8755,-0.0308,-3.398%,4,United States,,58868,Health Care,Biotechnology: Pharmaceutical Preparations
SBFM,Sunshine Biopharma Inc. Common Stock,$2.11,-0.07,-3.211%,4,Canada,,51119,Health Care,Biotechnology: Pharmaceutical Preparations
REVB,Revelation Biosciences Inc. Common Stock,$1.08,0.04,3.846%,4,United States,2020.0,103240,Health Care,Biotechnology: Pharmaceutical Preparations
GLMD,Galmed Pharmaceuticals Ltd. Ordinary Shares,$0.5704,-0.0774,-11.948%,4,Israel,2014.0,107172,Health Care,Biotechnology: Pharmaceutical Preparations
SXTP,60 Degrees Pharmaceuticals Inc. Common Stock,$1.71,-0.04,-2.286%,4,United States,2023.0,24779,Health Care,Biotechnology: Pharmaceutical Preparations
UPC,Universe Pharmaceuticals Inc. Class A Ordinary Shares,$6.32,0.76,13.669%,4,China,2021.0,4693390,Health Care,Biotechnology: Pharmaceutical Preparations
INM,InMed Pharmaceuticals Inc. Common Shares,$1.56,-0.03,-1.887%,4,Canada,,33201,Health Care,Biotechnology: Pharmaceutical Preparations
MTNB,Matinas Biopharma Holdings Inc. Common Stock,$0.6336,0.0027,0.428%,4,United States,2017.0,54720,Health Care,Biotechnology: Pharmaceutical Preparations
ALZN,Alzamend Neuro Inc. Common Stock,$1.16,0.04,3.571%,4,United States,2021.0,374642,Health Care,Biotechnology: Pharmaceutical Preparations
LABT,Lakewood-Amedex Biotherapeutics Inc. Common Stock,$2.75,-0.55,-16.667%,4,United States,,699726,Health Care,Biotechnology: Pharmaceutical Preparations
PPCB,Propanc Biopharma Inc. Common Stock,$1.77,0.33,22.917%,4,Australia,,53008008,Health Care,Biotechnology: Pharmaceutical Preparations
MBIO,Mustang Bio Inc. Common Stock,$0.703,0.0017,0.242%,4,United States,,28414,Health Care,Biotechnology: Pharmaceutical Preparations
PHGE,BiomX Inc. COmmon Stock,$0.319,-0.0003,-0.094%,3,,2019.0,386832,Health Care,Biotechnology: Biological Products (No Diagnostic Substances)
ALBT,Avalon GloboCare Corp. Common Stock,$0.282,-0.009,-3.093%,3,United States,,231861,Health Care,Biotechnology: Biological Products (No Diagnostic Substances)
ONCO,Onconetix Inc. Common Stock,$0.9555,-0.1245,-11.528%,3,United States,2022.0,388272,Health Care,Biotechnology: Pharmaceutical Preparations
DCOY,Decoy Therapeutics Inc. Common Stock,$7.31,-0.31,-4.068%,3,United States,2015.0,80136,Health Care,Biotechnology: Pharmaceutical Preparations
XRTX,XORTX Therapeutics Inc. Common Shares,$2.07,-0.05,-2.358%,3,Canada,,5583,Health Care,Biotechnology: Pharmaceutical Preparations
CAPS,Capstone Holding Corp. Common Stock,$0.261,-0.013,-4.745%,3,United States,,127491,Health Care,Biotechnology: Pharmaceutical Preparations
ARTL,Artelo Biosciences Inc. Common Stock,$1.11,0.01,0.909%,3,United States,,130102,Health Care,Biotechnology: Pharmaceutical Preparations
BIVIW,BioVie Inc. Warrant,$0.46,0.01,2.222%,3,United States,,500,Health Care,Biotechnology: Pharmaceutical Preparations
GRI,GRI Bio Inc. Common Stock,$1.87,0.09,5.056%,3,United States,2021.0,38440,Health Care,Biotechnology: Pharmaceutical Preparations
GOVX,GeoVax Labs Inc. Common Stock,$1.19,-0.07,-5.556%,3,United States,,302354,Health Care,Biotechnology: Pharmaceutical Preparations
VRAX,Virax Biolabs Group Limited Ordinary Shares,$3.13,0.39,14.234%,2,United Kingdom,2022.0,245577,Health Care,Biotechnology: In Vitro & In Vivo Diagnostic Substances
VIVS,VivoSim Labs Inc. Common Stock,$0.98,-0.08,-7.547%,2,United States,,128106,Health Care,Biotechnology: Biological Products (No Diagnostic Substances)
CMND,Clearmind Medicine Inc. Common Shares,$2.36,0.06,2.609%,2,Canada,,66024,Health Care,Biotechnology: Pharmaceutical Preparations
AZTR,Azitra Inc Common Stock,$0.1511,-0.0155,-9.304%,2,,2023.0,1791995,Health Care,Biotechnology: Pharmaceutical Preparations
BFRGW,Bullfrog AI Holdings Inc. Warrants,$0.11,-0.0103,-8.562%,2,United States,2023.0,281,Health Care,Biotechnology: Pharmaceutical Preparations
CDT,CDT Equity Inc. Common Stock,$0.4941,-0.0299,-5.706%,2,United States,2022.0,644843,Health Care,Biotechnology: Pharmaceutical Preparations
SHPH,Shuttle Pharmaceuticals Holdings Inc. Common Stock,$3.58,0.18,5.294%,2,United States,2022.0,199248,Health Care,Biotechnology: Pharmaceutical Preparations
OGEN,Oragenics Inc. Common Stock,$0.585,-0.0211,-3.481%,2,United States,,35366,Health Care,Biotechnology: Pharmaceutical Preparations
CLDI,Calidi Biotherapeutics Inc. Common Stock,$0.149,-0.009,-5.696%,2,,2021.0,3007984,Health Care,Biotechnology: Biological Products (No Diagnostic Substances)
NRSNW,NeuroSense Therapeutics Ltd. Warrant,$0.0733,0.0,0.00%,2,Israel,2021.0,6,Health Care,Biotechnology: Pharmaceutical Preparations
SPRC,SciSparc Ltd. Ordinary Shares,$4.78,-0.37,-7.184%,2,Israel,,21528,Health Care,Biotechnology: Pharmaceutical Preparations
SLXN,Silexion Therapeutics Corp Ordinary Shares,$2.645,0.06,2.321%,2,Israel,,31076,Health Care,Biotechnology: Biological Products (No Diagnostic Substances)
HUMAW,Humacyte Inc. Warrant,$0.0096,-0.0004,-4.00%,2,United States,2020.0,9811,Health Care,Biotechnology: Biological Products (No Diagnostic Substances)
SCLXW,Scilex Holding Company Warrant,$0.18,0.02,12.50%,1,United States,2021.0,5006,Health Care,Biotechnology: Biological Products (No Diagnostic Substances)
PPBT,Purple Biotech Ltd. American Depositary Shares,$1.70,-0.05,-2.857%,1,Israel,2015.0,47088,Health Care,Biotechnology: Pharmaceutical Preparations
SCNI,Scinai Immunotherapeutics Ltd. American Depositary Shares,$0.2704,-0.0016,-0.588%,1,Israel,2015.0,32288,Health Care,Biotechnology: Biological Products (No Diagnostic Substances)
SABSW,SAB Biotherapeutics Inc. Warrant,$0.0149,0.0045,43.269%,1,United States,2021.0,100220,Health Care,Biotechnology: Biological Products (No Diagnostic Substances)
JAGX,Jaguar Health Inc. Common Stock,$2.81,-0.23,-7.566%,1,United States,2015.0,48498,Health Care,Biotechnology: Pharmaceutical Preparations
RCKTW,Rocket Pharmaceuticals Inc. Warrant,$0.003,-0.003,-50.00%,0,United States,,191025,Health Care,Biotechnology: Pharmaceutical Preparations
PBMWW,Psyence Biomedical Ltd. Warrant,$0.0295,0.0051,20.902%,0,Canada,,5608,Health Care,Biotechnology: Pharmaceutical Preparations
EMIS,Emmis Acquisition Corp. Class A Ordinary Shares,$10.18,0.07,0.692%,0,United States,2025.0,5006,Health Care,Biotechnology: Pharmaceutical Preparations
DRMAW,Dermata Therapeutics Inc. Warrant,$0.0125,-0.0001,-0.794%,0,United States,2021.0,500,Health Care,Biotechnology: Pharmaceutical Preparations
CDIOW,Cardio Diagnostics Holdings Inc. Warrant,$0.0182,0.0,0.00%,0,United States,2022.0,3731,Health Care,Biotechnology: In Vitro & In Vivo Diagnostic Substances
CINGW,Cingulate Inc. Warrants,$0.0232,0.0032,16.00%,0,United States,2021.0,14064,Health Care,Biotechnology: Pharmaceutical Preparations
REVBW,Revelation Biosciences Inc. Warrant,$0.0065,0.0003,4.839%,0,United States,2020.0,20241,Health Care,Biotechnology: Pharmaceutical Preparations
SBFMW,Sunshine Biopharma Inc. Warrant,$0.042,-0.008,-16.00%,0,Canada,,4510,Health Care,Biotechnology: Pharmaceutical Preparations
BTTC,Black Titan Corporation Ordinary Shares,$0.7402,-0.0123,-1.635%,0,Malaysia,,17236,Health Care,Biotechnology: Biological Products (No Diagnostic Substances)
CDTTW,CDT Equity Inc. Warrant,$0.0109,-0.002,-15.504%,0,United States,2022.0,43106,Health Care,Biotechnology: Pharmaceutical Preparations
CELUW,Celularity Inc. Warrant,$0.0039,0.0,0.00%,0,United States,2019.0,1750,Health Care,Biotechnology: Pharmaceutical Preparations
SLXNW,Silexion Therapeutics Corp Warrant,$0.0251,-0.0053,-17.434%,0,Israel,,200,Health Care,Biotechnology: Biological Products (No Diagnostic Substances)
BKHA,Black Hawk Acquisition Corporation Class A Ordinary Shares,$11.91,0.0,0.00%,0,United States,2024.0,230,Health Care,Biotechnology: Biological Products (No Diagnostic Substances)
BCTXZ,BriaCell Therapeutics Corp. Warrant expiring 2030,$0.09,0.0,0.00%,0,Canada,,228241,Health Care,Biotechnology: Pharmaceutical Preparations
BLUWU,Blue Water Acquisition Corp. III Unit.,$10.50,0.02,0.191%,0,United States,2025.0,233,Health Care,Biotechnology: Biological Products (No Diagnostic Substances)
BFRIW,Biofrontera Inc. Warrants,$0.0268,0.0,0.00%,0,United States,2021.0,6,Health Care,Biotechnology: Pharmaceutical Preparations
IPEX,Inflection Point Acquisition Corp. V Class A Ordinary Shares,$10.50,-0.0009,-0.009%,0,United States,2025.0,1015,Health Care,Biotechnology: Pharmaceutical Preparations
BKHAR,Black Hawk Acquisition Corporation Rights,$1.54,0.0,0.00%,0,United States,2024.0,25622,Health Care,Biotechnology: Biological Products (No Diagnostic Substances)
SXTPW,60 Degrees Pharmaceuticals Inc. Warrant,$0.0273,-0.0029,-9.603%,0,United States,2023.0,71099,Health Care,Biotechnology: Pharmaceutical Preparations
KTTAW,Pasithea Therapeutics Corp. Warrant,$0.0099,0.0044,80.00%,0,United States,2021.0,5399,Health Care,Biotechnology: Pharmaceutical Preparations
TVGNW,Tevogen Bio Holdings Inc. Warrant,$0.0569,0.0119,26.444%,0,United States,2022.0,277,Health Care,Biotechnology: Biological Products (No Diagnostic Substances)
JSPRW,Japer Therapeutics Inc. Warrants,$0.013,0.0,0.00%,0,United States,2020.0,617,Health Care,Biotechnology: Biological Products (No Diagnostic Substances)
ASBPW,Aspire Biopharma Holdings Inc. Warrant,$0.02,0.0,0.00%,0,United States,2022.0,108,Health Care,Biotechnology: Pharmaceutical Preparations
APLMW,Apollomics Inc. Warrant,$0.0165,-0.0004,-2.367%,0,United States,,181681,Health Care,Biotechnology: Pharmaceutical Preparations
