Symbol,Name,Last Sale,Net Change,% Change,Market Cap,Country,IPO Year,Volume,Sector,Industry
LLY,Eli Lilly and Company Common Stock,$1148.84,-6.13,-0.531%,1081910,United States,,2881285,Health Care,Biotechnology: Pharmaceutical Preparations
JNJ,Johnson & Johnson Common Stock,$256.35,0.53,0.207%,617777,United States,,6775565,Health Care,Biotechnology: Pharmaceutical Preparations
ABBV,AbbVie Inc. Common Stock,$250.94,-6.47,-2.513%,443358,United States,2012.0,7251818,Health Care,Biotechnology: Pharmaceutical Preparations
MRK,Merck & Company Inc. Common Stock (new),$130.20,0.41,0.316%,321571,United States,,7731894,Health Care,Biotechnology: Pharmaceutical Preparations
NVS,Novartis AG Common Stock,$156.15,-2.29,-1.445%,297957,Switzerland,,1546058,Health Care,Biotechnology: Pharmaceutical Preparations
AZN,AstraZeneca PLC Ordinary Shares,$169.64,-1.7,-0.992%,263065,United Kingdom,2026.0,1669995,Health Care,Biotechnology: Pharmaceutical Preparations
NVO,Novo Nordisk A/S Common Stock,$47.08,-4.53,-8.777%,208466,Denmark,,26749917,Health Care,Biotechnology: Pharmaceutical Preparations
AMGN,Amgen Inc. Common Stock,$385.16,-2.48,-0.64%,207874,United States,1983.0,1953564,Health Care,Biotechnology: Biological Products (No Diagnostic Substances)
ABT,Abbott Laboratories Common Stock,$105.70,0.09,0.085%,182901,United States,,9606927,Health Care,Biotechnology: Pharmaceutical Preparations
GILD,Gilead Sciences Inc. Common Stock,$130.21,-1.07,-0.815%,161664,United States,1992.0,6529651,Health Care,Biotechnology: Biological Products (No Diagnostic Substances)
PFE,Pfizer Inc. Common Stock,$25.01,0.1,0.401%,142543,United States,,45053257,Health Care,Biotechnology: Pharmaceutical Preparations
BMY,Bristol-Myers Squibb Company Common Stock,$65.31,0.45,0.694%,133367,United States,,14574050,Health Care,Biotechnology: Pharmaceutical Preparations
VRTX,Vertex Pharmaceuticals Incorporated Common Stock,$477.10,-4.6,-0.955%,121090,United States,1991.0,957219,Health Care,Biotechnology: Pharmaceutical Preparations
SNY,Sanofi ADS,$43.08,0.19,0.443%,105065,France,,2943475,Health Care,Biotechnology: Pharmaceutical Preparations
GSK,GSK plc American Depositary Shares (Each representing two Ordinary Shares),$51.69,-0.38,-0.73%,104678,United Kingdom,2022.0,3982164,Health Care,Biotechnology: Pharmaceutical Preparations
REGN,Regeneron Pharmaceuticals Inc. Common Stock,$762.63,24.29,3.29%,79953,United States,1991.0,1158368,Health Care,Biotechnology: Pharmaceutical Preparations
ARGX,argenx SE American Depositary Shares,$853.82,-18.76,-2.15%,52990,Netherlands,2017.0,294786,Health Care,Biotechnology: Biological Products (No Diagnostic Substances)
IDXX,IDEXX Laboratories Inc. Common Stock,$559.07,0.27,0.048%,44101,United States,1991.0,630768,Health Care,Biotechnology: In Vitro & In Vivo Diagnostic Substances
TEVA,Teva Pharmaceutical Industries Limited American Depositary Shares,$35.01,-0.4,-1.13%,40797,Israel,,4695015,Health Care,Biotechnology: Pharmaceutical Preparations
RVMD,Revolution Medicines Inc. Common Stock,$187.53,-4.64,-2.415%,39868,United States,2020.0,1492107,Health Care,Biotechnology: Biological Products (No Diagnostic Substances)
ONC,BeOne Medicines Ltd. American Depositary Shares,$316.01,-6.07,-1.885%,35132,Cayman Islands,2016.0,249956,Health Care,Biotechnology: Pharmaceutical Preparations
RPRX,Royalty Pharma plc Class A Ordinary Shares ,$58.43,-0.59,-1.00%,33645,United States,2020.0,2157023,Health Care,Biotechnology: Pharmaceutical Preparations
ZTS,Zoetis Inc. Class A Common Stock,$77.29,1.26,1.657%,32402,United States,2013.0,5017404,Health Care,Biotechnology: Pharmaceutical Preparations
BIIB,Biogen Inc. Common Stock,$202.95,-4.98,-2.395%,29986,United States,,1062023,Health Care,Biotechnology: Biological Products (No Diagnostic Substances)
ALNY,Alnylam Pharmaceuticals Inc. Common Stock,$205.52,0.04,0.019%,27439,United States,2004.0,4477284,Health Care,Biotechnology: Pharmaceutical Preparations
ROIV,Roivant Sciences Ltd. Common Shares,$33.91,-0.61,-1.767%,24505,United Kingdom,,5397137,Health Care,Biotechnology: Pharmaceutical Preparations
BNTX,BioNTech SE American Depositary Share,$90.58,-2.27,-2.445%,22765,Germany,2019.0,710905,Health Care,Biotechnology: Biological Products (No Diagnostic Substances)
UTHR,United Therapeutics Corporation Common Stock,$517.71,-8.11,-1.542%,21975,United States,1999.0,402268,Health Care,Biotechnology: Pharmaceutical Preparations
MRNA,Moderna Inc. Common Stock,$54.82,-3.1,-5.352%,21751,United States,2018.0,7758903,Health Care,Biotechnology: Biological Products (No Diagnostic Substances)
INSM,Insmed Incorporated Common Stock,$98.60,-2.89,-2.848%,21371,United States,,2902523,Health Care,Biotechnology: Pharmaceutical Preparations
VTRS,Viatris Inc. Common Stock,$17.56,-0.2,-1.126%,20449,United States,,15565586,Health Care,Biotechnology: Pharmaceutical Preparations
NBIX,Neurocrine Biosciences Inc. Common Stock,$166.80,-18.7,-10.081%,16771,United States,1996.0,4584309,Health Care,Biotechnology: Biological Products (No Diagnostic Substances)
JAZZ,Jazz Pharmaceuticals plc Common Stock (Ireland),$252.86,-5.52,-2.136%,15884,Ireland,2007.0,572980,Health Care,Biotechnology: Pharmaceutical Preparations
BBIO,BridgeBio Pharma Inc. Common Stock,$80.09,-2.05,-2.496%,15674,United States,2019.0,2132706,Health Care,Biotechnology: Pharmaceutical Preparations
ASND,Ascendis Pharma A/S Ordinary Share,$243.91,-7.16,-2.852%,15116,Denmark,2015.0,508946,Health Care,Biotechnology: Pharmaceutical Preparations
EXEL,Exelixis Inc. Common Stock,$53.03,-2.94,-5.253%,13329,United States,2000.0,3025651,Health Care,Biotechnology: Biological Products (No Diagnostic Substances)
ELAN,Elanco Animal Health Incorporated Common Stock,$26.37,-0.09,-0.34%,13170,United States,2018.0,5193197,Health Care,Biotechnology: Pharmaceutical Preparations
CORT,Corcept Therapeutics Incorporated Common Stock,$114.49,-3.83,-3.237%,12376,United States,2004.0,1841109,Health Care,Biotechnology: Pharmaceutical Preparations
ARWR,Arrowhead Pharmaceuticals Inc. Common Stock,$84.65,-2.67,-3.058%,11923,United States,,1657535,Health Care,Biotechnology: Pharmaceutical Preparations
BMRN,BioMarin Pharmaceutical Inc. Common Stock,$60.02,-0.56,-0.924%,11600,United States,1999.0,2377157,Health Care,Biotechnology: Pharmaceutical Preparations
TECH,Bio-Techne Corp Common Stock,$72.09,0.06,0.083%,11287,United States,,4033553,Health Care,Biotechnology: Biological Products (No Diagnostic Substances)
AXSM,Axsome Therapeutics Inc. Common Stock,$217.99,-16.65,-7.096%,11217,United States,2015.0,782072,Health Care,Biotechnology: Pharmaceutical Preparations
MDGL,Madrigal Pharmaceuticals Inc. Common Stock,$467.32,-25.79,-5.23%,10774,United States,2007.0,795229,Health Care,Biotechnology: Pharmaceutical Preparations
ABVX,Abivax SA American Depositary Shares,$124.92,0.59,0.475%,10754,France,2023.0,1236355,Health Care,Biotechnology: Pharmaceutical Preparations
SMMT,Summit Therapeutics Inc. Common Stock ,$13.02,-0.42,-3.125%,10386,United States,2015.0,3993205,Health Care,Biotechnology: Pharmaceutical Preparations
APGE,Apogee Therapeutics Inc. Common Stock,$134.09,-0.21,-0.156%,10108,United States,2023.0,1744291,Health Care,Biotechnology: Biological Products (No Diagnostic Substances)
KRYS,Krystal Biotech Inc. Common Stock,$341.12,-25.73,-7.014%,10056,United States,2017.0,488784,Health Care,Biotechnology: Biological Products (No Diagnostic Substances)
RDY,Dr. Reddy's Laboratories Ltd Common Stock,$11.85,0.02,0.169%,9890,India,,3009819,Health Care,Biotechnology: Pharmaceutical Preparations
HALO,Halozyme Therapeutics Inc. Common Stock,$82.54,-0.76,-0.912%,9790,United States,,1564664,Health Care,Biotechnology: Biological Products (No Diagnostic Substances)
CYTK,Cytokinetics Incorporated Common Stock,$77.13,-3.29,-4.091%,9597,United States,2004.0,1579291,Health Care,Biotechnology: Pharmaceutical Preparations
CRNX,Crinetics Pharmaceuticals Inc. Common Stock,$83.52,-0.11,-0.132%,8806,United States,2018.0,1861676,Health Care,Biotechnology: Pharmaceutical Preparations
PTGX,Protagonist Therapeutics Inc. Common Stock,$136.64,-2.0,-1.443%,8787,United States,2016.0,548836,Health Care,Biotechnology: Pharmaceutical Preparations
SYRE,Spyre Therapeutics Inc. Common Stock,$98.33,-3.17,-3.123%,8646,United States,2016.0,621771,Health Care,Biotechnology: Pharmaceutical Preparations
IONS,Ionis Pharmaceuticals Inc. Common Stock,$51.77,-1.51,-2.834%,8603,United States,,2569747,Health Care,Biotechnology: Pharmaceutical Preparations
PRAX,Praxis Precision Medicines Inc. Common Stock,$307.83,0.08,0.026%,8581,United States,2020.0,385219,Health Care,Biotechnology: Pharmaceutical Preparations
QGEN,Qiagen N.V. Common Shares,$41.40,-0.05,-0.121%,8531,Netherlands,2026.0,1340215,Health Care,Biotechnology: Biological Products (No Diagnostic Substances)
KYMR,Kymera Therapeutics Inc. Common Stock,$103.40,-3.61,-3.374%,8505,United States,2020.0,511637,Health Care,Biotechnology: Biological Products (No Diagnostic Substances)
ALKS,Alkermes plc Ordinary Shares,$48.99,-1.04,-2.079%,8218,Ireland,1991.0,1624514,Health Care,Biotechnology: Pharmaceutical Preparations
IMVT,Immunovant Inc. Common Stock,$38.62,-0.86,-2.178%,7971,United States,2019.0,669673,Health Care,Biotechnology: Biological Products (No Diagnostic Substances)
TGTX,TG Therapeutics Inc. Common Stock,$52.03,-1.5,-2.802%,7964,United States,,2489467,Health Care,Biotechnology: Pharmaceutical Preparations
RGEN,Repligen Corporation Common Stock,$141.01,-2.59,-1.804%,7957,United States,1986.0,875342,Health Care,Biotechnology: Biological Products (No Diagnostic Substances)
PCVX,Vaxcyte Inc. Common Stock,$54.08,-1.88,-3.36%,7809,United States,2020.0,793273,Health Care,Biotechnology: Pharmaceutical Preparations
IBRX,ImmunityBio Inc. Common Stock,$7.17,-0.28,-3.758%,7509,United States,2015.0,9321807,Health Care,Biotechnology: Biological Products (No Diagnostic Substances)
LQDA,Liquidia Corporation Common Stock,$84.11,-2.69,-3.099%,7479,United States,2018.0,1131338,Health Care,Biotechnology: Pharmaceutical Preparations
RYTM,Rhythm Pharmaceuticals Inc. Common Stock,$99.25,-6.49,-6.138%,6801,United States,2017.0,447139,Health Care,Biotechnology: Pharmaceutical Preparations
COGT,Cogent Biosciences Inc. Common Stock,$38.93,-2.43,-5.875%,6651,United States,2018.0,1547375,Health Care,Biotechnology: Pharmaceutical Preparations
LNTH,Lantheus Holdings Inc. Common Stock,$99.64,-1.36,-1.347%,6487,United States,2015.0,1022094,Health Care,Biotechnology: In Vitro & In Vivo Diagnostic Substances
MIRM,Mirum Pharmaceuticals Inc. Common Stock,$105.95,-6.64,-5.898%,6460,United States,2019.0,558557,Health Care,Biotechnology: Pharmaceutical Preparations
CGON,CG Oncology Inc. Common stock,$71.19,-1.84,-2.52%,6279,United States,2024.0,561023,Health Care,Biotechnology: Biological Products (No Diagnostic Substances)
BLTE,Belite Bio Inc American Depositary Shares,$158.61,-1.31,-0.819%,6239,United States,2022.0,159293,Health Care,Biotechnology: Pharmaceutical Preparations
ERAS,Erasca Inc. Common Stock,$18.15,-0.53,-2.837%,6211,United States,2021.0,2696783,Health Care,Biotechnology: Pharmaceutical Preparations
XENE,Xenon Pharmaceuticals Inc. Common Shares,$62.67,-1.52,-2.368%,6058,Canada,2014.0,736982,Health Care,Biotechnology: Pharmaceutical Preparations
AMRX,Amneal Pharmaceuticals Inc. Class A Common Stock,$18.32,-0.18,-0.973%,5844,United States,,2011799,Health Care,Biotechnology: Pharmaceutical Preparations
DNTH,Dianthus Therapeutics Inc. Common Stock,$106.92,-5.72,-5.078%,5844,United States,2018.0,1052527,Health Care,Biotechnology: Pharmaceutical Preparations
ORKA,Oruka Therapeutics Inc. Common Stock,$96.51,-1.35,-1.38%,5820,United States,,758567,Health Care,Biotechnology: In Vitro & In Vivo Diagnostic Substances
KNSA,Kiniksa Pharmaceuticals International plc Class A Ordinary Shares,$74.34,-3.86,-4.936%,5800,United States,2018.0,1034539,Health Care,Biotechnology: Pharmaceutical Preparations
LGND,Ligand Pharmaceuticals Incorporated Common Stock,$287.54,-8.75,-2.953%,5762,United States,,259920,Health Care,Biotechnology: Pharmaceutical Preparations
TWST,Twist Bioscience Corporation Common Stock,$91.55,0.22,0.241%,5700,United States,2018.0,1494318,Health Care,Biotechnology: Biological Products (No Diagnostic Substances)
SRRK,Scholar Rock Holding Corporation Common Stock,$47.295,-1.695,-3.46%,5667,United States,2018.0,786767,Health Care,Biotechnology: Biological Products (No Diagnostic Substances)
PTCT,PTC Therapeutics Inc. Common Stock,$68.01,-7.51,-9.944%,5641,United States,2013.0,4329785,Health Care,Biotechnology: Pharmaceutical Preparations
GRFS,Grifols S.A. American Depositary Shares,$7.87,-0.33,-4.024%,5411,Spain,,484891,Health Care,Biotechnology: Pharmaceutical Preparations
TVTX,Travere Therapeutics Inc. Common Stock,$55.89,-1.39,-2.427%,5197,United States,,1715077,Health Care,Biotechnology: Pharmaceutical Preparations
INDV,Indivior Pharmaceuticals Inc. Common Stock,$40.01,-0.21,-0.522%,4992,United Kingdom,,1351799,Health Care,Biotechnology: Pharmaceutical Preparations
DYN,Dyne Therapeutics Inc. Common Stock,$25.18,-0.55,-2.138%,4702,United States,2020.0,1825269,Health Care,Biotechnology: Pharmaceutical Preparations
CRSP,CRISPR Therapeutics AG Common Shares,$47.99,-0.45,-0.929%,4628,Switzerland,2016.0,1035403,Health Care,Biotechnology: Biological Products (No Diagnostic Substances)
ACAD,ACADIA Pharmaceuticals Inc. Common Stock,$25.87,-0.68,-2.561%,4429,United States,1985.0,1534275,Health Care,Biotechnology: Pharmaceutical Preparations
MANE,Veradermics Incorporated Common Stock,$105.00,0.37,0.354%,4386,,2026.0,918435,Health Care,Biotechnology: Pharmaceutical Preparations
EWTX,Edgewise Therapeutics Inc. Common Stock,$38.43,-2.69,-6.542%,4134,United States,2021.0,1150072,Health Care,Biotechnology: Pharmaceutical Preparations
PBLS,Parabilis Medicines Inc. Common Stock,$33.98,1.7,5.266%,4035,United States,2026.0,355934,Health Care,Biotechnology: Pharmaceutical Preparations
TNGX,Tango Therapeutics Inc.,$27.18,-0.39,-1.415%,3931,United States,2020.0,1687738,Health Care,Biotechnology: Pharmaceutical Preparations
GMAB,Genmab A/S ADS,$28.87,0.23,0.803%,3709,Denmark,2019.0,2135278,Health Care,Biotechnology: Pharmaceutical Preparations
VKTX,Viking Therapeutics Inc. Common Stock,$31.74,-1.37,-4.138%,3702,United States,2015.0,1862521,Health Care,Biotechnology: Pharmaceutical Preparations
DNLI,Denali Therapeutics Inc. Common Stock,$23.02,-1.33,-5.462%,3653,United States,2017.0,1232222,Health Care,Biotechnology: Biological Products (No Diagnostic Substances)
ADPT,Adaptive Biotechnologies Corporation Common Stock,$22.57,-1.61,-6.658%,3612,United States,2019.0,2993061,Health Care,Biotechnology: Biological Products (No Diagnostic Substances)
RLAY,Relay Therapeutics Inc. Common Stock,$18.83,-0.62,-3.188%,3607,United States,2020.0,1785680,Health Care,Biotechnology: Biological Products (No Diagnostic Substances)
ALMS,Alumis Inc. Common Stock,$28.25,-0.7,-2.418%,3601,United States,2024.0,1320996,Health Care,Biotechnology: Pharmaceutical Preparations
OGN,Organon & Co. Common Stock ,$13.55,0.0,0.00%,3558,United States,2021.0,2689435,Health Care,Biotechnology: Pharmaceutical Preparations
RCUS,Arcus Biosciences Inc. Common Stock,$28.19,-0.06,-0.212%,3545,United States,2018.0,1271525,Health Care,Biotechnology: Pharmaceutical Preparations
LEGN,Legend Biotech Corporation American Depositary Shares,$18.55,-0.5,-2.625%,3445,United States,2020.0,2720885,Health Care,Biotechnology: Pharmaceutical Preparations
GPCR,Structure Therapeutics Inc. American Depositary Shares,$48.04,-1.43,-2.891%,3414,United States,2023.0,407595,Health Care,Biotechnology: Pharmaceutical Preparations
ARQT,Arcutis Biotherapeutics Inc. Common Stock,$26.86,-1.13,-4.037%,3359,United States,2020.0,1548551,Health Care,Biotechnology: Pharmaceutical Preparations
TLX,Telix Pharmaceuticals Limited American Depositary Shares,$9.89,-0.17,-1.69%,3350,Australia,,80941,Health Care,Biotechnology: Pharmaceutical Preparations
ELVN,Enliven Therapeutics Inc. Common Stock,$54.81,0.86,1.594%,3338,United States,2020.0,660450,Health Care,Biotechnology: Pharmaceutical Preparations
NAMS,NewAmsterdam Pharma Company N.V. Ordinary Shares,$27.79,-0.67,-2.354%,3248,Netherlands,,956647,Health Care,Biotechnology: Pharmaceutical Preparations
MBX,MBX Biosciences Inc. Common Stock,$65.93,-0.53,-0.797%,3138,United States,2024.0,566350,Health Care,Biotechnology: Pharmaceutical Preparations
IDYA,IDEAYA Biosciences Inc. Common Stock,$35.50,-0.9,-2.473%,3119,United States,2019.0,482001,Health Care,Biotechnology: Pharmaceutical Preparations
QURE,uniQure N.V. Ordinary Shares,$43.63,1.44,3.413%,3026,Netherlands,2014.0,1695073,Health Care,Biotechnology: Pharmaceutical Preparations
CLDX,Celldex Therapeutics Inc.,$38.06,-0.425,-1.104%,2987,United States,,875754,Health Care,Biotechnology: In Vitro & In Vivo Diagnostic Substances
IRON,Disc Medicine Inc. Common Stock,$77.00,-2.21,-2.79%,2941,United States,,364298,Health Care,Biotechnology: Pharmaceutical Preparations
ATAI,AtaiBeckley Inc. Common Stock,$7.18,0.0,0.00%,2643,Germany,2008.0,8914676,Health Care,Biotechnology: Pharmaceutical Preparations
BEAM,Beam Therapeutics Inc. Common Stock,$25.52,-0.97,-3.662%,2625,United States,2020.0,1068211,Health Care,Biotechnology: Biological Products (No Diagnostic Substances)
NEOG,Neogen Corporation Common Stock,$12.04,0.51,4.423%,2620,United States,1989.0,3800465,Health Care,Biotechnology: In Vitro & In Vivo Diagnostic Substances
KOD,Kodiak Sciences Inc Common Stock,$41.58,-0.92,-2.165%,2602,United States,2018.0,426767,Health Care,Biotechnology: Biological Products (No Diagnostic Substances)
TRVI,Trevi Therapeutics Inc. Common Stock,$18.25,-0.15,-0.815%,2591,United States,2019.0,1350353,Health Care,Biotechnology: Pharmaceutical Preparations
SUPN,Supernus Pharmaceuticals Inc. Common Stock,$44.63,-0.98,-2.149%,2590,United States,2012.0,572106,Health Care,Biotechnology: Pharmaceutical Preparations
IMNM,Immunome Inc. Common Stock,$22.76,-0.32,-1.386%,2577,United States,2020.0,658145,Health Care,Biotechnology: Pharmaceutical Preparations
BHC,Bausch Health Companies Inc. Common Stock,$6.89,0.86,14.262%,2575,Canada,,22801968,Health Care,Biotechnology: Pharmaceutical Preparations
TARS,Tarsus Pharmaceuticals Inc. Common Stock,$59.04,-0.5,-0.84%,2540,United States,2020.0,637051,Health Care,Biotechnology: Biological Products (No Diagnostic Substances)
RARE,Ultragenyx Pharmaceutical Inc. Common Stock,$24.91,-1.13,-4.339%,2453,United States,2014.0,1537467,Health Care,Biotechnology: Pharmaceutical Preparations
TAK,Takeda Pharmaceutical Company Limited American Depositary Shares (each representing 1/2 of a share of Common Stock),$17.09,-0.16,-0.928%,2449,Japan,2018.0,4109300,Health Care,Biotechnology: Pharmaceutical Preparations
NRIX,Nurix Therapeutics Inc. Common stock,$23.21,-0.37,-1.569%,2408,United States,2020.0,761636,Health Care,Biotechnology: Pharmaceutical Preparations
NKTR,Nektar Therapeutics  Common Stock,$70.67,-0.78,-1.092%,2387,United States,,497274,Health Care,Biotechnology: Pharmaceutical Preparations
PBH,Prestige Consumer Healthcare Inc. Common Stock,$50.22,0.27,0.541%,2379,United States,2005.0,392973,Health Care,Biotechnology: Pharmaceutical Preparations
VCEL,Vericel Corporation Common Stock,$45.96,-1.65,-3.466%,2347,United States,,521497,Health Care,Biotechnology: Biological Products (No Diagnostic Substances)
VERA,Vera Therapeutics Inc. Class A Common Stock,$32.10,-0.95,-2.874%,2304,United States,2021.0,1443818,Health Care,Biotechnology: Pharmaceutical Preparations
BCRX,BioCryst Pharmaceuticals Inc. Common Stock,$8.98,-0.26,-2.814%,2282,United States,1994.0,2928998,Health Care,Biotechnology: Biological Products (No Diagnostic Substances)
PHVS,Pharvaris N.V. Ordinary Shares,$32.62,-1.26,-3.719%,2272,Netherlands,2021.0,507263,Health Care,Biotechnology: Pharmaceutical Preparations
AMLX,Amylyx Pharmaceuticals Inc. Common Stock,$20.31,-0.44,-2.12%,2258,United States,2022.0,1832565,Health Care,Biotechnology: Pharmaceutical Preparations
PGEN,Precigen Inc. Common Stock,$6.27,0.33,5.556%,2235,United States,,5618843,Health Care,Biotechnology: Pharmaceutical Preparations
COAG,Hemab Therapeutics Holdings Inc. Common Stock,$47.55,0.08,0.169%,2220,United States,2026.0,447295,Health Care,Biotechnology: Biological Products (No Diagnostic Substances)
NUVB,Nuvation Bio Inc. Class A Common Stock,$6.33,-0.37,-5.522%,2204,United States,2020.0,4891140,Health Care,Biotechnology: Pharmaceutical Preparations
KLRA,Kailera Therapeutics Inc. Common Stock,$16.94,-0.11,-0.645%,2194,United States,2026.0,414159,Health Care,Biotechnology: Pharmaceutical Preparations
SION,Sionna Therapeutics Inc. Common Stock,$47.13,0.35,0.748%,2127,United States,2025.0,390683,Health Care,Biotechnology: Pharmaceutical Preparations
MLYS,Mineralys Therapeutics Inc. Common Stock,$25.52,-0.67,-2.558%,2105,United States,2023.0,618147,Health Care,Biotechnology: Pharmaceutical Preparations
ZLAB,Zai Lab Limited American Depositary Shares,$18.27,0.06,0.329%,2052,China,2017.0,353721,Health Care,Biotechnology: Pharmaceutical Preparations
HRMY,Harmony Biosciences Holdings Inc. Common Stock,$35.24,-0.62,-1.729%,2040,United States,2020.0,604915,Health Care,Biotechnology: Pharmaceutical Preparations
RVMDW,Revolution Medicines Inc. Warrant,$9.565,-0.315,-3.188%,2033,United States,,2093,Health Care,Biotechnology: Biological Products (No Diagnostic Substances)
BHVN,Biohaven Ltd. Common Shares ,$13.50,-0.32,-2.315%,2031,United States,2022.0,1429824,Health Care,Biotechnology: Pharmaceutical Preparations
PVLA,Palvella Therapeutics Inc. Common Stock,$139.04,-11.15,-7.424%,1994,United States,,185699,Health Care,Biotechnology: Pharmaceutical Preparations
ZBIO,Zenas BioPharma Inc. Common Stock,$31.44,-0.83,-2.572%,1984,United States,2024.0,452266,Health Care,Biotechnology: Pharmaceutical Preparations
ADMA,ADMA Biologics Inc Common Stock,$8.46,-0.21,-2.422%,1965,United States,,1619910,Health Care,Biotechnology: Biological Products (No Diagnostic Substances)
RAPP,Rapport Therapeutics Inc. Common Stock,$40.98,-1.8,-4.208%,1959,United States,2024.0,240926,Health Care,Biotechnology: Pharmaceutical Preparations
NAMSW,NewAmsterdam Pharma Company N.V. Warrant,$16.71,0.0,0.00%,1953,Netherlands,,6,Health Care,Biotechnology: Pharmaceutical Preparations
HCM,HUTCHMED (China) Limited American Depositary Shares,$11.13,0.36,3.343%,1941,Hong Kong,2016.0,38562,Health Care,Biotechnology: Pharmaceutical Preparations
AUPH,Aurinia Pharmaceuticals Inc Ordinary Shares,$14.88,-0.12,-0.80%,1933,Canada,,1655277,Health Care,Biotechnology: Pharmaceutical Preparations
GHRS,GH Research PLC Ordinary Shares,$28.07,-0.31,-1.092%,1924,Ireland,2021.0,178298,Health Care,Biotechnology: Pharmaceutical Preparations
TYRA,Tyra Biosciences Inc. Common Stock,$31.88,-1.18,-3.569%,1895,United States,2021.0,712754,Health Care,Biotechnology: Pharmaceutical Preparations
URGN,UroGen Pharma Ltd. Ordinary Shares,$38.24,-2.85,-6.936%,1863,Israel,2017.0,814756,Health Care,Biotechnology: Pharmaceutical Preparations
SLS,SELLAS Life Sciences Group Inc. Common Stock,$10.01,-0.28,-2.721%,1862,United States,,5031621,Health Care,Biotechnology: Pharmaceutical Preparations
NBTX,Nanobiotix S.A. American Depositary Shares,$38.385,-1.77,-4.408%,1858,France,2020.0,130004,Health Care,Biotechnology: Pharmaceutical Preparations
MESO,Mesoblast Limited American Depositary Shares,$14.17,-0.38,-2.612%,1829,Australia,2015.0,159425,Health Care,Biotechnology: Biological Products (No Diagnostic Substances)
KARD,Kardigan Inc. Common Stock,$20.82,0.35,1.71%,1825,United States,2026.0,280930,Health Care,Biotechnology: Pharmaceutical Preparations
IOVA,Iovance Biotherapeutics Inc. Common Stock,$4.07,-0.62,-13.22%,1817,United States,,19948743,Health Care,Biotechnology: Biological Products (No Diagnostic Substances)
STOK,Stoke Therapeutics Inc. Common Stock,$28.86,-1.18,-3.928%,1797,United States,2019.0,715835,Health Care,Biotechnology: Pharmaceutical Preparations
GENB,Generate Biomedicines Inc. Common Stock,$14.00,-0.03,-0.214%,1794,United States,2026.0,318585,Health Care,Biotechnology: Pharmaceutical Preparations
LKFT,Lakefront Biotherapeutics American Depositary Shares,$27.21,-0.43,-1.556%,1793,Belgium,2015.0,177704,Health Care,Biotechnology: Pharmaceutical Preparations
OCUL,Ocular Therapeutix Inc. Common Stock,$8.17,-0.3,-3.542%,1788,United States,2014.0,2150831,Health Care,Biotechnology: Pharmaceutical Preparations
AGIO,Agios Pharmaceuticals Inc. Common Stock,$30.02,-2.73,-8.336%,1785,United States,2013.0,2102056,Health Care,Biotechnology: Pharmaceutical Preparations
DMRA,Damora Therapeutics Inc. Ordinary Shares,$28.99,-0.22,-0.753%,1784,Denmark,2020.0,314522,Health Care,Biotechnology: Pharmaceutical Preparations
BCAX,Bicara Therapeutics Inc. Common Stock,$27.10,0.83,3.159%,1780,United States,2024.0,690021,Health Care,Biotechnology: Pharmaceutical Preparations
ANIP,ANI Pharmaceuticals Inc.,$79.24,-1.19,-1.48%,1779,United States,,205212,Health Care,Biotechnology: Pharmaceutical Preparations
MRVI,Maravai LifeSciences Holdings Inc. Class A Common Stock,$6.57,-0.18,-2.667%,1696,United States,2020.0,1087367,Health Care,Biotechnology: Pharmaceutical Preparations
SNDX,Syndax Pharmaceuticals Inc. Common Stock,$19.05,-0.43,-2.207%,1687,United States,2016.0,1206313,Health Care,Biotechnology: Pharmaceutical Preparations
TSHA,Taysha Gene Therapies Inc. Common Stock,$5.86,-0.015,-0.255%,1683,United States,2020.0,2287912,Health Care,Biotechnology: Biological Products (No Diagnostic Substances)
ABCL,AbCellera Biologics Inc. Common Shares,$5.71,0.02,0.351%,1682,Canada,2020.0,4994606,Health Care,Biotechnology: Pharmaceutical Preparations
AAPG,Ascentage Pharma Group International American Depository Shares,$17.425,-0.645,-3.569%,1626,China,2025.0,4011,Health Care,Biotechnology: Pharmaceutical Preparations
IMCR,Immunocore Holdings plc American Depositary Shares,$33.81,-0.06,-0.177%,1625,United Kingdom,2021.0,761781,Health Care,Biotechnology: Biological Products (No Diagnostic Substances)
ZYME,Zymeworks Inc. Common Stock,$21.94,-0.77,-3.391%,1602,United States,,375146,Health Care,Biotechnology: Pharmaceutical Preparations
RXRX,Recursion Pharmaceuticals Inc. Class A Common Stock,$3.00,-0.04,-1.316%,1589,United States,2021.0,15296920,Health Care,Biotechnology: Biological Products (No Diagnostic Substances)
ANAB,AnaptysBio Inc. Common Stock,$53.36,-1.68,-3.052%,1579,United States,2017.0,451375,Health Care,Biotechnology: Pharmaceutical Preparations
SRPT,Sarepta Therapeutics Inc. Common Stock (DE),$14.86,-0.7,-4.499%,1568,United States,,3591440,Health Care,Biotechnology: Pharmaceutical Preparations
FBRX,Forte Biosciences Inc. Common Stock,$76.60,-0.38,-0.494%,1568,United States,2017.0,794145,Health Care,Biotechnology: Pharmaceutical Preparations
SEPN,Septerna Inc. Common Stock,$34.45,-0.73,-2.075%,1552,United States,2024.0,241110,Health Care,Biotechnology: Pharmaceutical Preparations
INVA,Innoviva Inc. Common Stock,$20.97,-0.25,-1.178%,1547,United States,2004.0,508012,Health Care,Biotechnology: Pharmaceutical Preparations
TRAX,First Tracks Biotherapeutics Inc. Ordinary Shares ,$44.04,-3.74,-7.828%,1536,United States,,869754,Health Care,Biotechnology: Pharmaceutical Preparations
CMPS,COMPASS Pathways Plc American Depository Shares,$11.35,-0.22,-1.901%,1531,United Kingdom,2020.0,1984413,Health Care,Biotechnology: Pharmaceutical Preparations
XNCR,Xencor Inc. Common Stock,$20.21,-1.28,-5.956%,1498,United States,2013.0,1296399,Health Care,Biotechnology: Pharmaceutical Preparations
NTLA,Intellia Therapeutics Inc. Common Stock,$10.68,-0.41,-3.697%,1492,United States,2016.0,2647537,Health Care,Biotechnology: In Vitro & In Vivo Diagnostic Substances
MAZE,Maze Therapeutics Inc. Common Stock,$26.92,-0.71,-2.57%,1489,United States,2025.0,335600,Health Care,Biotechnology: Biological Products (No Diagnostic Substances)
SLBT,SL Science Holding Limited Ordinary Shares,$2.645,-0.045,-1.673%,1483,Taiwan,,15663,Health Care,Biotechnology: Biological Products (No Diagnostic Substances)
PAHC,Phibro Animal Health Corporation Class A Common Stock,$36.33,-0.12,-0.329%,1473,United States,2014.0,205488,Health Care,Biotechnology: Pharmaceutical Preparations
VIR,Vir Biotechnology Inc. Common Stock,$8.66,-0.24,-2.697%,1460,United States,2019.0,1126917,Health Care,Biotechnology: Biological Products (No Diagnostic Substances)
HROW,Harrow Inc. Common Stock,$38.77,-0.17,-0.437%,1445,United States,,261634,Health Care,Biotechnology: Pharmaceutical Preparations
NNNN,Anbio Biotechnology Class A Ordinary Shares,$9.90,-0.85,-7.907%,1424,Germany,2025.0,33178,Health Care,Biotechnology: In Vitro & In Vivo Diagnostic Substances
PRGO,Perrigo Company plc Ordinary Shares,$10.11,-0.2,-1.94%,1398,United States,,2880339,Health Care,Biotechnology: Pharmaceutical Preparations
GLUE,Monte Rosa Therapeutics Inc. Common Stock,$16.52,-6.16,-27.16%,1395,United States,2021.0,7467219,Health Care,Biotechnology: Biological Products (No Diagnostic Substances)
XERS,Xeris Biopharma Holdings Inc. Common Stock,$8.08,-0.34,-4.038%,1394,United States,2018.0,1623847,Health Care,Biotechnology: Pharmaceutical Preparations
AVBP,ArriVent BioPharma Inc. Common Stock,$29.82,-0.84,-2.74%,1388,United States,2024.0,427793,Health Care,Biotechnology: Pharmaceutical Preparations
MLTX,MoonLake Immunotherapeutics Class A Ordinary Shares,$18.44,-0.55,-2.896%,1357,United States,2020.0,791778,Health Care,Biotechnology: Pharmaceutical Preparations
ALVO,Alvotech Ordinary Shares,$4.12,0.55,15.406%,1286,Luxembourg,,1720719,Health Care,Biotechnology: Biological Products (No Diagnostic Substances)
AVLN,Avalyn Pharma Inc. Common Stock,$28.79,-0.52,-1.774%,1276,United States,2026.0,126791,Health Care,Biotechnology: Pharmaceutical Preparations
ETON,Eton Pharmaceuticals Inc. Common Stock,$46.42,-2.61,-5.323%,1271,United States,2018.0,484871,Health Care,Biotechnology: Pharmaceutical Preparations
MNKD,MannKind Corporation Common Stock,$3.91,-0.2,-4.866%,1248,United States,2004.0,5403237,Health Care,Biotechnology: Pharmaceutical Preparations
ARDX,Ardelyx Inc. Common Stock,$4.95,-0.09,-1.786%,1222,United States,2014.0,2762718,Health Care,Biotechnology: Pharmaceutical Preparations
AKTS,Aktis Oncology Inc. Common stock,$22.07,-0.93,-4.043%,1219,United States,2026.0,278458,Health Care,Biotechnology: Pharmaceutical Preparations
INBX,Inhibrx Biosciences Inc. Common Stock,$82.05,-2.68,-3.163%,1203,United States,,109113,Health Care,Biotechnology: Biological Products (No Diagnostic Substances)
NVAX,Novavax Inc. Common Stock,$7.32,-0.12,-1.613%,1203,United States,,3398196,Health Care,Biotechnology: Biological Products (No Diagnostic Substances)
IMTX,Immatics N.V. Ordinary Shares,$8.66,-0.54,-5.87%,1161,Germany,,213137,Health Care,Biotechnology: Biological Products (No Diagnostic Substances)
LBRX,LB Pharmaceuticals Inc Common Stock,$40.08,-0.82,-2.005%,1149,United States,2025.0,339029,Health Care,Biotechnology: Pharmaceutical Preparations
COLL,Collegium Pharmaceutical Inc. Common Stock,$35.39,-0.59,-1.64%,1147,United States,2015.0,288520,Health Care,Biotechnology: Pharmaceutical Preparations
VOR,Vor Biopharma Inc. Common Stock,$21.15,-0.65,-2.982%,1146,United States,2021.0,905024,Health Care,Biotechnology: Biological Products (No Diagnostic Substances)
ORIC,Oric Pharmaceuticals Inc. Common Stock,$11.07,-0.57,-4.897%,1145,United States,2020.0,1238875,Health Care,Biotechnology: Pharmaceutical Preparations
QDEL,QuidelOrtho Corporation Common Stock,$16.77,0.2,1.207%,1143,United States,,739562,Health Care,Biotechnology: In Vitro & In Vivo Diagnostic Substances
SDGR,Schrodinger Inc. Common Stock,$15.14,-0.21,-1.368%,1131,United States,2020.0,1218219,Health Care,Biotechnology: Pharmaceutical Preparations
SVRA,Savara Inc. Common Stock,$5.46,-0.08,-1.444%,1118,United States,,1168557,Health Care,Biotechnology: Pharmaceutical Preparations
CRVS,Corvus Pharmaceuticals Inc. Common Stock,$13.26,0.07,0.531%,1115,United States,2016.0,775890,Health Care,Biotechnology: Pharmaceutical Preparations
SPTX,Seaport Therapeutics Inc. Common Stock,$20.46,0.14,0.689%,1095,United States,2026.0,115649,Health Care,Biotechnology: Pharmaceutical Preparations
MGTX,MeiraGTx Holdings plc Ordinary Shares,$11.79,-0.19,-1.586%,1091,United States,2018.0,516803,Health Care,Biotechnology: Biological Products (No Diagnostic Substances)
WVE,Wave Life Sciences Ltd. Ordinary Shares,$5.51,-0.25,-4.34%,1060,Singapore,2015.0,2866857,Health Care,Biotechnology: Pharmaceutical Preparations
IVA,Inventiva S.A. American Depository Shares,$4.48,-0.14,-3.03%,1058,France,2020.0,1353001,Health Care,Biotechnology: Pharmaceutical Preparations
ANRO,Alto Neuroscience Inc. Common Stock,$27.07,-1.56,-5.449%,1052,United States,2024.0,323684,Health Care,Biotechnology: Pharmaceutical Preparations
PCRX,Pacira BioSciences Inc. Common Stock,$26.41,-0.56,-2.076%,1039,United States,2011.0,540088,Health Care,Biotechnology: Pharmaceutical Preparations
LXRX,Lexicon Pharmaceuticals Inc. Common Stock,$2.31,-0.03,-1.282%,1026,United States,,2767410,Health Care,Biotechnology: Pharmaceutical Preparations
CGEM,Cullinan Therapeutics Inc. Common Stock,$16.50,-1.02,-5.822%,1014,United States,2021.0,839679,Health Care,Biotechnology: Biological Products (No Diagnostic Substances)
OLMA,Olema Pharmaceuticals Inc. Common Stock,$11.45,-0.37,-3.13%,1000,United States,2020.0,709803,Health Care,Biotechnology: Pharmaceutical Preparations
OPK,OPKO Health Inc. Common Stock,$1.32,-0.015,-1.124%,985,United States,,2828006,Health Care,Biotechnology: Pharmaceutical Preparations
JBIO,Jade Biosciences Inc. Common Stock,$19.75,-0.25,-1.25%,974,United States,2021.0,600340,Health Care,Biotechnology: Pharmaceutical Preparations
AVTX,Avalo Therapeutics Inc. Common Stock,$18.25,-1.14,-5.879%,965,United States,2015.0,895957,Health Care,Biotechnology: Pharmaceutical Preparations
ANL,Adlai Nortye Ltd. American Depositary Shares,$13.00,0.0,0.00%,947,Cayman Islands,2023.0,120411,Health Care,Biotechnology: Pharmaceutical Preparations
REPL,Replimune Group Inc. Common Stock,$11.20,5.79,107.024%,941,United States,2018.0,33517999,Health Care,Biotechnology: Biological Products (No Diagnostic Substances)
JANX,Janux Therapeutics Inc. Common Stock,$15.17,-0.41,-2.632%,925,United States,2021.0,510526,Health Care,Biotechnology: Pharmaceutical Preparations
ODTX,Odyssey Therapeutics Inc. Common Stock,$18.93,0.51,2.769%,909,United States,2026.0,183248,Health Care,Biotechnology: Biological Products (No Diagnostic Substances)
AMPH,Amphastar Pharmaceuticals Inc. Common Stock,$19.94,-0.44,-2.159%,879,United States,2014.0,367657,Health Care,Biotechnology: Pharmaceutical Preparations
SANA,Sana Biotechnology Inc. Common Stock,$3.13,-0.12,-3.692%,871,United States,2021.0,2307382,Health Care,Biotechnology: Biological Products (No Diagnostic Substances)
TBPH,Theravance Biopharma Inc. Ordinary Shares,$16.86,0.01,0.059%,869,Cayman Islands,,369704,Health Care,Biotechnology: Pharmaceutical Preparations
ABUS,Arbutus Biopharma Corporation Common Stock,$4.34,-0.07,-1.587%,857,Canada,,1167966,Health Care,Biotechnology: Pharmaceutical Preparations
OMER,Omeros Corporation Common Stock,$11.84,-0.09,-0.754%,856,United States,2009.0,1307607,Health Care,Biotechnology: Pharmaceutical Preparations
ANNX,Annexon Inc. Common Stock,$5.095,-0.175,-3.321%,834,United States,2020.0,2798348,Health Care,Biotechnology: Pharmaceutical Preparations
GERN,Geron Corporation Common Stock,$1.29,-0.05,-3.731%,827,United States,1996.0,19598979,Health Care,Biotechnology: Pharmaceutical Preparations
KURA,Kura Oncology Inc. Common Stock,$9.01,-0.3,-3.222%,799,United States,,1171383,Health Care,Biotechnology: Pharmaceutical Preparations
DBVT,DBV Technologies S.A. American Depositary Shares,$13.50,-0.31,-2.245%,799,France,2014.0,351685,Health Care,Biotechnology: Biological Products (No Diagnostic Substances)
SLDB,Solid Biosciences Inc. Common Stock,$8.06,-0.43,-5.065%,793,United States,2018.0,1060569,Health Care,Biotechnology: Biological Products (No Diagnostic Substances)
DSGN,Design Therapeutics Inc. Common Stock,$12.18,-0.44,-3.487%,760,United States,2021.0,628270,Health Care,Biotechnology: Pharmaceutical Preparations
CYRX,CryoPort Inc. Common Stock,$15.09,-0.24,-1.566%,760,United States,,392012,Health Care,Biotechnology: Pharmaceutical Preparations
CADL,Candel Therapeutics Inc. Common Stock,$10.01,0.14,1.418%,733,United States,2021.0,1117483,Health Care,Biotechnology: Biological Products (No Diagnostic Substances)
ACRS,Aclaris Therapeutics Inc. Common Stock,$5.20,-0.12,-2.256%,726,United States,2015.0,1638359,Health Care,Biotechnology: Pharmaceutical Preparations
AURA,Aura Biosciences Inc. Common Stock,$7.01,-0.1,-1.406%,725,United States,2021.0,294071,Health Care,Biotechnology: Biological Products (No Diagnostic Substances)
MNPR,Monopar Therapeutics Inc. Common Stock,$108.35,-6.31,-5.503%,725,United States,2019.0,431289,Health Care,Biotechnology: Pharmaceutical Preparations
DRUG,Bright Minds Biosciences Inc. Common Stock,$73.26,-1.37,-1.836%,718,Canada,,212611,Health Care,Biotechnology: Pharmaceutical Preparations
PHAR,Pharming Group N.V. ADS each representing 10 ordinary shares,$10.08,-0.67,-6.233%,711,Netherlands,,26896,Health Care,Biotechnology: Pharmaceutical Preparations
FTH,Faeth Therapeutics Inc. Common Stock,$27.24,-1.58,-5.482%,702,United States,2021.0,226130,Health Care,Biotechnology: Pharmaceutical Preparations
PHAT,Phathom Pharmaceuticals Inc. Common Stock,$8.75,-0.28,-3.101%,697,United States,2019.0,3311801,Health Care,Biotechnology: Pharmaceutical Preparations
IRWD,Ironwood Pharmaceuticals Inc. Class A Common Stock,$4.23,0.5,13.405%,696,United States,2010.0,3579198,Health Care,Biotechnology: Pharmaceutical Preparations
RIGL,Rigel Pharmaceuticals Inc. Common Stock,$36.81,-1.25,-3.284%,681,United States,2000.0,175031,Health Care,Biotechnology: Pharmaceutical Preparations
CLYM,Climb Bio Inc. Common Stock,$11.90,-0.18,-1.49%,681,United States,2021.0,631796,Health Care,Biotechnology: Pharmaceutical Preparations
NVCT,Nuvectis Pharma Inc. Common Stock,$21.52,-1.24,-5.448%,678,United States,2022.0,158645,Health Care,Biotechnology: Pharmaceutical Preparations
CTMX,CytomX Therapeutics Inc. Common Stock,$3.10,-0.18,-5.488%,674,United States,2015.0,3502201,Health Care,Biotechnology: Pharmaceutical Preparations
ACHV,Achieve Life Sciences Inc. Common Shares,$6.42,0.12,1.905%,659,United States,,1181726,Health Care,Biotechnology: In Vitro & In Vivo Diagnostic Substances
OCS,Oculis Holding AG Ordinary shares,$11.31,0.1,0.892%,655,Switzerland,,204865,Health Care,Biotechnology: Pharmaceutical Preparations
ALLO,Allogene Therapeutics Inc. Common Stock,$1.88,-0.09,-4.569%,648,United States,2018.0,5521451,Health Care,Biotechnology: Biological Products (No Diagnostic Substances)
BBOT,BridgeBio Oncology Therapeutics Inc. Common Stock  ,$8.09,-0.41,-4.824%,648,United States,2024.0,368252,Health Care,Biotechnology: Pharmaceutical Preparations
GYRE,Gyre Therapeutics Inc. Common Stock,$5.75,-0.06,-1.033%,641,United States,2006.0,48386,Health Care,Biotechnology: Pharmaceutical Preparations
AGMB,AgomAb Therapeutics NV American Depositary Shares,$12.87,0.115,0.902%,633,Belgium,2026.0,54096,Health Care,Biotechnology: Biological Products (No Diagnostic Substances)
NGNE,Neurogene Inc. Common Stock ,$32.89,-0.71,-2.113%,628,Canada,2014.0,162887,Health Care,Biotechnology: Pharmaceutical Preparations
FBIOP,Fortress Biotech Inc. 9.375% Series A Cumulative Redeemable Perpetual Preferred Stock,$18.88,0.08,0.426%,627,United States,,3919,Health Care,Biotechnology: Pharmaceutical Preparations
MDXG,MiMedx Group Inc Common Stock,$4.13,-0.14,-3.279%,601,United States,,2987505,Health Care,Biotechnology: Pharmaceutical Preparations
MPLT,MapLight Therapeutics Inc. Common Stock,$13.02,-1.01,-7.199%,590,United States,2025.0,1145669,Health Care,Biotechnology: Pharmaceutical Preparations
CRMD,CorMedix Inc. Common Stock,$7.53,0.04,0.534%,590,United States,,637884,Health Care,Biotechnology: Pharmaceutical Preparations
IMMX,Immix Biopharma Inc. Common Stock,$8.32,-0.23,-2.69%,580,United States,2021.0,1590609,Health Care,Biotechnology: Pharmaceutical Preparations
CTNM,Contineum Therapeutics Inc. Class A Common Stock,$15.49,-0.26,-1.651%,579,United States,2024.0,449581,Health Care,Biotechnology: Pharmaceutical Preparations
ZVRA,Zevra Therapeutics Inc. Common Stock,$9.51,-0.13,-1.349%,562,United States,,971154,Health Care,Biotechnology: Pharmaceutical Preparations
RLMD,Relmada Therapeutics Inc. Common Stock,$5.31,-0.04,-0.748%,556,United States,,1717959,Health Care,Biotechnology: Pharmaceutical Preparations
ALT,Altimmune Inc. Common Stock,$2.84,-0.14,-4.698%,552,United States,,3884287,Health Care,Biotechnology: Pharmaceutical Preparations
STTK,Shattuck Labs Inc. Common Stock,$7.07,-0.12,-1.669%,542,United States,2020.0,660507,Health Care,Biotechnology: Pharmaceutical Preparations
FDMT,4D Molecular Therapeutics Inc. Common Stock,$10.18,0.11,1.092%,532,United States,2020.0,713497,Health Care,Biotechnology: Biological Products (No Diagnostic Substances)
TECX,Tectonic Therapeutic Inc. Common Stock,$28.03,-0.48,-1.684%,528,United States,2018.0,253107,Health Care,Biotechnology: Biological Products (No Diagnostic Substances)
PRME,Prime Medicine Inc. Common Stock,$2.92,-0.1,-3.311%,527,United States,2022.0,1836849,Health Care,Biotechnology: Biological Products (No Diagnostic Substances)
ARVN,Arvinas Inc. Common Stock,$8.03,-0.27,-3.253%,518,United States,2018.0,687931,Health Care,Biotechnology: Pharmaceutical Preparations
CBIO,Crescent Biopharma Inc. Common Stock,$14.47,-0.55,-3.662%,516,United States,2014.0,292372,Health Care,Biotechnology: Pharmaceutical Preparations
ZURA,Zura Bio Limited Class A Ordinary Shares,$5.43,-0.11,-1.986%,515,Cayman Islands,,541157,Health Care,Biotechnology: Biological Products (No Diagnostic Substances)
SPRY,ARS Pharmaceuticals Inc. Common Stock,$5.13,-0.5,-8.881%,509,United States,2020.0,2081178,Health Care,Biotechnology: Pharmaceutical Preparations
VSTM,Verastem Inc. Common Stock,$5.80,-0.3,-4.918%,509,United States,2012.0,1857257,Health Care,Biotechnology: Pharmaceutical Preparations
DNA,Ginkgo Bioworks Holdings Inc. Class A Common Stock,$8.09,0.0,0.00%,502,United States,2021.0,629853,Health Care,Biotechnology: Biological Products (No Diagnostic Substances)
RGNX,REGENXBIO Inc. Common Stock,$9.69,-0.43,-4.249%,500,United States,2015.0,1157474,Health Care,Biotechnology: Biological Products (No Diagnostic Substances)
EIKN,Eikon Therapeutics Inc. Common Stock,$9.21,-0.41,-4.262%,498,United States,2026.0,223182,Health Care,Biotechnology: Biological Products (No Diagnostic Substances)
SLN,Silence Therapeutics Plc American Depository Share,$10.49,-1.13,-9.725%,490,United Kingdom,,555527,Health Care,Biotechnology: Pharmaceutical Preparations
HELP,Cybin Inc. Common Stock,$7.82,-0.32,-3.931%,484,Canada,,686005,Health Care,Biotechnology: Pharmaceutical Preparations
VALN,Valneva SE American Depositary Shares,$4.97,-0.1162,-2.285%,471,France,2021.0,23016,Health Care,Biotechnology: Biological Products (No Diagnostic Substances)
QTTB,Q32 Bio Inc. Common Stock,$15.68,0.12,0.771%,466,United States,2018.0,387116,Health Care,Biotechnology: Pharmaceutical Preparations
PROK,ProKidney Corp. Class A Ordinary Shares,$1.54,-0.04,-2.532%,465,United States,2021.0,809065,Health Care,Biotechnology: Biological Products (No Diagnostic Substances)
AQST,Aquestive Therapeutics Inc. Common Stock,$3.695,-0.025,-0.672%,463,United States,2018.0,1785654,Health Care,Biotechnology: Pharmaceutical Preparations
RZLT,Rezolute Inc. Common Stock (NV),$4.72,-0.16,-3.279%,454,United States,,776993,Health Care,Biotechnology: Pharmaceutical Preparations
KYTX,Kyverna Therapeutics Inc. Common Stock,$7.30,-0.19,-2.537%,443,United States,2024.0,527073,Health Care,Biotechnology: Biological Products (No Diagnostic Substances)
SGMT,Sagimet Biosciences Inc. Series A Common Stock,$7.11,-0.2,-2.736%,439,United States,2023.0,616143,Health Care,Biotechnology: Pharmaceutical Preparations
CABA,Cabaletta Bio Inc. Common Stock,$2.68,-0.04,-1.471%,436,United States,2019.0,1907678,Health Care,Biotechnology: Biological Products (No Diagnostic Substances)
PRTA,Prothena Corporation plc Ordinary Shares,$8.12,-0.29,-3.448%,425,United States,,545527,Health Care,Biotechnology: Pharmaceutical Preparations
OCGN,Ocugen Inc. Common Stock,$1.23,-0.03,-2.381%,416,United States,2014.0,4100486,Health Care,Biotechnology: Biological Products (No Diagnostic Substances)
OVID,Ovid Therapeutics Inc. Common Stock,$2.22,-0.15,-6.329%,414,United States,2017.0,1742247,Health Care,Biotechnology: Pharmaceutical Preparations
KMDA,Kamada Ltd. Ordinary Shares,$7.14,0.04,0.563%,411,Israel,2013.0,70199,Health Care,Biotechnology: Pharmaceutical Preparations
SOPH,SOPHiA GENETICS SA Ordinary Shares,$5.67,-0.09,-1.563%,407,Switzerland,2021.0,78348,Health Care,Biotechnology: Biological Products (No Diagnostic Substances)
EVMN,Evommune Inc. Common Stock,$11.25,-0.1,-0.881%,405,United States,2025.0,302967,Health Care,Biotechnology: Pharmaceutical Preparations
PBYI,Puma Biotechnology Inc Common Stock,$7.93,0.04,0.507%,403,United States,,264877,Health Care,Biotechnology: Pharmaceutical Preparations
BNTC,Benitec Biopharma Inc. Common Stock,$11.71,-0.15,-1.265%,402,United States,2015.0,107530,Health Care,Biotechnology: Pharmaceutical Preparations
BIOA,BioAge Labs Inc. Common Stock,$9.04,-15.81,-63.622%,401,United States,2024.0,9969593,Health Care,Biotechnology: Pharmaceutical Preparations
STRO,Sutro Biopharma Inc. Common Stock,$24.17,-0.65,-2.619%,400,United States,2018.0,163237,Health Care,Biotechnology: Biological Products (No Diagnostic Substances)
ASMB,Assembly Biosciences Inc. Common Stock,$25.11,-0.95,-3.645%,399,United States,2010.0,101359,Health Care,Biotechnology: Pharmaceutical Preparations
LRMR,Larimar Therapeutics Inc. Common Stock,$3.82,-0.005,-0.131%,396,United States,2014.0,1058282,Health Care,Biotechnology: Pharmaceutical Preparations
AUTL,Autolus Therapeutics plc American Depositary Share,$1.49,-0.04,-2.614%,396,United Kingdom,2018.0,815273,Health Care,Biotechnology: Biological Products (No Diagnostic Substances)
CCCC,C4 Therapeutics Inc. Common Stock,$3.48,-0.18,-4.918%,384,United States,2020.0,1949015,Health Care,Biotechnology: Biological Products (No Diagnostic Substances)
EOLS,Evolus Inc. Common Stock,$5.84,-0.17,-2.829%,384,United States,2018.0,608890,Health Care,Biotechnology: Pharmaceutical Preparations
AVIR,Atea Pharmaceuticals Inc. Common Stock,$4.70,-0.04,-0.844%,376,United States,2020.0,471936,Health Care,Biotechnology: Pharmaceutical Preparations
XFOR,X4 Pharmaceuticals Inc. Common Stock,$3.98,-0.02,-0.50%,375,United States,2017.0,415488,Health Care,Biotechnology: Biological Products (No Diagnostic Substances)
EBS,Emergent BioSolutions Inc. Common Stock,$7.22,-0.04,-0.551%,372,United States,2006.0,487207,Health Care,Biotechnology: Pharmaceutical Preparations
ENTA,Enanta Pharmaceuticals Inc. Common Stock,$12.60,-0.4,-3.077%,366,United States,2013.0,143726,Health Care,Biotechnology: Pharmaceutical Preparations
PRLD,Prelude Therapeutics Incorporated Common Stock,$4.60,-0.45,-8.911%,366,United States,2020.0,292396,Health Care,Biotechnology: Pharmaceutical Preparations
ABEO,Abeona Therapeutics Inc. Common Stock,$6.42,-0.05,-0.773%,365,United States,,660734,Health Care,Biotechnology: Pharmaceutical Preparations
IPSC,Century Therapeutics Inc. Common Stock,$2.02,-0.17,-7.763%,364,United States,2021.0,448004,Health Care,Biotechnology: Biological Products (No Diagnostic Substances)
TENX,Tenax Therapeutics Inc. Common Stock,$13.70,-1.4,-9.272%,363,United States,,1778488,Health Care,Biotechnology: Pharmaceutical Preparations
AKBA,Akebia Therapeutics Inc. Common Stock,$1.32,-0.03,-2.222%,354,United States,2014.0,2057601,Health Care,Biotechnology: Pharmaceutical Preparations
NATR,Nature's Sunshine Products Inc. Common Stock,$20.15,-0.14,-0.69%,354,United States,,97775,Health Care,Biotechnology: Pharmaceutical Preparations
CMPX,Compass Therapeutics Inc. Common Stock,$1.91,-0.03,-1.546%,343,United States,,2639570,Health Care,Biotechnology: Biological Products (No Diagnostic Substances)
UPB,Upstream Bio Inc. Common Stock,$6.31,-0.26,-3.957%,343,United States,2024.0,297722,Health Care,Biotechnology: Pharmaceutical Preparations
DMAC,DiaMedica Therapeutics Inc. Common Stock,$6.34,-0.17,-2.611%,341,United States,2018.0,99030,Health Care,Biotechnology: Pharmaceutical Preparations
RCKT,Rocket Pharmaceuticals Inc. Common Stock,$3.11,-0.1,-3.115%,339,United States,2015.0,1275547,Health Care,Biotechnology: Pharmaceutical Preparations
ZNTL,Zentalis Pharmaceuticals Inc. Common Stock,$4.74,-0.18,-3.659%,337,United States,2020.0,941205,Health Care,Biotechnology: Pharmaceutical Preparations
AGEN,Agenus Inc. Common Stock,$7.50,-0.41,-5.183%,335,United States,2000.0,1573075,Health Care,Biotechnology: Biological Products (No Diagnostic Substances)
FENC,Fennec Pharmaceuticals Inc. Common Stock,$9.57,-0.34,-3.431%,333,United States,,86790,Health Care,Biotechnology: Biological Products (No Diagnostic Substances)
PALI,Palisade Bio Inc. Common Stock,$1.895,-0.065,-3.316%,328,United States,,1848567,Health Care,Biotechnology: Biological Products (No Diagnostic Substances)
LXEO,Lexeo Therapeutics Inc. Common Stock,$4.13,-0.22,-5.057%,324,United States,2023.0,713521,Health Care,Biotechnology: Biological Products (No Diagnostic Substances)
LYEL,Lyell Immunopharma Inc. Common Stock,$12.94,-0.78,-5.685%,317,United States,2021.0,126673,Health Care,Biotechnology: Pharmaceutical Preparations
SCTX,Scribe Therapeutics Inc. Common Stock,$19.48,-0.92,-4.51%,315,United States,2026.0,100230,Health Care,Biotechnology: Biological Products (No Diagnostic Substances)
IRD,Opus Genetics Inc. Common Stock,$3.71,-0.13,-3.385%,306,United States,,970437,Health Care,Biotechnology: Pharmaceutical Preparations
VNDA,Vanda Pharmaceuticals Inc. Common Stock,$5.10,-0.08,-1.544%,306,United States,2006.0,539530,Health Care,Biotechnology: Pharmaceutical Preparations
ORGO,Organogenesis Holdings Inc. Class A Common Stock,$2.37,-0.08,-3.265%,304,United States,2016.0,1058072,Health Care,Biotechnology: Pharmaceutical Preparations
AMRN,Amarin Corporation plc,$14.26,0.03,0.211%,301,Ireland,,59628,Health Care,Biotechnology: Pharmaceutical Preparations
NMRA,Neumora Therapeutics Inc. Common Stock,$1.61,-0.04,-2.424%,298,United States,2023.0,1628088,Health Care,Biotechnology: Biological Products (No Diagnostic Substances)
IKT,Inhibikase Therapeutics Inc. Common Stock,$2.18,-0.1,-4.386%,287,United States,2020.0,369557,Health Care,Biotechnology: Biological Products (No Diagnostic Substances)
FATE,Fate Therapeutics Inc. Common Stock,$2.45,-0.06,-2.39%,285,United States,2013.0,1458736,Health Care,Biotechnology: Biological Products (No Diagnostic Substances)
CLLS,Cellectis S.A. American Depositary Shares,$2.75,-0.1,-3.509%,276,France,2015.0,12726,Health Care,Biotechnology: Pharmaceutical Preparations
SABS,SAB Biotherapeutics Inc. Common Stock,$3.57,0.01,0.281%,272,United States,2021.0,405032,Health Care,Biotechnology: Biological Products (No Diagnostic Substances)
MYGN,Myriad Genetics Inc. Common Stock,$2.86,-2.51,-46.741%,270,United States,1995.0,15104712,Health Care,Biotechnology: In Vitro & In Vivo Diagnostic Substances
BCYC,Bicycle Therapeutics plc American Depositary Shares,$3.86,-0.15,-3.741%,269,United Kingdom,2019.0,335339,Health Care,Biotechnology: Pharmaceutical Preparations
LCTX,Lineage Cell Therapeutics Inc. Common Stock,$1.08,-0.03,-2.703%,269,United States,,948667,Health Care,Biotechnology: Biological Products (No Diagnostic Substances)
TKNO,Alpha Teknova Inc. Common Stock,$5.00,-0.05,-0.99%,268,United States,2021.0,46982,Health Care,Biotechnology: In Vitro & In Vivo Diagnostic Substances
IMRX,Immuneering Corporation Class A Common Stock,$4.13,-0.1,-2.364%,267,United States,2021.0,409470,Health Care,Biotechnology: Pharmaceutical Preparations
FHTX,Foghorn Therapeutics Inc. Common Stock,$4.53,-0.21,-4.43%,265,United States,2020.0,157624,Health Care,Biotechnology: Pharmaceutical Preparations
TRDA,Entrada Therapeutics Inc. Common Stock,$6.79,0.02,0.295%,263,United States,2021.0,352605,Health Care,Biotechnology: Pharmaceutical Preparations
ALXO,ALX Oncology Holdings Inc. Common Stock,$1.94,-0.01,-0.513%,261,United States,2020.0,702609,Health Care,Biotechnology: Pharmaceutical Preparations
ELDN,Eledon Pharmaceuticals Inc. Common Stock,$3.38,-0.03,-0.88%,260,United States,2014.0,642189,Health Care,Biotechnology: Pharmaceutical Preparations
SRZN,Surrozen Inc. Common Stock,$22.21,1.38,6.625%,257,United States,,304181,Health Care,Biotechnology: Biological Products (No Diagnostic Substances)
AVXL,Anavex Life Sciences Corp. Common Stock,$2.75,0.05,1.852%,254,United States,,1198659,Health Care,Biotechnology: Biological Products (No Diagnostic Substances)
EDIT,Editas Medicine Inc. Common Stock,$2.58,-0.11,-4.089%,252,United States,2016.0,1180328,Health Care,Biotechnology: Biological Products (No Diagnostic Substances)
TTRX,Turn Therapeutics Inc. Common Stock,$8.36,0.11,1.333%,249,United States,,46544,Health Care,Biotechnology: Pharmaceutical Preparations
ARTV,Artiva Biotherapeutics Inc. Common Stock,$10.10,-0.33,-3.164%,249,United States,2024.0,360737,Health Care,Biotechnology: Biological Products (No Diagnostic Substances)
VRXA,Veraxa Biotech AG Ordinary Shares,$1.76,-0.2,-10.204%,248,Switzerland,,309027,Health Care,Biotechnology: Pharmaceutical Preparations
ADAG,Adagene Inc. American Depositary Shares,$3.75,0.02,0.536%,247,China,2021.0,152470,Health Care,Biotechnology: Pharmaceutical Preparations
PRQR,ProQR Therapeutics N.V. Ordinary Shares,$1.72,-0.06,-3.371%,242,Netherlands,2014.0,1015084,Health Care,Biotechnology: Pharmaceutical Preparations
FULC,Fulcrum Therapeutics Inc. Common Stock,$3.58,-0.14,-3.763%,238,United States,2019.0,3525045,Health Care,Biotechnology: Pharmaceutical Preparations
SIGA,SIGA Technologies Inc. Common Stock,$3.27,0.02,0.615%,234,United States,,661044,Health Care,Biotechnology: Pharmaceutical Preparations
MGNX,MacroGenics Inc. Common Stock,$3.69,-0.09,-2.381%,234,United States,2013.0,410843,Health Care,Biotechnology: Pharmaceutical Preparations
SLGL,Sol-Gel Technologies Ltd. Ordinary Shares,$82.25,-2.94,-3.451%,231,Israel,2018.0,74072,Health Care,Biotechnology: Pharmaceutical Preparations
RNAC,Cartesian Therapeutics Inc. Common Stock,$7.80,0.07,0.906%,229,United States,2016.0,140255,Health Care,Biotechnology: Pharmaceutical Preparations
OCSAW,Oculis Holding AG Warrants,$3.83,0.2,5.51%,222,Switzerland,,1107,Health Care,Biotechnology: Pharmaceutical Preparations
CGEN,Compugen Ltd. Ordinary Shares,$2.35,0.015,0.642%,222,Israel,2000.0,346060,Health Care,Biotechnology: Biological Products (No Diagnostic Substances)
CAPR,Capricor Therapeutics Inc. Common Stock,$3.85,-0.34,-8.115%,222,United States,,7270696,Health Care,Biotechnology: Pharmaceutical Preparations
ACIU,AC Immune SA Common Stock,$2.19,-0.18,-7.595%,222,Switzerland,2016.0,228988,Health Care,Biotechnology: Pharmaceutical Preparations
TARA,Protara Therapeutics Inc.  Common Stock,$3.92,-0.11,-2.73%,220,United States,2014.0,294641,Health Care,Biotechnology: Biological Products (No Diagnostic Substances)
CHRS,Coherus Oncology Inc. Common Stock,$1.41,-0.06,-4.082%,217,United States,2014.0,436929,Health Care,Biotechnology: Biological Products (No Diagnostic Substances)
MSLE,Satellos Bioscience Inc. Common Stock,$9.99,0.33,3.416%,208,Canada,,36802,Health Care,Biotechnology: Pharmaceutical Preparations
WHWK,Whitehawk Therapeutics Inc. Common Stock,$3.85,0.0,0.00%,207,United States,,309836,Health Care,Biotechnology: Pharmaceutical Preparations
KROS,Keros Therapeutics Inc. Common Stock,$10.07,-0.15,-1.468%,199,United States,2020.0,145071,Health Care,Biotechnology: Pharmaceutical Preparations
GLSI,Greenwich LifeSciences Inc. Common Stock,$13.50,-0.52,-3.709%,198,United States,2020.0,85653,Health Care,Biotechnology: Pharmaceutical Preparations
GALT,Galectin Therapeutics Inc. Common Stock,$2.97,-0.26,-8.05%,195,United States,,387711,Health Care,Biotechnology: Pharmaceutical Preparations
RNA,Atrium Therapeutics Inc. Common Stock,$11.35,-0.11,-0.96%,194,United States,,116301,Health Care,Biotechnology: Pharmaceutical Preparations
ANTX,AN2 Therapeutics Inc. Common Stock,$5.35,0.02,0.375%,192,United States,2022.0,250521,Health Care,Biotechnology: Pharmaceutical Preparations
IMUX,Immunic Inc. Common Stock,$13.97,-0.02,-0.143%,190,United States,2014.0,146014,Health Care,Biotechnology: Pharmaceutical Preparations
PLX,Protalix BioTherapeutics Inc. (DE) Common Stock,$2.37,0.1,4.405%,190,Israel,,1232499,Health Care,Biotechnology: Biological Products (No Diagnostic Substances)
NERV,Minerva Neurosciences Inc Common Stock,$3.98,-0.04,-0.995%,185,United States,2014.0,70707,Health Care,Biotechnology: Pharmaceutical Preparations
NBP,NovaBridge Biosciences American Depositary Shares,$1.60,-0.04,-2.439%,184,China,2020.0,169196,Health Care,Biotechnology: Pharmaceutical Preparations
VYGR,Voyager Therapeutics Inc. Common Stock,$3.03,-0.1,-3.195%,183,United States,2015.0,418941,Health Care,Biotechnology: Biological Products (No Diagnostic Substances)
OTLK,Outlook Therapeutics Inc. Common Stock,$0.9766,-0.0634,-6.096%,182,United States,2016.0,8094588,Health Care,Biotechnology: Biological Products (No Diagnostic Substances)
DTIL,Precision BioSciences Inc. Common Stock,$6.99,-0.01,-0.143%,180,United States,2019.0,211115,Health Care,Biotechnology: Biological Products (No Diagnostic Substances)
DERM,Journey Medical Corporation Common Stock,$6.37,-0.08,-1.24%,175,United States,2021.0,47043,Health Care,Biotechnology: Pharmaceutical Preparations
INDP,Indaptus Therapeutics Inc. Common Stock,$1.29,-0.15,-10.417%,171,United States,,92623,Health Care,Biotechnology: Pharmaceutical Preparations
EVO,Evotec SE American Depositary Shares,$1.91,-0.02,-1.036%,169,Germany,2021.0,34057,Health Care,Biotechnology: Pharmaceutical Preparations
PYXS,Pyxis Oncology Inc. Common Stock,$2.65,-0.22,-7.666%,167,United States,2021.0,749737,Health Care,Biotechnology: Pharmaceutical Preparations
ALEC,Alector Inc. Common Stock,$1.51,-0.11,-6.79%,167,United States,2019.0,548303,Health Care,Biotechnology: Biological Products (No Diagnostic Substances)
LENZ,LENZ Therapeutics Inc. Common Stock,$5.30,-0.46,-7.986%,166,United States,2021.0,865074,Health Care,Biotechnology: Biological Products (No Diagnostic Substances)
CRBP,Corbus Pharmaceuticals Holdings Inc. Common Stock,$8.97,-0.08,-0.884%,166,United States,,351718,Health Care,Biotechnology: Pharmaceutical Preparations
ORMP,Oramed Pharmaceuticals Inc. Common Stock,$4.07,-0.05,-1.214%,166,Israel,,208576,Health Care,Biotechnology: Pharmaceutical Preparations
ARMP,Armata Pharmaceuticals Inc. Common Stock,$4.54,-0.24,-5.021%,166,United States,,30761,Health Care,Biotechnology: Biological Products (No Diagnostic Substances)
LFCR,Lifecore Biomedical Inc. Common Stock,$4.42,0.06,1.376%,165,United States,,78466,Health Care,Biotechnology: Pharmaceutical Preparations
IPHA,Innate Pharma S.A. ADS,$1.75,0.005,0.287%,164,France,2019.0,9291,Health Care,Biotechnology: Biological Products (No Diagnostic Substances)
ARCT,Arcturus Therapeutics Holdings Inc. Common Stock,$5.76,-0.16,-2.703%,163,Israel,2013.0,266655,Health Care,Biotechnology: Pharmaceutical Preparations
MENS,Jyong Biotech Ltd. Ordinary Shares,$2.15,-0.08,-3.587%,163,Taiwan,2025.0,70431,Health Care,Biotechnology: Pharmaceutical Preparations
TNYA,Tenaya Therapeutics Inc. Common Stock,$0.7403,-0.0097,-1.293%,160,United States,2021.0,1607928,Health Care,Biotechnology: Biological Products (No Diagnostic Substances)
TNXP,Tonix Pharmaceuticals Holding Corp. Common Stock,$10.01,-0.08,-0.793%,159,United States,,466915,Health Care,Biotechnology: Pharmaceutical Preparations
MOLN,Molecular Partners AG American Depositary Shares,$3.93,0.0,0.00%,158,Switzerland,2021.0,91,Health Care,Biotechnology: Biological Products (No Diagnostic Substances)
IVVD,Invivyd Inc. Common Stock,$0.535,-0.0466,-8.012%,157,United States,2021.0,2303832,Health Care,Biotechnology: Biological Products (No Diagnostic Substances)
ABOS,Acumen Pharmaceuticals Inc. Common Stock,$2.15,-0.02,-0.922%,155,United States,2021.0,263075,Health Care,Biotechnology: Biological Products (No Diagnostic Substances)
OKUR,OnKure Therapeutics Inc. Class A Common Stock,$3.82,-0.18,-4.50%,154,United States,2021.0,239438,Health Care,Biotechnology: Pharmaceutical Preparations
IMDX,Insight Molecular Diagnostics Inc. Common Stock,$4.65,0.05,1.087%,150,United States,,61620,Health Care,Biotechnology: In Vitro & In Vivo Diagnostic Substances
NKTX,Nkarta Inc. Common Stock,$2.09,-0.06,-2.791%,149,United States,2020.0,683239,Health Care,Biotechnology: Pharmaceutical Preparations
KRRO,Korro Bio Inc. Common Stock,$10.37,-0.08,-0.766%,149,United States,2019.0,115225,Health Care,Biotechnology: Pharmaceutical Preparations
CNTN,Canton Strategic Holdings Inc. Common Stock,$1.93,0.08,4.324%,148,United States,2022.0,1174638,Health Care,Biotechnology: Pharmaceutical Preparations
ENTX,Entera Bio Ltd. Ordinary Shares,$2.99,0.04,1.356%,147,Israel,2018.0,1058739,Health Care,Biotechnology: Biological Products (No Diagnostic Substances)
CRDL,Cardiol Therapeutics Inc. Class A Common Shares,$1.27,0.06,4.959%,146,Canada,,1147246,Health Care,Biotechnology: Biological Products (No Diagnostic Substances)
HUMA,Humacyte Inc. Common Stock,$0.6534,-0.0182,-2.71%,145,United States,2020.0,1746151,Health Care,Biotechnology: Biological Products (No Diagnostic Substances)
AARD,Aardvark Therapeutics Inc. Common Stock,$6.60,0.2,3.125%,144,United States,2025.0,89282,Health Care,Biotechnology: Pharmaceutical Preparations
KZIA,Kazia Therapeutics Limited American Depositary Shares,$12.62,-0.2,-1.56%,144,Australia,,298696,Health Care,Biotechnology: Pharmaceutical Preparations
CRBU,Caribou Biosciences Inc. Common Stock,$1.46,-0.05,-3.311%,144,United States,2021.0,1127928,Health Care,Biotechnology: Biological Products (No Diagnostic Substances)
EQ,Equillium Inc. Common Stock,$2.20,-0.12,-5.172%,139,United States,2018.0,729060,Health Care,Biotechnology: Pharmaceutical Preparations
MIST,Milestone Pharmaceuticals Inc. Common Shares,$1.11,-0.04,-3.478%,138,Canada,2019.0,1062732,Health Care,Biotechnology: Pharmaceutical Preparations
HURA,TuHURA Biosciences Inc. Common Stock,$2.17,0.0,0.00%,138,United States,,142827,Health Care,Biotechnology: Pharmaceutical Preparations
UNCY,Unicycive Therapeutics Inc. Common Stock,$5.01,-0.29,-5.472%,137,United States,2021.0,486093,Health Care,Biotechnology: Pharmaceutical Preparations
ADCT,ADC Therapeutics SA Common Shares,$1.05,-0.06,-5.405%,133,Switzerland,2020.0,757709,Health Care,Biotechnology: Pharmaceutical Preparations
OGI,Organigram Global Inc. Common Shares,$0.9393,-0.0287,-2.965%,132,Canada,,203436,Health Care,Biotechnology: Pharmaceutical Preparations
GNLX,Genelux Corporation Common Stock,$2.94,-0.11,-3.607%,131,United States,2023.0,374948,Health Care,Biotechnology: Pharmaceutical Preparations
TLSA,Tiziana Life Sciences Ltd. Common Shares,$1.03,0.06,6.186%,131,United Kingdom,2018.0,388466,Health Care,Biotechnology: Pharmaceutical Preparations
CNTB,Connect Biopharma Holdings Limited Ordinary Shares,$2.02,-0.07,-3.349%,127,China,2021.0,296599,Health Care,Biotechnology: Pharmaceutical Preparations
VTVT,vTv Therapeutics Inc. Class A Common Stock,$32.35,-0.33,-1.01%,127,United States,2015.0,136841,Health Care,Biotechnology: Pharmaceutical Preparations
PMN,ProMIS Neurosciences Inc. Common Shares (ON),$13.72,-1.2,-8.043%,123,Canada,,33795,Health Care,Biotechnology: Pharmaceutical Preparations
IFRX,InflaRx N.V. Common Stock,$1.70,-0.02,-1.163%,122,Germany,2017.0,583921,Health Care,Biotechnology: Pharmaceutical Preparations
PEPG,PepGen Inc. Common Stock,$1.76,-0.02,-1.124%,121,United States,2022.0,296802,Health Care,Biotechnology: Pharmaceutical Preparations
ENGN,enGene Therapeutics Inc. Common Stock,$1.79,0.03,1.705%,119,Canada,,306222,Health Care,Biotechnology: Biological Products (No Diagnostic Substances)
SPRB,Spruce Biosciences Inc. Common Stock,$42.83,-0.54,-1.245%,117,United States,2020.0,23409,Health Care,Biotechnology: Pharmaceutical Preparations
ANIX,Anixa Biosciences Inc. Common Stock,$3.42,-0.14,-3.933%,116,United States,,175762,Health Care,Biotechnology: Pharmaceutical Preparations
PLYX,Polaryx Therapeutics Inc. Common Stock,$2.31,0.16,7.442%,115,United States,,202504,Health Care,Biotechnology: Pharmaceutical Preparations
NRXP,NRX Pharmaceuticals Inc. Common Stock,$3.15,0.03,0.962%,114,United States,2017.0,1144951,Health Care,Biotechnology: Pharmaceutical Preparations
CUE,Cue Biopharma Inc. Common Stock,$26.84,-3.56,-11.711%,112,United States,2018.0,474967,Health Care,Biotechnology: Pharmaceutical Preparations
BGM,BGM Group Ltd. Class A Ordinary Shares,$0.282,0.0102,3.753%,112,China,2021.0,47405,Health Care,Biotechnology: Pharmaceutical Preparations
FBIO,Fortress Biotech Inc. Common Stock,$3.13,-0.16,-4.863%,103,United States,,642851,Health Care,Biotechnology: Pharmaceutical Preparations
ICCC,ImmuCell Corporation Common Stock,$11.21,0.15,1.356%,101,United States,1987.0,10152,Health Care,Biotechnology: In Vitro & In Vivo Diagnostic Substances
CPIX,Cumberland Pharmaceuticals Inc. Common Stock,$6.68,-0.05,-0.743%,100,United States,2009.0,110143,Health Care,Biotechnology: Pharmaceutical Preparations
PTHS,Pelthos Therapeutics Inc. Common Stock,$28.66,2.41,9.181%,99,,2024.0,324269,Health Care,Biotechnology: Biological Products (No Diagnostic Substances)
YARW,Yarrow Bioscience Inc. Common Stock,$35.02,2.03,6.153%,98,United States,2018.0,18507,Health Care,Biotechnology: Pharmaceutical Preparations
COYA,Coya Therapeutics Inc. Common Stock,$4.19,0.11,2.696%,98,United States,2022.0,179955,Health Care,Biotechnology: Pharmaceutical Preparations
BDTX,Black Diamond Therapeutics Inc. Common Stock,$1.69,-0.025,-1.458%,96,United States,2020.0,623025,Health Care,Biotechnology: Biological Products (No Diagnostic Substances)
RANI,Rani Therapeutics Holdings Inc. Class A Common Stock,$0.7741,-0.0462,-5.632%,95,United States,2021.0,436461,Health Care,Biotechnology: Pharmaceutical Preparations
HRTX,Heron Therapeutics Inc. Common Stock,$0.4962,-0.0012,-0.241%,93,United States,,1335193,Health Care,Biotechnology: Pharmaceutical Preparations
ALDX,Aldeyra Therapeutics Inc. Common Stock,$1.54,-0.06,-3.75%,92,United States,2014.0,576780,Health Care,Biotechnology: Pharmaceutical Preparations
NTHI,NeOnc Technologies Holdings Inc. Common Stock,$3.49,0.0,0.00%,90,United States,,63342,Health Care,Biotechnology: Pharmaceutical Preparations
ONCY,Oncolytics Biotech Inc. Common Stock,$0.7533,0.0003,0.04%,89,Canada,,834518,Health Care,Biotechnology: Pharmaceutical Preparations
VRCA,Verrica Pharmaceuticals Inc. Common Stock,$5.22,-0.04,-0.76%,89,United States,2018.0,5045,Health Care,Biotechnology: Pharmaceutical Preparations
ACET,Adicet Bio Inc. Common Stock,$9.11,0.05,0.552%,85,United States,2018.0,123302,Health Care,Biotechnology: Pharmaceutical Preparations
BMEA,Biomea Fusion Inc. Common Stock,$1.17,-0.05,-4.098%,84,United States,2021.0,473042,Health Care,Biotechnology: Pharmaceutical Preparations
RLYB,Rallybio Corporation Common Stock,$15.93,-0.14,-0.871%,84,United States,2021.0,18107,Health Care,Biotechnology: Pharmaceutical Preparations
NMAD,Nomad Power Solutions Inc. Common Stock,$4.48,0.31,7.434%,84,United States,,764140,Health Care,Biotechnology: Pharmaceutical Preparations
KLRS,Kalaris Therapeutics Inc. Common Stock,$3.51,0.03,0.862%,83,United States,2020.0,71955,Health Care,Biotechnology: Biological Products (No Diagnostic Substances)
TELO,Telomir Pharmaceuticals Inc. Common Stock,$1.21,-0.04,-3.20%,83,United States,2024.0,43818,Health Care,Biotechnology: Pharmaceutical Preparations
GOSS,Gossamer Bio Inc. Common Stock,$0.1695,-0.0088,-4.936%,82,United States,2019.0,25361548,Health Care,Biotechnology: Pharmaceutical Preparations
LFVN,Lifevantage Corporation Common Stock (Delaware),$6.43,0.14,2.226%,81,United States,,66510,Health Care,Biotechnology: Pharmaceutical Preparations
PYPD,PolyPid Ltd. Ordinary Shares,$4.29,-0.08,-1.831%,81,Israel,2020.0,115363,Health Care,Biotechnology: Pharmaceutical Preparations
ATHE,Alterity Therapeutics Limited American Depositary Shares,$4.415,-0.08,-1.78%,80,Australia,,3798,Health Care,Biotechnology: Pharmaceutical Preparations
CGTX,Cognition Therapeutics Inc. Common Stock,$0.8896,-0.0264,-2.882%,79,United States,2021.0,403652,Health Care,Biotechnology: Biological Products (No Diagnostic Substances)
MAIA,MAIA Biotechnology Inc. Common Stock,$1.25,0.0,0.00%,76,,2022.0,230752,Health Care,Biotechnology: Pharmaceutical Preparations
ATRA,Atara Biotherapeutics Inc. Common Stock,$8.38,0.21,2.57%,75,United States,2014.0,34499,Health Care,Biotechnology: Biological Products (No Diagnostic Substances)
CSBR,Champions Oncology Inc. Common Stock,$5.36,0.1,1.901%,74,United States,,2008,Health Care,Biotechnology: Biological Products (No Diagnostic Substances)
GANX,Gain Therapeutics Inc. Common Stock,$1.68,-0.08,-4.545%,71,United States,2021.0,230678,Health Care,Biotechnology: Pharmaceutical Preparations
GNTA,Genenta Science S.p.A. American Depositary Shares,$1.49,-0.02,-1.325%,71,Italy,2021.0,35604,Health Care,Biotechnology: Biological Products (No Diagnostic Substances)
IBIO,iBio Inc. Common Stock,$1.40,0.01,0.719%,69,United States,,728611,Health Care,Biotechnology: Pharmaceutical Preparations
FRMM,Forum Markets Incorporated Common Stock,$5.16,-0.21,-3.911%,69,United States,2017.0,87030,Health Care,Biotechnology: Pharmaceutical Preparations
OSTX,OS Therapies Incorporated Common Stock,$1.52,-0.04,-2.564%,69,,2024.0,333246,Health Care,Biotechnology: Pharmaceutical Preparations
SPRO,Spero Therapeutics Inc. Common Stock,$1.17,-0.03,-2.50%,67,United States,2017.0,814182,Health Care,Biotechnology: Pharmaceutical Preparations
XBIT,XBiotech Inc. Common Stock,$2.23,-0.01,-0.446%,67,United States,2015.0,37808,Health Care,Biotechnology: Pharmaceutical Preparations
LONA,LeonaBio Inc. Common Stock,$7.06,-0.23,-3.155%,66,United States,2020.0,6589,Health Care,Biotechnology: Biological Products (No Diagnostic Substances)
CRDF,Cardiff Oncology Inc. Common Stock,$0.8554,0.0044,0.517%,66,United States,,581356,Health Care,Biotechnology: Biological Products (No Diagnostic Substances)
TLPH,Talphera Inc. Common Stock,$1.28,-0.075,-5.535%,66,United States,2011.0,197348,Health Care,Biotechnology: Pharmaceutical Preparations
MNOV,Medicinova Inc Common Stock,$1.33,-0.01,-0.746%,65,United States,,8042,Health Care,Biotechnology: Pharmaceutical Preparations
CLNN,Clene Inc. Common Stock,$5.015,-0.025,-0.496%,64,United States,,33756,Health Care,Biotechnology: Pharmaceutical Preparations
ELTX,Elicio Therapeutics Inc. Common Stock,$2.80,-0.11,-3.78%,64,United States,2021.0,406930,Health Care,Biotechnology: Pharmaceutical Preparations
ACRV,Acrivon Therapeutics Inc. Common Stock,$1.50,-0.02,-1.316%,64,United States,2022.0,506289,Health Care,Biotechnology: Pharmaceutical Preparations
CING,Cingulate Inc. Common Stock,$4.79,0.03,0.63%,64,United States,2021.0,60610,Health Care,Biotechnology: Pharmaceutical Preparations
PLRX,Pliant Therapeutics Inc. Common Stock,$1.04,-0.02,-1.887%,64,United States,2020.0,334102,Health Care,Biotechnology: Pharmaceutical Preparations
ZYBT,Zhengye Biotechnology Holding Limited Class A Ordinary Shares,$1.33,-0.03,-2.206%,63,China,2025.0,171581,Health Care,Biotechnology: Pharmaceutical Preparations
RNTX,Rein Therapeutics Inc. Common Stock,$0.7374,-0.0306,-3.984%,63,United States,2017.0,387666,Health Care,Biotechnology: Pharmaceutical Preparations
IMA,ImageneBio Inc. Common Stock,$5.54,-0.37,-6.261%,62,United States,2021.0,8044,Health Care,Biotechnology: Biological Products (No Diagnostic Substances)
CYPH,Cypherpunk Technologies Inc. Common Stock,$0.5906,-0.035,-5.595%,62,United States,,1059986,Health Care,Biotechnology: Pharmaceutical Preparations
ANVS,Annovis Bio Inc. Common Stock,$1.75,-0.02,-1.13%,60,United States,2020.0,352324,Health Care,Biotechnology: Pharmaceutical Preparations
XTNT,Xtant Medical Holdings Inc. Common Stock,$0.4298,-0.0026,-0.601%,60,United States,,60716,Health Care,Biotechnology: Biological Products (No Diagnostic Substances)
HYFT,MindWalk Holdings Corp. Common Stock,$1.29,-0.06,-4.444%,60,Canada,,178629,Health Care,Biotechnology: Pharmaceutical Preparations
PMVP,PMV Pharmaceuticals Inc. Common Stock,$1.11,-0.02,-1.77%,59,United States,2020.0,111557,Health Care,Biotechnology: Pharmaceutical Preparations
XLO,Xilio Therapeutics Inc. Common Stock,$9.11,0.03,0.33%,59,United States,2021.0,11435,Health Care,Biotechnology: Pharmaceutical Preparations
SDEV,Stablecoin Development Corporation Common Stock,$1.15,-0.03,-2.542%,58,United States,,42285,Health Care,Biotechnology: Pharmaceutical Preparations
DOMH,Dominari Holdings Inc. Common Stock,$2.54,0.11,4.527%,57,United States,,36616,Health Care,Biotechnology: Pharmaceutical Preparations
OKYO,OKYO Pharma Limited Ordinary Shares,$1.68,0.02,1.205%,56,Guernsey,2022.0,25817,Health Care,Biotechnology: Biological Products (No Diagnostic Substances)
SCLX,Scilex Holding Company Common Stock,$6.665,0.065,0.985%,56,United States,2021.0,99840,Health Care,Biotechnology: Biological Products (No Diagnostic Substances)
INCR,Intercure Ltd. Ordinary Shares,$0.9618,0.0134,1.413%,56,Israel,,17118,Health Care,Biotechnology: Pharmaceutical Preparations
BOLD,Boundless Bio Inc. Common Stock,$2.50,0.0,0.00%,56,United States,2024.0,105470,Health Care,Biotechnology: Pharmaceutical Preparations
IMMP,Immutep Limited American Depositary Shares,$0.382,0.0022,0.579%,56,Australia,,172921,Health Care,Biotechnology: Pharmaceutical Preparations
DWTX,Dogwood Therapeutics Inc. Common Stock,$1.64,0.06,3.797%,55,United States,2020.0,50179,Health Care,Biotechnology: Pharmaceutical Preparations
CTOR,Citius Oncology Inc. Common Stock,$0.5923,0.0185,3.224%,55,United States,2022.0,39594,Health Care,Biotechnology: Pharmaceutical Preparations
CNTX,Context Therapeutics Inc. Common Stock,$0.5994,-0.0079,-1.301%,55,United States,2021.0,961670,Health Care,Biotechnology: Pharmaceutical Preparations
MREO,Mereo BioPharma Group plc American Depositary Shares,$0.3427,0.0277,8.794%,53,United Kingdom,,2702070,Health Care,Biotechnology: Pharmaceutical Preparations
INKT,MiNK Therapeutics Inc. Common Stock,$10.50,-0.09,-0.85%,52,United States,2021.0,3835,Health Care,Biotechnology: Biological Products (No Diagnostic Substances)
TIL,Instil Bio Inc. Common Stock,$7.12,-0.02,-0.28%,48,United States,2021.0,10384,Health Care,Biotechnology: Biological Products (No Diagnostic Substances)
SCYX,SCYNEXIS Inc. Common Stock,$4.84,1.11,29.759%,48,United States,2014.0,3176138,Health Care,Biotechnology: Pharmaceutical Preparations
FLNA,Filana Therapeutics Inc. Common Stock,$1.01,0.05,5.208%,48,United States,,334310,Health Care,Biotechnology: Pharmaceutical Preparations
TCRX,TScan Therapeutics Inc. Common Stock,$0.743,-0.0127,-1.681%,48,United States,2021.0,248458,Health Care,Biotechnology: Biological Products (No Diagnostic Substances)
ATYR,aTyr Pharma Inc. Common Stock,$0.4857,0.0057,1.188%,47,United States,2015.0,396660,Health Care,Biotechnology: Biological Products (No Diagnostic Substances)
BYSI,BeyondSpring Inc. Ordinary Shares,$1.15,0.02,1.77%,47,United States,2017.0,8671,Health Care,Biotechnology: Pharmaceutical Preparations
CPHI,China Pharma Holdings Inc. Common Stock,$1.11,-0.19,-14.615%,47,China,,602300,Health Care,Biotechnology: Pharmaceutical Preparations
INMB,INmune Bio Inc. Common stock,$1.75,-0.02,-1.13%,46,United States,2019.0,225751,Health Care,Biotechnology: Biological Products (No Diagnostic Substances)
ALVOW,Alvotech Warrant,$0.1501,0.0,0.00%,46,Luxembourg,,9,Health Care,Biotechnology: Biological Products (No Diagnostic Substances)
MCRB,Seres Therapeutics Inc. Common Stock,$4.83,0.05,1.046%,46,United States,2015.0,51185,Health Care,Biotechnology: Pharmaceutical Preparations
IBO,Impact BioMedical Inc. Common Stock,$0.43,0.0,0.00%,46,,2024.0,10823,Health Care,Biotechnology: Pharmaceutical Preparations
EDSA,Edesa Biotech Inc. Common Shares,$5.11,-0.14,-2.667%,45,United States,,58609,Health Care,Biotechnology: Pharmaceutical Preparations
TCRT,Alaunos Therapeutics Inc. Common Stock,$1.88,0.0,0.00%,45,United States,,9615,Health Care,Biotechnology: Pharmaceutical Preparations
RADX,Radiopharm Theranostics Limited American Depositary Shares,$3.15,-0.05,-1.563%,45,Australia,,93677,Health Care,Biotechnology: Pharmaceutical Preparations
TVGN,Tevogen Inc. Common Stock,$7.05,0.33,4.911%,45,United States,2022.0,10670,Health Care,Biotechnology: Biological Products (No Diagnostic Substances)
MGX,Metagenomi Therapeutics Inc. Common Stock,$1.19,-0.03,-2.459%,44,United States,2024.0,135775,Health Care,Biotechnology: Biological Products (No Diagnostic Substances)
RNXT,RenovoRx Inc. Common Stock,$0.9583,0.0171,1.817%,43,United States,2021.0,244983,Health Care,Biotechnology: Pharmaceutical Preparations
KPTI,Karyopharm Therapeutics Inc. Common Stock,$1.92,-5.09,-72.611%,43,United States,2013.0,22187476,Health Care,Biotechnology: Pharmaceutical Preparations
EXOZ,eXoZymes Inc. Common Stock,$4.65,0.05,1.087%,42,United States,2024.0,2280,Health Care,Biotechnology: Biological Products (No Diagnostic Substances)
HYPD,Hyperion DeFi Inc. Common Stock,$2.64,-0.02,-0.752%,40,United States,2018.0,358472,Health Care,Biotechnology: Pharmaceutical Preparations
DYAI,Dyadic International Inc. Common Stock,$1.05,-0.02,-1.869%,38,United States,,122814,Health Care,Biotechnology: Biological Products (No Diagnostic Substances)
PDSB,PDS Biotechnology Corporation Common Stock,$0.6861,-0.0129,-1.845%,38,United States,2015.0,163786,Health Care,Biotechnology: Pharmaceutical Preparations
APLM,Apollomics Inc. Class A Ordinary Shares,$17.245,-0.105,-0.605%,37,United States,,5280,Health Care,Biotechnology: Pharmaceutical Preparations
ELUT,Elutia Inc. Class A Common Stock,$0.8568,-0.0482,-5.326%,37,United States,2020.0,160340,Health Care,Biotechnology: Biological Products (No Diagnostic Substances)
VERU,Veru Inc. Common Stock,$2.24,0.02,0.901%,35,United States,,153691,Health Care,Biotechnology: Pharmaceutical Preparations
IXHL,Incannex Healthcare Inc. Common Stock,$2.94,0.01,0.341%,35,Australia,,71444,Health Care,Biotechnology: Pharmaceutical Preparations
ENLV,Enlivex Ltd. Ordinary Shares,$2.09,0.14,7.179%,35,Israel,2014.0,339671,Health Care,Biotechnology: Pharmaceutical Preparations
NSRX,Nasus Pharma Ltd. Ordinary Shares,$3.03,-0.15,-4.717%,35,,2025.0,5710,Health Care,Biotechnology: Pharmaceutical Preparations
NNVC,NanoViricides Inc. Common Stock,$1.52,-0.03,-1.935%,34,United States,,132949,Health Care,Biotechnology: Pharmaceutical Preparations
CRVO,CervoMed Inc. Common Stock,$2.58,0.06,2.381%,34,United States,,238241,Health Care,Biotechnology: Pharmaceutical Preparations
LTRN,Lantern Pharma Inc. Common Stock,$2.63,-0.02,-0.755%,33,United States,2020.0,47920,Health Care,Biotechnology: Pharmaceutical Preparations
MIRA,MIRA Pharmaceuticals Inc. Common Stock,$0.792,-0.0243,-2.977%,33,United States,2023.0,87497,Health Care,Biotechnology: Pharmaceutical Preparations
LITS,Lite Strategy Inc. Common Stock,$0.9635,-0.0237,-2.401%,32,United States,2003.0,64582,Health Care,Biotechnology: Pharmaceutical Preparations
CLDI,Calidi Biotherapeutics Inc. Common Stock,$1.64,0.1472,9.861%,31,,2021.0,457261,Health Care,Biotechnology: Biological Products (No Diagnostic Substances)
ESLA,Estrella Immunopharma Inc. Common Stock,$0.7137,-0.0064,-0.889%,30,United States,2021.0,6436,Health Care,Biotechnology: Biological Products (No Diagnostic Substances)
CALC,CalciMedica Inc. Common Stock,$1.00,0.16,19.048%,30,United States,2023.0,511261,Health Care,Biotechnology: Pharmaceutical Preparations
NIKI,Niki BioSolutions Inc. Common Stock,$9.87,-0.3,-2.95%,29,Hong Kong,2018.0,20044,Health Care,Biotechnology: Pharmaceutical Preparations
BCTX,BriaCell Therapeutics Corp. Common Shares,$3.44,-0.19,-5.234%,29,Canada,,61561,Health Care,Biotechnology: Pharmaceutical Preparations
SER,Serina Therapeutics Inc. Common Stock,$2.00,-0.04,-1.961%,29,,2018.0,9709,Health Care,Biotechnology: Pharmaceutical Preparations
RMTI,Rockwell Medical Inc. Common Stock,$7.19,0.09,1.268%,28,United States,1998.0,18095,Health Care,Biotechnology: Pharmaceutical Preparations
KYNB,Kyntra Bio Inc. Common Stock,$6.73,-0.06,-0.884%,27,United States,2014.0,4653,Health Care,Biotechnology: Pharmaceutical Preparations
MDCXW,Medicus Pharma Ltd. Warrant,$0.4999,0.1899,61.258%,27,Canada,,130,Health Care,Biotechnology: Pharmaceutical Preparations
GRCE,Grace Therapeutics Inc. Common Stock,$2.08,0.01,0.483%,27,Canada,,177507,Health Care,Biotechnology: Pharmaceutical Preparations
ABVC,ABVC BioPharma Inc. Common Stock,$1.01,-0.07,-6.481%,26,United States,,25424,Health Care,Biotechnology: Pharmaceutical Preparations
ACTU,Actuate Therapeutics Inc. Common stock,$1.11,-0.06,-5.128%,26,United States,2024.0,155086,Health Care,Biotechnology: Pharmaceutical Preparations
ATNM,Actinium Pharmaceuticals Inc. (Delaware) Common Stock,$0.8369,-0.0001,-0.012%,26,United States,,35419,Health Care,Biotechnology: Pharmaceutical Preparations
TVRD,Tvardi Therapeutics Inc. Common Stock,$2.10,0.0,0.00%,26,United States,2014.0,185435,Health Care,Biotechnology: Pharmaceutical Preparations
ALGS,Aligos Therapeutics Inc. Common Stock,$4.23,-0.09,-2.083%,26,United States,2020.0,49047,Health Care,Biotechnology: Biological Products (No Diagnostic Substances)
QUCY,Quantum Cyber N.V. Ordinary Shares,$1.14,0.03,2.703%,25,Germany,2021.0,485246,Health Care,Biotechnology: Pharmaceutical Preparations
BTAI,BioXcel Therapeutics Inc. Common Stock,$0.808,0.0152,1.917%,24,United States,2018.0,499504,Health Care,Biotechnology: Pharmaceutical Preparations
TAOX,Tao Synergies Inc. Common Stock,$3.29,-0.09,-2.663%,24,United States,,104134,Health Care,Biotechnology: Pharmaceutical Preparations
TXMD,TherapeuticsMD Inc. Common Stock,$2.03,0.0,0.00%,23,United States,,9545,Health Care,Biotechnology: Pharmaceutical Preparations
AYTU,Aytu BioPharma Inc.  Common Stock,$2.23,0.08,3.721%,23,United States,,73167,Health Care,Biotechnology: Pharmaceutical Preparations
IGC,IGC Pharma Inc. Common Stock,$0.249,-0.0005,-0.20%,23,United States,,171628,Health Care,Biotechnology: Pharmaceutical Preparations
GRML,Greenland Mines Ltd. Common Stock,$0.1938,-0.0023,-1.173%,23,United States,2022.0,2051676,Health Care,Biotechnology: Biological Products (No Diagnostic Substances)
EVAX,Evaxion A/S American Depositary Share,$2.82,-0.01,-0.353%,23,Denmark,2021.0,15524,Health Care,Biotechnology: Biological Products (No Diagnostic Substances)
LGVN,Longeveron Inc. Class A Common Stock,$0.7015,0.0262,3.88%,22,United States,2021.0,638832,Health Care,Biotechnology: Pharmaceutical Preparations
BRNS,Barinthus Biotherapeutics plc American Depositary Shares,$0.5578,0.0008,0.144%,22,United Kingdom,2021.0,11357,Health Care,Biotechnology: Pharmaceutical Preparations
QNCX,Quince Therapeutics Inc. Common Stock,$23.39,0.36,1.563%,22,United States,2019.0,35260,Health Care,Biotechnology: Biological Products (No Diagnostic Substances)
PLRZ,Polyrizon Ltd. Ordinary Shares,$11.25,-0.37,-3.184%,21,Israel,2024.0,97133,Health Care,Biotechnology: Pharmaceutical Preparations
GRDX,GridAI Technologies Corp. Common Stock,$2.90,-0.15,-4.918%,20,United States,2016.0,62792,Health Care,Biotechnology: Pharmaceutical Preparations
CVM,Cel-Sci Corporation Common Stock,$1.16,-0.06,-4.918%,20,United States,1997.0,165583,Health Care,Biotechnology: Biological Products (No Diagnostic Substances)
CLRB,Cellectar Biosciences Inc.  Common Stock,$2.57,0.04,1.581%,20,United States,,129228,Health Care,Biotechnology: Pharmaceutical Preparations
NEUP,Neuphoria Therapeutics Inc. Common Stock,$3.88,-0.04,-1.02%,20,United States,2021.0,37275,Health Care,Biotechnology: Pharmaceutical Preparations
QCLS,Q/C Technologies Inc. Common Stock,$2.61,-0.1,-3.69%,20,United States,2014.0,193687,Health Care,Biotechnology: In Vitro & In Vivo Diagnostic Substances
ENGNW,enGene Therapeutics Inc. Warrants,$0.2898,-0.0601,-17.176%,19,Canada,,7180,Health Care,Biotechnology: Biological Products (No Diagnostic Substances)
SKYE,Skye Bioscience Inc. Common Stock,$0.5685,-0.0118,-2.033%,19,United States,,160295,Health Care,Biotechnology: Pharmaceutical Preparations
MRKR,Marker Therapeutics Inc. Common Stock,$1.13,0.01,0.893%,18,United States,,37444,Health Care,Biotechnology: Pharmaceutical Preparations
NCEL,NewcelX Ltd. Ordinary Shares,$3.49,0.1286,3.826%,18,Switzerland,2021.0,10149,Health Care,Biotechnology: Pharmaceutical Preparations
GRMLW,Greenland Mines Ltd Warrant,$0.1492,0.0292,24.333%,18,United States,2022.0,595,Health Care,Biotechnology: Biological Products (No Diagnostic Substances)
CELU,Celularity Inc. Class A Common Stock,$0.6353,-0.0447,-6.574%,18,United States,2019.0,80005,Health Care,Biotechnology: Pharmaceutical Preparations
DARE,Dare Bioscience Inc. Common Stock,$1.22,-0.02,-1.613%,18,United States,2014.0,72221,Health Care,Biotechnology: Pharmaceutical Preparations
ALLR,Allarity Therapeutics Inc. Common Stock,$1.21,-0.02,-1.626%,18,United States,,39373,Health Care,Biotechnology: Pharmaceutical Preparations
QNTM,Quantum Biopharma Ltd. Class B Subordinate Voting Shares,$2.89,0.05,1.761%,18,Canada,,50082,Health Care,Biotechnology: Pharmaceutical Preparations
JSPR,Jasper Therapeutics Inc. Common Stock,$0.63,0.0092,1.482%,17,United States,2020.0,519637,Health Care,Biotechnology: Biological Products (No Diagnostic Substances)
LPCN,Lipocine Inc. Common Stock,$2.12,0.01,0.474%,17,United States,,29437,Health Care,Biotechnology: Pharmaceutical Preparations
RKTO,Rocket One Inc. Common Stock,$0.8007,0.0096,1.214%,17,United States,2019.0,573503,Health Care,Biotechnology: Pharmaceutical Preparations
HOWL,Werewolf Therapeutics Inc. Common Stock,$0.3531,-0.1473,-29.436%,17,United States,2021.0,2951904,Health Care,Biotechnology: Pharmaceutical Preparations
ATOS,Atossa Therapeutics Inc. Common Stock,$2.07,-0.12,-5.479%,17,United States,2012.0,79050,Health Care,Biotechnology: Pharmaceutical Preparations
PLUR,Pluri Inc. Common Stock,$1.55,-0.01,-0.641%,16,Israel,,36006,Health Care,Biotechnology: Biological Products (No Diagnostic Substances)
NRSN,NeuroSense Therapeutics Ltd. Ordinary Shares,$0.4652,-0.0108,-2.269%,16,Israel,2021.0,2554759,Health Care,Biotechnology: Pharmaceutical Preparations
MDCX,Medicus Pharma Ltd. Common Stock  ,$0.2752,0.0126,4.798%,15,Canada,,4134489,Health Care,Biotechnology: Pharmaceutical Preparations
CTXR,Citius Pharmaceuticals Inc. Common Stock,$0.57,-0.062,-9.81%,15,United States,,248485,Health Care,Biotechnology: Pharmaceutical Preparations
KTTA,Pasithea Therapeutics Corp. Common Stock,$0.4599,0.0159,3.581%,15,United States,2021.0,252560,Health Care,Biotechnology: Pharmaceutical Preparations
AEON,AEON Biopharma Inc. Class A Common Stock,$0.293,0.0378,14.812%,14,United States,,7055145,Health Care,Biotechnology: Pharmaceutical Preparations
CYCN,Cyclerion Therapeutics Inc. Common Stock,$3.44,-0.06,-1.714%,14,United States,,15710,Health Care,Biotechnology: Pharmaceutical Preparations
PASG,Passage Bio Inc. Common Stock,$4.47,-0.02,-0.445%,14,United States,2020.0,4980,Health Care,Biotechnology: Biological Products (No Diagnostic Substances)
KALA,KALA BIO Inc. Common Stock,$0.7559,0.0262,3.591%,14,United States,2017.0,71589,Health Care,Biotechnology: Pharmaceutical Preparations
NXTC,NextCure Inc. Common Stock,$4.145,-0.885,-17.594%,14,United States,2019.0,384054,Health Care,Biotechnology: Pharmaceutical Preparations
BFRI,Biofrontera Inc. Common Stock,$1.17,-0.06,-4.878%,14,United States,2021.0,433099,Health Care,Biotechnology: Pharmaceutical Preparations
PTN,Palatin Technologies Inc. Common Stock,$7.70,-0.11,-1.408%,13,United States,,5852,Health Care,Biotechnology: Pharmaceutical Preparations
GTBP,GT Biopharma Inc. Common Stock,$0.2935,-0.0143,-4.646%,13,United States,,600212,Health Care,Biotechnology: Pharmaceutical Preparations
AIXC,AIxCrypto Holdings Inc. Common Stock,$0.6618,-0.0084,-1.253%,13,United States,2015.0,10982,Health Care,Biotechnology: Pharmaceutical Preparations
AKTX,Akari Therapeutics plc ADS,$7.86,-0.14,-1.75%,13,United Kingdom,,14601,Health Care,Biotechnology: Pharmaceutical Preparations
TPST,Tempest Therapeutics Inc. Common Stock,$0.8563,-0.0074,-0.857%,13,United States,,69052,Health Care,Biotechnology: Pharmaceutical Preparations
PBM,Psyence Biomedical Ltd. Common Shares,$3.17,-0.19,-5.655%,12,Canada,,70417,Health Care,Biotechnology: Pharmaceutical Preparations
VRXAW,Veraxa Biotech AG Warrants,$0.0862,-0.0239,-21.708%,12,Switzerland,,293463,Health Care,Biotechnology: Pharmaceutical Preparations
BLRX,BioLineRx Ltd. American Depositary Shares,$2.82,0.12,4.444%,12,Israel,,9656,Health Care,Biotechnology: Pharmaceutical Preparations
RGNT,Regentis Biomaterials Ltd. Ordinary Shares,$1.74,-0.06,-3.333%,12,,2025.0,128405,Health Care,Biotechnology: Pharmaceutical Preparations
KPRX,Kiora Pharmaceuticals Inc.  Common Stock,$2.56,0.005,0.196%,11,United States,,4569,Health Care,Biotechnology: Pharmaceutical Preparations
PHIO,Phio Pharmaceuticals Corp. Common Stock,$1.025,-0.005,-0.485%,11,United States,,94091,Health Care,Biotechnology: Pharmaceutical Preparations
GDTC,CytoMed Therapeutics Limited Ordinary Shares,$0.9301,-0.0593,-5.994%,11,Singapore,2023.0,26739,Health Care,Biotechnology: Pharmaceutical Preparations
COCP,Cocrystal Pharma Inc. Common Stock,$0.82,-0.0477,-5.497%,11,United States,,34129,Health Care,Biotechnology: Pharmaceutical Preparations
CMMB,Chemomab Therapeutics Ltd. American Depositary Share,$1.55,0.02,1.307%,11,Israel,2019.0,29976,Health Care,Biotechnology: Pharmaceutical Preparations
INTS,Intensity Therapeutics Inc. Common stock,$4.15,0.1,2.469%,11,United States,2023.0,78109,Health Care,Biotechnology: Biological Products (No Diagnostic Substances)
BIVI,BioVie Inc. Class A Common Stock,$1.52,0.09,6.294%,11,United States,,203815,Health Care,Biotechnology: Pharmaceutical Preparations
XCUR,Exicure Inc. Common Stock,$1.60,0.03,1.911%,10,United States,,17689,Health Care,Biotechnology: Pharmaceutical Preparations
INAB,IN8bio Inc. Common Stock,$1.035,-0.045,-4.167%,10,United States,2021.0,57589,Health Care,Biotechnology: Biological Products (No Diagnostic Substances)
BFRG,Bullfrog AI Holdings Inc. Common Stock,$0.555,-0.02,-3.478%,10,United States,2023.0,271226,Health Care,Biotechnology: Pharmaceutical Preparations
SNTI,Senti Biosciences Holdings Inc. Common Stock,$0.3405,-0.0199,-5.522%,10,United States,2021.0,156742,Health Care,Biotechnology: Biological Products (No Diagnostic Substances)
CRIS,Curis Inc. Common Stock,$5.02,0.06,1.21%,9,United States,,14205,Health Care,Biotechnology: Biological Products (No Diagnostic Substances)
LEXX,Lexaria Bioscience Corp. Common Stock,$0.391,-0.0053,-1.337%,9,Canada,,484188,Health Care,Biotechnology: Pharmaceutical Preparations
VTGN,Vistagen Therapeutics Inc. Common Stock,$0.241,0.0,0.00%,9,United States,,792716,Health Care,Biotechnology: Pharmaceutical Preparations
BCDA,BioCardia Inc. Common Stock,$0.8242,0.0531,6.886%,9,United States,,125629,Health Care,Biotechnology: Biological Products (No Diagnostic Substances)
TOVX,Theriva Biologics Inc. Common Stock,$0.21,-0.0001,-0.048%,9,United States,,589370,Health Care,Biotechnology: Pharmaceutical Preparations
BCTXL,BriaCell Therapeutics Corp. Warrant expiring 2031,$0.92,0.01,1.099%,8,Canada,,1601,Health Care,Biotechnology: Pharmaceutical Preparations
IMRN,Immuron Limited American Depositary Shares,$1.09,-0.02,-1.802%,8,Australia,2017.0,11260,Health Care,Biotechnology: Pharmaceutical Preparations
VNRX,VolitionRX Limited Common Stock,$0.7181,-0.0816,-10.204%,8,Singapore,2015.0,252498,Health Care,Biotechnology: In Vitro & In Vivo Diagnostic Substances
LNAI,Lunai Bioworks Inc. Common Stock,$1.94,-0.08,-3.96%,8,United States,,23548,Health Care,Biotechnology: Pharmaceutical Preparations
SNGX,Soligenix Inc. Common Stock,$0.3739,-0.0011,-0.293%,8,United States,,321865,Health Care,Biotechnology: Pharmaceutical Preparations
ASBP,Aspire Biopharma Holdings Inc. Common Stock,$6.52,-0.2,-2.976%,8,United States,2022.0,9435,Health Care,Biotechnology: Pharmaceutical Preparations
CNSP,CNS Pharmaceuticals Inc. Common Stock,$5.817,0.967,19.938%,8,United States,2019.0,11747,Health Care,Biotechnology: Pharmaceutical Preparations
PCSA,Processa Pharmaceuticals Inc. Common Stock,$2.15,0.11,5.392%,7,United States,,394171,Health Care,Biotechnology: Pharmaceutical Preparations
TRIB,Trinity Biotech plc American Depositary Shares,$11.60,-1.15,-9.02%,7,Ireland,1992.0,13153,Health Care,Biotechnology: In Vitro & In Vivo Diagnostic Substances
APUS,Apimeds Pharmaceuticals US Inc. Common Stock,$5.15,0.23,4.675%,7,,2025.0,54941,Health Care,Biotechnology: Pharmaceutical Preparations
APRE,Aprea Therapeutics Inc. Common stock,$0.62,-0.015,-2.362%,7,United States,2019.0,50900,Health Care,Biotechnology: Pharmaceutical Preparations
MTVA,MetaVia Inc. Common Stock,$1.42,-0.02,-1.389%,7,United States,2016.0,132315,Health Care,Biotechnology: Pharmaceutical Preparations
ADIL,Adial Pharmaceuticals Inc Common Stock,$3.34,0.05,1.52%,7,United States,2018.0,51476,Health Care,Biotechnology: Pharmaceutical Preparations
BOLT,Bolt Biotherapeutics Inc. Common Stock,$3.99,0.1,2.571%,7,United States,2021.0,19505,Health Care,Biotechnology: Pharmaceutical Preparations
CUPR,Cuprina Holdings (Cayman) Limited Class A Ordinary Shares,$2.92,0.26,9.774%,7,Singapore,2025.0,775792,Health Care,Biotechnology: Pharmaceutical Preparations
AIM,AIM ImmunoTech Inc. Common Stock,$0.2536,0.0186,7.915%,7,,,3603679,Health Care,Biotechnology: Biological Products (No Diagnostic Substances)
XTLB,XTL Biopharmaceuticals Ltd. American Depositary Shares,$2.82,-0.03,-1.053%,6,Israel,,1739,Health Care,Biotechnology: Pharmaceutical Preparations
CVKD,Cadrenal Therapeutics Inc. Common Stock,$2.01,-0.08,-3.828%,6,United States,2023.0,14932,Health Care,Biotechnology: Pharmaceutical Preparations
KAPA,Kairos Pharma Ltd. Common Stock,$0.3061,0.0062,2.067%,6,,2024.0,2416448,Health Care,Biotechnology: Pharmaceutical Preparations
CANF,Can-Fite Biopharma Ltd American Depositary Shares each representing two (2) Ordinary Shares,$3.15,-0.13,-3.963%,6,Israel,,15519,Health Care,Biotechnology: Pharmaceutical Preparations
ENVB,Enveric Biosciences Inc. Common Stock,$1.57,0.14,9.79%,6,United States,,77516,Health Care,Biotechnology: Pharmaceutical Preparations
PMCB,PharmaCyte  Biotech Inc. Common Stock,$0.576,-0.024,-4.00%,6,United States,,155631,Health Care,Biotechnology: Biological Products (No Diagnostic Substances)
PULM,Pulmatrix Inc. Common Stock,$1.74,0.04,2.353%,6,United States,2014.0,16362,Health Care,Biotechnology: Pharmaceutical Preparations
ALZN,Alzamend Neuro Inc. Common Stock,$1.31,-0.04,-2.963%,6,United States,2021.0,24822,Health Care,Biotechnology: Pharmaceutical Preparations
ACXP,Acurx Pharmaceuticals Inc. Common Stock,$1.44,0.02,1.408%,6,United States,2021.0,27414,Health Care,Biotechnology: Pharmaceutical Preparations
IMNN,Imunon Inc. Common Stock,$1.59,-0.01,-0.625%,6,United States,,47711,Health Care,Biotechnology: Pharmaceutical Preparations
TRAW,Traws Pharma Inc. Common Stock,$0.45,0.0089,2.018%,6,United States,2013.0,80992,Health Care,Biotechnology: Pharmaceutical Preparations
LIMN,Liminatus Pharma Inc. Class A Common Stock,$0.103,0.0009,0.881%,6,United States,,4630840,Health Care,Biotechnology: Biological Products (No Diagnostic Substances)
ADXN,Addex Therapeutics Ltd American Depositary Shares,$5.20,-0.395,-7.06%,6,Switzerland,,4358,Health Care,Biotechnology: Pharmaceutical Preparations
XBIO,Xenetic Biosciences Inc. Common Stock,$2.535,-0.015,-0.588%,5,United States,,8780,Health Care,Biotechnology: Pharmaceutical Preparations
CURX,Curanex Pharmaceuticals Inc Common Stock,$0.2052,0.0142,7.435%,5,United States,2025.0,137537,Health Care,Biotechnology: Pharmaceutical Preparations
SNOA,Sonoma Pharmaceuticals Inc. Common Stock,$1.10,-0.03,-2.655%,5,United States,2007.0,26417,Health Care,Biotechnology: Pharmaceutical Preparations
GELS,Gelteq Limited Ordinary Shares,$0.5201,-0.0309,-5.608%,5,Australia,2024.0,19962,Health Care,Biotechnology: Pharmaceutical Preparations
BCAB,BioAtla Inc. Common Stock,$3.29,-0.09,-2.663%,5,United States,2020.0,13657,Health Care,Biotechnology: Biological Products (No Diagnostic Substances)
JUNS,Jupiter Neurosciences Inc. Common Stock,$0.09,-0.0075,-7.692%,5,United States,2024.0,22994130,Health Care,Biotechnology: Pharmaceutical Preparations
GOVX,GeoVax Labs Inc. Common Stock,$0.6812,-0.0214,-3.046%,5,United States,,48851,Health Care,Biotechnology: Pharmaceutical Preparations
NCNA,NuCana plc American Depositary Share,$1.32,0.06,4.762%,5,United Kingdom,2017.0,23330,Health Care,Biotechnology: Pharmaceutical Preparations
APVO,Aptevo Therapeutics Inc. Common Stock,$4.11,-0.02,-0.484%,5,United States,,2954,Health Care,Biotechnology: Pharmaceutical Preparations
HCWB,HCW Biologics Inc. Common Stock,$3.20,0.05,1.587%,5,United States,2021.0,62233,Health Care,Biotechnology: Pharmaceutical Preparations
GLMD,Galmed Pharmaceuticals Ltd. Ordinary Shares,$0.621,0.022,3.673%,4,Israel,2014.0,140432,Health Care,Biotechnology: Pharmaceutical Preparations
INM,InMed Pharmaceuticals Inc. Common Shares,$1.47,-0.03,-2.00%,4,Canada,,257463,Health Care,Biotechnology: Pharmaceutical Preparations
VIVS,VivoSim Labs Inc. Common Stock,$0.3446,-0.0414,-10.725%,4,United States,,5748195,Health Care,Biotechnology: Biological Products (No Diagnostic Substances)
ELAB,PMGC Holdings Inc. Common Stock,$0.9229,-0.0264,-2.781%,4,United States,2023.0,210419,Health Care,Biotechnology: Pharmaceutical Preparations
DRMA,Dermata Therapeutics Inc. Common Stock,$1.17,-0.01,-0.847%,4,United States,2021.0,83154,Health Care,Biotechnology: Pharmaceutical Preparations
ESLAW,Estrella Immunopharma Inc. Warrant,$0.095,0.0348,57.807%,4,United States,2021.0,2000,Health Care,Biotechnology: Biological Products (No Diagnostic Substances)
CDIO,Cardio Diagnostics Holdings Inc. Common stock,$1.56,-0.01,-0.637%,4,United States,2022.0,12730,Health Care,Biotechnology: In Vitro & In Vivo Diagnostic Substances
FBLG,FibroBiologics Inc. Common Stock,$0.70,-0.0192,-2.67%,4,United States,,105723,Health Care,Biotechnology: Pharmaceutical Preparations
PHGE,BiomX Inc. COmmon Stock,$0.1842,-0.0046,-2.436%,4,,2019.0,863179,Health Care,Biotechnology: Biological Products (No Diagnostic Substances)
RNAZ,TransCode Therapeutics Inc. Common Stock,$4.56,-0.69,-13.143%,4,United States,2021.0,30126,Health Care,Biotechnology: Pharmaceutical Preparations
SPRC,SciSparc Ltd. Ordinary Shares,$7.12,-1.58,-18.161%,4,Israel,,109219,Health Care,Biotechnology: Pharmaceutical Preparations
BMRA,Biomerica Inc. Common Stock,$1.49,-0.0999,-6.283%,4,United States,,11463,Health Care,Biotechnology: In Vitro & In Vivo Diagnostic Substances
BGMS,Bio Green Med Solution Inc. Common Stock,$0.89,-0.0229,-2.508%,4,United States,,8520,Health Care,Biotechnology: Pharmaceutical Preparations
JAGX,Jaguar Health Inc. Common Stock,$1.00,-0.04,-3.846%,4,United States,2015.0,32827,Health Care,Biotechnology: Pharmaceutical Preparations
REVB,Revelation Biosciences Inc. Common Stock,$0.95,-0.0453,-4.551%,3,United States,2020.0,21910,Health Care,Biotechnology: Pharmaceutical Preparations
XRTX,XORTX Therapeutics Inc. Common Shares,$2.12,0.1,4.95%,3,Canada,,7336,Health Care,Biotechnology: Pharmaceutical Preparations
ZSTK,ZeroStack Corp. Common Stock,$1.52,-0.02,-1.299%,3,Canada,2021.0,6630,Health Care,Biotechnology: Pharmaceutical Preparations
LABT,Lakewood-Amedex Biotherapeutics Inc. Common Stock,$2.02,0.09,4.663%,3,United States,,254848,Health Care,Biotechnology: Pharmaceutical Preparations
RDHL,Redhill Biopharma Ltd. American Depositary Shares,$0.65,0.0193,3.06%,3,Israel,,12365,Health Care,Biotechnology: Pharmaceutical Preparations
CAPS,Capstone Holding Corp. Common Stock,$0.253,0.0129,5.373%,3,United States,,87405,Health Care,Biotechnology: Pharmaceutical Preparations
ENSC,Ensysce Biosciences Inc. Common Stock,$0.253,-0.004,-1.556%,3,United States,,278953,Health Care,Biotechnology: Pharmaceutical Preparations
PRFX,PRF Technologies Ltd. Ordinary Shares,$1.00,-0.03,-2.913%,3,Israel,2020.0,114879,Health Care,Biotechnology: Pharmaceutical Preparations
MBIO,Mustang Bio Inc. Common Stock,$0.5702,-0.0236,-3.974%,3,United States,,11073,Health Care,Biotechnology: Pharmaceutical Preparations
SXTP,60 Degrees Pharmaceuticals Inc. Common Stock,$1.17,-0.08,-6.40%,3,United States,2023.0,157179,Health Care,Biotechnology: Pharmaceutical Preparations
NRSNW,NeuroSense Therapeutics Ltd. Warrant,$0.0994,0.0,0.00%,3,Israel,2021.0,26,Health Care,Biotechnology: Pharmaceutical Preparations
ONCO,Onconetix Inc. Common Stock,$0.8267,0.0403,5.125%,3,United States,2022.0,115562,Health Care,Biotechnology: Pharmaceutical Preparations
GNPX,Genprex Inc. Common Stock,$5.99,-0.07,-1.155%,3,United States,2018.0,29059,Health Care,Biotechnology: Pharmaceutical Preparations
PPCB,Propanc Biopharma Inc. Common Stock,$1.01,-0.03,-2.885%,3,Australia,,39279,Health Care,Biotechnology: Pharmaceutical Preparations
ERNA,Ernexa Therapeutics Inc. Common Stock,$3.28,-0.19,-5.476%,3,United States,,26608,Health Care,Biotechnology: Pharmaceutical Preparations
VRAX,Virax Biolabs Group Limited Ordinary Shares,$2.62,-0.18,-6.429%,2,United Kingdom,2022.0,63840,Health Care,Biotechnology: In Vitro & In Vivo Diagnostic Substances
LIMNW,Liminatus Pharma Inc. Warrants,$0.0411,0.0,0.00%,2,United States,,3,Health Care,Biotechnology: Biological Products (No Diagnostic Substances)
AZTR,Azitra Inc Common Stock,$0.1327,0.0017,1.298%,2,,2023.0,934585,Health Care,Biotechnology: Pharmaceutical Preparations
ARTL,Artelo Biosciences Inc. Common Stock,$0.77,0.0148,1.96%,2,United States,,127855,Health Care,Biotechnology: Pharmaceutical Preparations
DCOY,Decoy Therapeutics Inc. Common Stock,$4.11,0.19,4.847%,2,United States,2015.0,16237,Health Care,Biotechnology: Pharmaceutical Preparations
PPBT,Purple Biotech Ltd. American Depositary Shares,$1.40,0.03,2.19%,2,Israel,2015.0,17185,Health Care,Biotechnology: Pharmaceutical Preparations
HUMAW,Humacyte Inc. Warrant,$0.01,0.001,11.111%,2,United States,2020.0,514447,Health Care,Biotechnology: Biological Products (No Diagnostic Substances)
MBRX,Moleculin Biotech Inc. Common Stock,$0.40,-0.62,-60.784%,2,United States,2016.0,19206626,Health Care,Biotechnology: Pharmaceutical Preparations
SBFM,Sunshine Biopharma Inc. Common Stock,$1.17,-0.06,-4.878%,2,Canada,,79360,Health Care,Biotechnology: Pharmaceutical Preparations
BIVIW,BioVie Inc. Warrant,$0.39,0.01,2.632%,2,United States,,58134,Health Care,Biotechnology: Pharmaceutical Preparations
SHPH,Shuttle Pharmaceuticals Holdings Inc. Common Stock,$3.80,0.71,22.977%,2,United States,2022.0,3048826,Health Care,Biotechnology: Pharmaceutical Preparations
OGEN,Oragenics Inc. Common Stock,$0.50,0.0098,1.999%,2,United States,,41568,Health Care,Biotechnology: Pharmaceutical Preparations
GRI,GRI Bio Inc. Common Stock,$1.38,-0.03,-2.128%,2,United States,2021.0,23417,Health Care,Biotechnology: Pharmaceutical Preparations
SXTC,China SXT Pharmaceuticals Inc. Class A Ordinary Shares,$0.0618,-0.0113,-15.458%,2,China,2019.0,59897545,Health Care,Biotechnology: Pharmaceutical Preparations
UPC,Universe Pharmaceuticals Inc. Class A Ordinary Shares,$3.16,-0.32,-9.195%,2,China,2021.0,10656421,Health Care,Biotechnology: Pharmaceutical Preparations
SCNI,Scinai Immunotherapeutics Ltd. American Depositary Shares,$0.273,-0.003,-1.087%,1,Israel,2015.0,123758,Health Care,Biotechnology: Biological Products (No Diagnostic Substances)
SLXN,Silexion Therapeutics Corp Ordinary Shares,$1.88,0.04,2.174%,1,Israel,,91568,Health Care,Biotechnology: Biological Products (No Diagnostic Substances)
SABSW,SAB Biotherapeutics Inc. Warrant,$0.02,0.006,42.857%,1,United States,2021.0,585405,Health Care,Biotechnology: Biological Products (No Diagnostic Substances)
CMND,Clearmind Medicine Inc. Common Shares,$1.69,0.07,4.321%,1,Canada,,80832,Health Care,Biotechnology: Pharmaceutical Preparations
MTNB,Matinas Biopharma Holdings Inc. Common Stock,$0.2938,-0.0236,-7.435%,1,United States,2017.0,2161512,Health Care,Biotechnology: Pharmaceutical Preparations
SCLXW,Scilex Holding Company Warrant,$0.1987,0.0577,40.922%,1,United States,2021.0,5784,Health Care,Biotechnology: Biological Products (No Diagnostic Substances)
CDT,CDT Equity Inc. Common Stock,$2.93,0.25,9.328%,1,United States,2022.0,108905,Health Care,Biotechnology: Pharmaceutical Preparations
RCKTW,Rocket Pharmaceuticals Inc. Warrant,$0.0014,-0.0018,-56.25%,0,United States,,5022,Health Care,Biotechnology: Pharmaceutical Preparations
DRMAW,Dermata Therapeutics Inc. Warrant,$0.0075,-0.003,-28.571%,0,United States,2021.0,11717,Health Care,Biotechnology: Pharmaceutical Preparations
ERNAW,Ernexa Therapeutics Inc. Warrants,$0.0409,-0.0001,-0.244%,0,United States,,9970,Health Care,Biotechnology: Pharmaceutical Preparations
REVBW,Revelation Biosciences Inc. Warrant,$0.0098,0.0008,8.889%,0,United States,2020.0,100,Health Care,Biotechnology: Pharmaceutical Preparations
CINGW,Cingulate Inc. Warrants,$0.0132,0.0007,5.60%,0,United States,2021.0,5587,Health Care,Biotechnology: Pharmaceutical Preparations
SBFMW,Sunshine Biopharma Inc. Warrant,$0.031,-0.012,-27.907%,0,Canada,,173,Health Care,Biotechnology: Pharmaceutical Preparations
PBMWW,Psyence Biomedical Ltd. Warrant,$0.0344,-0.0001,-0.29%,0,Canada,,749,Health Care,Biotechnology: Pharmaceutical Preparations
EMIS,Emmis Acquisition Corp. Class A Ordinary Shares,$10.21,0.0,0.00%,0,United States,2025.0,6,Health Care,Biotechnology: Pharmaceutical Preparations
BLUWU,Blue Water Acquisition Corp. III Unit.,$10.50,0.0,0.00%,0,United States,2025.0,2,Health Care,Biotechnology: Biological Products (No Diagnostic Substances)
BKHA,Black Hawk Acquisition Corporation Class A Ordinary Shares,$11.78,0.0,0.00%,0,United States,2024.0,102,Health Care,Biotechnology: Biological Products (No Diagnostic Substances)
CDTTW,CDT Equity Inc. Warrant,$0.0113,-0.0026,-18.705%,0,United States,2022.0,2816,Health Care,Biotechnology: Pharmaceutical Preparations
SLXNW,Silexion Therapeutics Corp Warrant,$0.02,0.0,0.00%,0,Israel,,3169,Health Care,Biotechnology: Biological Products (No Diagnostic Substances)
BTTC,Black Titan Corporation Ordinary Shares,$0.687,-0.0023,-0.334%,0,Malaysia,,19024,Health Care,Biotechnology: Biological Products (No Diagnostic Substances)
CDIOW,Cardio Diagnostics Holdings Inc. Warrant,$0.014,0.0,0.00%,0,United States,2022.0,2700,Health Care,Biotechnology: In Vitro & In Vivo Diagnostic Substances
BCTXZ,BriaCell Therapeutics Corp. Warrant expiring 2030,$0.0899,0.0028,3.215%,0,Canada,,129457,Health Care,Biotechnology: Pharmaceutical Preparations
BDRX,Biodexa Pharmaceuticals plc American Depositary Shs,$1.32,-0.16,-10.811%,0,United Kingdom,,24380,Health Care,Biotechnology: Pharmaceutical Preparations
BFRIW,Biofrontera Inc. Warrants,$0.03,0.0,0.00%,0,United States,2021.0,6,Health Care,Biotechnology: Pharmaceutical Preparations
SXTPW,60 Degrees Pharmaceuticals Inc. Warrant,$0.0306,0.0,0.00%,0,United States,2023.0,80,Health Care,Biotechnology: Pharmaceutical Preparations
SRZNW,Surrozen Inc. Warrant,$0.0118,0.0056,90.323%,0,United States,,500,Health Care,Biotechnology: Biological Products (No Diagnostic Substances)
TVGNW,Tevogen Inc. Warrant,$0.0458,0.0018,4.091%,0,United States,2022.0,1104245,Health Care,Biotechnology: Biological Products (No Diagnostic Substances)
IPEX,Inflection Point Acquisition Corp. V Class A Ordinary Shares,$10.54,-0.02,-0.189%,0,United States,2025.0,109706,Health Care,Biotechnology: Pharmaceutical Preparations
APMD,Apnimed Inc. Common Stock,$25.00,9.0,56.25%,0,United States,,3440987,Health Care,Biotechnology: Pharmaceutical Preparations
JSPRW,Japer Therapeutics Inc. Warrants,$0.0121,0.0,0.00%,0,United States,2020.0,100,Health Care,Biotechnology: Biological Products (No Diagnostic Substances)
APLMW,Apollomics Inc. Warrant,$0.0139,-0.0019,-12.025%,0,United States,,139683,Health Care,Biotechnology: Pharmaceutical Preparations
