Symbol,Name,Last Sale,Net Change,% Change,Market Cap,Country,IPO Year,Volume,Sector,Industry
LLY,Eli Lilly and Company Common Stock,$1143.12,0.27,0.024%,1076084,United States,,1979100,Health Care,Biotechnology: Pharmaceutical Preparations
JNJ,Johnson & Johnson Common Stock,$252.93,-3.1,-1.211%,609535,United States,,10032754,Health Care,Biotechnology: Pharmaceutical Preparations
ABBV,AbbVie Inc. Common Stock,$265.76,2.94,1.119%,469629,United States,2012,7544513,Health Care,Biotechnology: Pharmaceutical Preparations
MRK,Merck & Company Inc. Common Stock (new),$139.54,-4.76,-3.299%,344269,United States,,9485744,Health Care,Biotechnology: Pharmaceutical Preparations
NVS,Novartis AG Common Stock,$140.93,-0.07,-0.050%,268915,Switzerland,,1329237,Health Care,Biotechnology: Pharmaceutical Preparations
AZN,AstraZeneca PLC Ordinary Shares,$156.53,-0.37,-0.236%,242735,United Kingdom,2026,2256372,Health Care,Biotechnology: Pharmaceutical Preparations
AMGN,Amgen Inc. Common Stock,$402.98,-0.06,-0.015%,217863,United States,1983,3104127,Health Care,Biotechnology: Biological Products (No Diagnostic Substances)
GILD,Gilead Sciences Inc. Common Stock,$144.63,-0.11,-0.076%,179334,United States,1992,6138331,Health Care,Biotechnology: Biological Products (No Diagnostic Substances)
ABT,Abbott Laboratories Common Stock,$100.10,2.6,2.667%,173211,United States,,11988863,Health Care,Biotechnology: Pharmaceutical Preparations
NVO,Novo Nordisk A/S Common Stock,$37.54,0.22,0.589%,166224,Denmark,,18700724,Health Care,Biotechnology: Pharmaceutical Preparations
PFE,Pfizer Inc. Common Stock,$27.41,-0.39,-1.403%,156228,United States,,33005489,Health Care,Biotechnology: Pharmaceutical Preparations
VRTX,Vertex Pharmaceuticals Incorporated Common Stock,$503.50,-1.23,-0.244%,127617,United States,1991,915136,Health Care,Biotechnology: Pharmaceutical Preparations
BMY,Bristol-Myers Squibb Company Common Stock,$58.81,-2.34,-3.827%,120132,United States,,19239537,Health Care,Biotechnology: Pharmaceutical Preparations
SNY,Sanofi ADS,$39.51,-0.41,-1.027%,96359,France,,3798330,Health Care,Biotechnology: Pharmaceutical Preparations
GSK,GSK plc American Depositary Shares (Each representing two Ordinary Shares),$46.55,-0.48,-1.021%,94156,United Kingdom,2022,3480792,Health Care,Biotechnology: Pharmaceutical Preparations
MRNA,Moderna Inc. Common Stock,$203.21,13.2,6.947%,81128,United States,2018,19313353,Health Care,Biotechnology: Biological Products (No Diagnostic Substances)
REGN,Regeneron Pharmaceuticals Inc. Common Stock,$726.47,-8.73,-1.187%,74793,United States,1991,695029,Health Care,Biotechnology: Pharmaceutical Preparations
ARGX,argenx SE American Depositary Shares,$912.87,-6.34,-0.690%,56655,Netherlands,2017,322358,Health Care,Biotechnology: Biological Products (No Diagnostic Substances)
TAK,Takeda Pharmaceutical Company Limited American Depositary Shares (each representing 1/2 of a share of Common Stock),$17.81,-0.05,-0.280%,56276,Japan,2018,3404655,Health Care,Biotechnology: Pharmaceutical Preparations
TEVA,Teva Pharmaceutical Industries Limited Ordinary Shares,$39.66,0.13,0.329%,46215,Israel,,4147903,Health Care,Biotechnology: Pharmaceutical Preparations
RVMD,Revolution Medicines Inc. Common Stock,$207.68,1.04,0.503%,44513,United States,2020,1425053,Health Care,Biotechnology: Biological Products (No Diagnostic Substances)
IDXX,IDEXX Laboratories Inc. Common Stock,$527.07,8.68,1.674%,41523,United States,1991,588918,Health Care,Biotechnology: In Vitro & In Vivo Diagnostic Substances
ONC,BeOne Medicines Ltd. American Depositary Shares,$361.65,3.58,1.000%,41120,Cayman Islands,2016,392123,Health Care,Biotechnology: Pharmaceutical Preparations
BIIB,Biogen Inc. Common Stock,$223.59,3.71,1.687%,33036,United States,,951321,Health Care,Biotechnology: Biological Products (No Diagnostic Substances)
RPRX,Royalty Pharma plc Class A Ordinary Shares ,$56.66,-0.5,-0.875%,32579,United States,2020,3958232,Health Care,Biotechnology: Pharmaceutical Preparations
ZTS,Zoetis Inc. Class A Common Stock,$71.41,1.72,2.468%,29508,United States,2013,3645121,Health Care,Biotechnology: Pharmaceutical Preparations
ALNY,Alnylam Pharmaceuticals Inc. Common Stock,$219.89,0.17,0.077%,29423,United States,2004,1281106,Health Care,Biotechnology: Pharmaceutical Preparations
ROIV,Roivant Sciences Ltd. Common Shares,$35.78,0.06,0.168%,25844,United Kingdom,,6201717,Health Care,Biotechnology: Pharmaceutical Preparations
BNTX,BioNTech SE American Depositary Share,$97.64,0.74,0.764%,24527,Germany,2019,1437533,Health Care,Biotechnology: Biological Products (No Diagnostic Substances)
UTHR,United Therapeutics Corporation Common Stock,$536.40,-5.3,-0.978%,23006,United States,1999,834185,Health Care,Biotechnology: Pharmaceutical Preparations
INSM,Insmed Incorporated Common Stock,$103.83,-7.29,-6.560%,22674,United States,,5395745,Health Care,Biotechnology: Pharmaceutical Preparations
VTRS,Viatris Inc. Common Stock,$17.62,0.02,0.114%,20238,United States,,6357202,Health Care,Biotechnology: Pharmaceutical Preparations
JAZZ,Jazz Pharmaceuticals plc Common Stock (Ireland),$236.04,0.37,0.157%,15322,Ireland,2007,844678,Health Care,Biotechnology: Pharmaceutical Preparations
ASND,Ascendis Pharma A/S Ordinary Share,$228.03,0.16,0.070%,15023,Denmark,2015,783328,Health Care,Biotechnology: Pharmaceutical Preparations
NBIX,Neurocrine Biosciences Inc. Common Stock,$144.21,1.03,0.719%,14658,United States,1996,1749137,Health Care,Biotechnology: Biological Products (No Diagnostic Substances)
EXEL,Exelixis Inc. Common Stock,$58.85,0.46,0.788%,14581,United States,2000,2581011,Health Care,Biotechnology: Biological Products (No Diagnostic Substances)
SMMT,Summit Therapeutics Inc. Common Stock ,$17.27,0.515,3.074%,13777,United States,2015,5277726,Health Care,Biotechnology: Pharmaceutical Preparations
TWST,Twist Bioscience Corporation Common Stock,$205.00,16.33,8.655%,13591,United States,2018,3209262,Health Care,Biotechnology: Biological Products (No Diagnostic Substances)
CORT,Corcept Therapeutics Incorporated Common Stock,$122.03,5.8,4.990%,13191,United States,2004,1005235,Health Care,Biotechnology: Pharmaceutical Preparations
BBIO,BridgeBio Pharma Inc. Common Stock,$66.14,-1.11,-1.651%,12929,United States,2019,2168652,Health Care,Biotechnology: Pharmaceutical Preparations
HALO,Halozyme Therapeutics Inc. Common Stock,$108.31,-1.55,-1.411%,12292,United States,,1856351,Health Care,Biotechnology: Biological Products (No Diagnostic Substances)
MDGL,Madrigal Pharmaceuticals Inc. Common Stock,$493.62,-5.78,-1.157%,11404,United States,2007,246569,Health Care,Biotechnology: Pharmaceutical Preparations
TECH,Bio-Techne Corp Common Stock,$72.58,0.18,0.249%,11381,United States,,2087339,Health Care,Biotechnology: Biological Products (No Diagnostic Substances)
ELAN,Elanco Animal Health Incorporated Common Stock,$22.51,0.37,1.671%,11246,United States,2018,4788294,Health Care,Biotechnology: Pharmaceutical Preparations
BMRN,BioMarin Pharmaceutical Inc. Common Stock,$57.54,0.36,0.630%,11138,United States,1999,2407592,Health Care,Biotechnology: Pharmaceutical Preparations
IBRX,ImmunityBio Inc. Common Stock,$10.38,0.095,0.924%,11001,United States,2015,16867253,Health Care,Biotechnology: Biological Products (No Diagnostic Substances)
PCVX,Vaxcyte Inc. Common Stock,$73.82,17.34,30.701%,10984,United States,2020,14925594,Health Care,Biotechnology: Biological Products (No Diagnostic Substances)
RDY,Dr. Reddy's Laboratories Ltd Common Stock,$12.32,0.07,0.571%,10282,India,,2744295,Health Care,Biotechnology: Pharmaceutical Preparations
KRYS,Krystal Biotech Inc. Common Stock,$334.85,12.57,3.900%,9911,United States,2017,337237,Health Care,Biotechnology: Biological Products (No Diagnostic Substances)
QGEN,Qiagen N.V. Common Shares,$45.79,1.04,2.324%,9436,Netherlands,2026,3054898,Health Care,Biotechnology: Biological Products (No Diagnostic Substances)
AXSM,Axsome Therapeutics Inc. Common Stock,$177.08,-2.17,-1.211%,9275,United States,2015,858895,Health Care,Biotechnology: Pharmaceutical Preparations
RGEN,Repligen Corporation Common Stock,$189.50,7.8,4.293%,9270,United States,1986,1613715,Health Care,Biotechnology: Biological Products (No Diagnostic Substances)
KYMR,Kymera Therapeutics Inc. Common Stock,$109.85,2.46,2.291%,9134,United States,2020,729779,Health Care,Biotechnology: Biological Products (No Diagnostic Substances)
PTGX,Protagonist Therapeutics Inc. Common Stock,$140.63,0.57,0.407%,9099,United States,2016,1274099,Health Care,Biotechnology: Pharmaceutical Preparations
ARWR,Arrowhead Pharmaceuticals Inc. Common Stock,$62.35,-1.84,-2.866%,8807,United States,,2249661,Health Care,Biotechnology: Pharmaceutical Preparations
CYTK,Cytokinetics Incorporated Common Stock,$62.70,-2.9,-4.421%,8716,United States,2004,3234520,Health Care,Biotechnology: Pharmaceutical Preparations
TGTX,TG Therapeutics Inc. Common Stock,$53.91,-0.38,-0.700%,8251,United States,,1546979,Health Care,Biotechnology: Pharmaceutical Preparations
SYRE,Spyre Therapeutics Inc. Common Stock,$92.72,-0.47,-0.504%,8175,United States,2016,642916,Health Care,Biotechnology: Pharmaceutical Preparations
ABVX,Abivax SA American Depositary Shares,$91.73,-1.15,-1.238%,8003,France,2023,840359,Health Care,Biotechnology: Pharmaceutical Preparations
PRAX,Praxis Precision Medicines Inc. Common Stock,$283.56,-11.95,-4.044%,7916,United States,2020,511408,Health Care,Biotechnology: Pharmaceutical Preparations
IONS,Ionis Pharmaceuticals Inc. Common Stock,$43.50,-0.04,-0.092%,7229,United States,,2871834,Health Care,Biotechnology: Pharmaceutical Preparations
ALKS,Alkermes plc Ordinary Shares,$42.76,1.01,2.419%,7173,Ireland,1991,3125322,Health Care,Biotechnology: Pharmaceutical Preparations
AMRX,Amneal Pharmaceuticals Inc. Class A Common Stock,$20.35,0.05,0.246%,7087,United States,,3909194,Health Care,Biotechnology: Pharmaceutical Preparations
IMVT,Immunovant Inc. Common Stock,$33.25,-0.37,-1.101%,6867,United States,2019,1104072,Health Care,Biotechnology: Biological Products (No Diagnostic Substances)
LNTH,Lantheus Holdings Inc. Common Stock,$100.19,0.23,0.230%,6539,United States,2015,659007,Health Care,Biotechnology: In Vitro & In Vivo Diagnostic Substances
BLTE,Belite Bio Inc American Depositary Shares,$159.18,-0.38,-0.238%,6410,United States,2022,133290,Health Care,Biotechnology: Pharmaceutical Preparations
IOVA,Iovance Biotherapeutics Inc. Common Stock,$14.15,-0.065,-0.457%,6409,United States,,11751942,Health Care,Biotechnology: Biological Products (No Diagnostic Substances)
RYTM,Rhythm Pharmaceuticals Inc. Common Stock,$92.45,-0.38,-0.409%,6365,United States,2017,1027296,Health Care,Biotechnology: Pharmaceutical Preparations
LGND,Ligand Pharmaceuticals Incorporated Common Stock,$306.77,3.81,1.258%,6115,United States,,163866,Health Care,Biotechnology: Pharmaceutical Preparations
CGON,CG Oncology Inc. Common stock,$68.71,1.33,1.974%,6090,United States,2024,788389,Health Care,Biotechnology: Biological Products (No Diagnostic Substances)
KNSA,Kiniksa Pharmaceuticals International plc Class A Ordinary Shares,$76.31,0.52,0.686%,5954,United States,2018,391564,Health Care,Biotechnology: Pharmaceutical Preparations
KOD,Kodiak Sciences Inc Common Stock,$93.81,-0.64,-0.678%,5895,United States,2018,3236141,Health Care,Biotechnology: Biological Products (No Diagnostic Substances)
ORKA,Oruka Therapeutics Inc. Common Stock,$84.38,-0.14,-0.166%,5586,United States,,629632,Health Care,Biotechnology: In Vitro & In Vivo Diagnostic Substances
CRSP,CRISPR Therapeutics AG Common Shares,$57.34,1.91,3.446%,5544,Switzerland,2016,1703099,Health Care,Biotechnology: Biological Products (No Diagnostic Substances)
TVTX,Travere Therapeutics Inc. Common Stock,$57.67,0.74,1.300%,5436,United States,,2644016,Health Care,Biotechnology: Pharmaceutical Preparations
COGT,Cogent Biosciences Inc. Common Stock,$30.87,-0.15,-0.484%,5356,United States,2018,1792920,Health Care,Biotechnology: Pharmaceutical Preparations
PTCT,PTC Therapeutics Inc. Common Stock,$63.65,0.19,0.299%,5312,United States,2013,1044053,Health Care,Biotechnology: Pharmaceutical Preparations
MIRM,Mirum Pharmaceuticals Inc. Common Stock,$81.43,-1.5,-1.809%,5287,United States,2019,980197,Health Care,Biotechnology: Pharmaceutical Preparations
SRRK,Scholar Rock Holding Corporation Common Stock,$43.40,-3.41,-7.285%,5285,United States,2018,3352073,Health Care,Biotechnology: Biological Products (No Diagnostic Substances)
ERAS,Erasca Inc. Common Stock,$14.72,-0.02,-0.136%,5148,United States,2021,5486399,Health Care,Biotechnology: Pharmaceutical Preparations
GRFS,Grifols S.A. American Depositary Shares,$7.41,0.1,1.368%,5094,Spain,,492775,Health Care,Biotechnology: Pharmaceutical Preparations
MANE,Veradermics Incorporated Common Stock,$118.87,2.11,1.807%,4966,United States,2026,536429,Health Care,Biotechnology: Pharmaceutical Preparations
GMAB,Genmab A/S ADS,$38.48,3.73,10.734%,4943,Denmark,2019,12403611,Health Care,Biotechnology: Pharmaceutical Preparations
DNTH,Dianthus Therapeutics Inc. Common Stock,$88.04,-0.17,-0.193%,4924,United States,2018,597449,Health Care,Biotechnology: Pharmaceutical Preparations
ADPT,Adaptive Biotechnologies Corporation Common Stock,$29.84,1.49,5.256%,4762,United States,2019,1425248,Health Care,Biotechnology: Biological Products (No Diagnostic Substances)
ABCL,AbCellera Biologics Inc. Common Shares,$13.78,0.04,0.291%,4463,Canada,2020,4075312,Health Care,Biotechnology: Pharmaceutical Preparations
EWTX,Edgewise Therapeutics Inc. Common Stock,$40.30,-1.1,-2.657%,4376,United States,2021,1633836,Health Care,Biotechnology: Pharmaceutical Preparations
RLAY,Relay Therapeutics Inc. Common Stock,$19.39,0.43,2.268%,4249,United States,2020,2936471,Health Care,Biotechnology: Biological Products (No Diagnostic Substances)
INDV,Indivior Pharmaceuticals Inc. Common Stock,$35.99,0.28,0.784%,4247,United Kingdom,,3003329,Health Care,Biotechnology: Pharmaceutical Preparations
TNGX,Tango Therapeutics Inc.,$23.08,-0.16,-0.688%,3891,United States,2020,1944050,Health Care,Biotechnology: Pharmaceutical Preparations
TLX,Telix Pharmaceuticals Limited American Depositary Shares,$10.88,0.33,3.128%,3685,Australia,,235307,Health Care,Biotechnology: Pharmaceutical Preparations
VKTX,Viking Therapeutics Inc. Common Stock,$29.28,-0.66,-2.204%,3680,United States,2015,6277360,Health Care,Biotechnology: Pharmaceutical Preparations
IDYA,IDEAYA Biosciences Inc. Common Stock,$38.06,0.7,1.874%,3672,United States,2019,658028,Health Care,Biotechnology: Pharmaceutical Preparations
LEGN,Legend Biotech Corporation American Depositary Shares,$18.77,0.205,1.104%,3651,United States,2020,1763333,Health Care,Biotechnology: Pharmaceutical Preparations
XENE,Xenon Pharmaceuticals Inc. Common Shares,$37.57,-0.45,-1.184%,3638,Canada,2014,1699073,Health Care,Biotechnology: Pharmaceutical Preparations
PBLS,Parabilis Medicines Inc. Common Stock,$29.53,-0.75,-2.477%,3601,United States,2026,572569,Health Care,Biotechnology: Pharmaceutical Preparations
OGN,Organon & Co. Common Stock ,$13.70,-0.02,-0.146%,3597,United States,2021,2881894,Health Care,Biotechnology: Pharmaceutical Preparations
AMLX,Amylyx Pharmaceuticals Inc. Common Stock,$27.78,-0.01,-0.036%,3485,United States,2022,941126,Health Care,Biotechnology: Pharmaceutical Preparations
TARS,Tarsus Pharmaceuticals Inc. Common Stock,$74.45,1.455,1.993%,3483,United States,2020,939637,Health Care,Biotechnology: Biological Products (No Diagnostic Substances)
ACAD,ACADIA Pharmaceuticals Inc. Common Stock,$20.11,0.16,0.802%,3465,United States,1985,3152422,Health Care,Biotechnology: Pharmaceutical Preparations
ELVN,Enliven Therapeutics Inc. Common Stock,$45.47,-1.5,-3.194%,3331,United States,2020,821531,Health Care,Biotechnology: Pharmaceutical Preparations
DNLI,Denali Therapeutics Inc. Common Stock,$19.91,-0.09,-0.450%,3182,United States,2017,1717749,Health Care,Biotechnology: Biological Products (No Diagnostic Substances)
ARQT,Arcutis Biotherapeutics Inc. Common Stock,$25.15,-0.01,-0.040%,3161,United States,2020,2310369,Health Care,Biotechnology: Pharmaceutical Preparations
RCUS,Arcus Biosciences Inc. Common Stock,$24.74,0.3,1.227%,3150,United States,2018,1390887,Health Care,Biotechnology: Pharmaceutical Preparations
DYN,Dyne Therapeutics Inc. Common Stock,$15.44,0.24,1.579%,2883,United States,2020,4377421,Health Care,Biotechnology: Pharmaceutical Preparations
ZLAB,Zai Lab Limited American Depositary Shares,$25.62,1.29,5.302%,2876,China,2017,787390,Health Care,Biotechnology: Pharmaceutical Preparations
NEOG,Neogen Corporation Common Stock,$13.01,0.86,7.078%,2837,United States,1989,5151852,Health Care,Biotechnology: In Vitro & In Vivo Diagnostic Substances
MBX,MBX Biosciences Inc. Common Stock,$58.54,0.03,0.051%,2819,United States,2024,583290,Health Care,Biotechnology: Pharmaceutical Preparations
PGEN,Precigen Inc. Common Stock,$7.74,-0.8,-9.368%,2771,United States,,10254205,Health Care,Biotechnology: Pharmaceutical Preparations
NAMS,NewAmsterdam Pharma Company N.V. Ordinary Shares,$22.80,-0.4,-1.724%,2725,Netherlands,,1182353,Health Care,Biotechnology: Pharmaceutical Preparations
BEAM,Beam Therapeutics Inc. Common Stock,$25.67,1.17,4.776%,2651,United States,2020,2002022,Health Care,Biotechnology: Biological Products (No Diagnostic Substances)
CLDX,Celldex Therapeutics Inc.,$32.59,0.94,2.970%,2559,United States,,1257902,Health Care,Biotechnology: In Vitro & In Vivo Diagnostic Substances
RXRX,Recursion Pharmaceuticals Inc. Class A Common Stock,$4.78,0.66,16.019%,2558,United States,2021,67279352,Health Care,Biotechnology: Biological Products (No Diagnostic Substances)
VCRE,Vicore Pharma Holding AB American Depositary Shares,$9.00,-0.33,-3.537%,2533,Sweden,,11879,Health Care,Biotechnology: Pharmaceutical Preparations
RVMDW,Revolution Medicines Inc. Warrant,$11.70,0.29,2.542%,2507,United States,,11310,Health Care,Biotechnology: Biological Products (No Diagnostic Substances)
HCM,HUTCHMED (China) Limited American Depositary Shares,$14.31,0.11,0.775%,2496,Hong Kong,2016,65137,Health Care,Biotechnology: Pharmaceutical Preparations
SUPN,Supernus Pharmaceuticals Inc. Common Stock,$42.76,0.38,0.897%,2485,United States,2012,1288412,Health Care,Biotechnology: Pharmaceutical Preparations
LQDA,Liquidia Corporation Common Stock,$27.64,-1,-3.492%,2474,United States,2018,7760121,Health Care,Biotechnology: Pharmaceutical Preparations
SDGR,Schrodinger Inc. Common Stock,$32.60,2.29,7.555%,2438,United States,2020,4619521,Health Care,Biotechnology: Pharmaceutical Preparations
IRON,Disc Medicine Inc. Common Stock,$63.33,-1.18,-1.829%,2431,United States,,456348,Health Care,Biotechnology: Pharmaceutical Preparations
IMNM,Immunome Inc. Common Stock,$21.17,0.27,1.292%,2404,United States,2020,1216251,Health Care,Biotechnology: Pharmaceutical Preparations
ALVO,Alvotech Ordinary Shares,$6.11,0.66,12.110%,2385,Luxembourg,,2899165,Health Care,Biotechnology: Biological Products (No Diagnostic Substances)
NRIX,Nurix Therapeutics Inc. Common stock,$22.88,-0.11,-0.478%,2374,United States,2020,1006551,Health Care,Biotechnology: Pharmaceutical Preparations
SLS,SELLAS Life Sciences Group Inc. Common Stock,$11.63,-0.11,-0.937%,2348,United States,,4514429,Health Care,Biotechnology: Pharmaceutical Preparations
HRMY,Harmony Biosciences Holdings Inc. Common Stock,$39.92,0.28,0.706%,2324,United States,2020,897976,Health Care,Biotechnology: Pharmaceutical Preparations
ADMA,ADMA Biologics Inc Common Stock,$10.11,0.39,4.012%,2264,United States,,3512459,Health Care,Biotechnology: Biological Products (No Diagnostic Substances)
MRVI,Maravai LifeSciences Holdings Inc. Class A Common Stock,$8.52,0.62,7.848%,2212,United States,2020,2630420,Health Care,Biotechnology: Pharmaceutical Preparations
BHC,Bausch Health Companies Inc. Common Stock,$5.89,0.09,1.552%,2202,Canada,,1473477,Health Care,Biotechnology: Pharmaceutical Preparations
PBH,Prestige Consumer Healthcare Inc. Common Stock,$45.60,0.34,0.751%,2160,United States,2005,604418,Health Care,Biotechnology: Pharmaceutical Preparations
VRDN,Viridian Therapeutics Inc. Common Stock,$19.00,-0.4,-2.062%,2152,United States,2014,2651222,Health Care,Biotechnology: Pharmaceutical Preparations
VERA,Vera Therapeutics Inc. Class A Common Stock,$29.83,-0.59,-1.940%,2149,United States,2021,2715191,Health Care,Biotechnology: Pharmaceutical Preparations
PHVS,Pharvaris N.V. Ordinary Shares,$30.49,-0.7,-2.244%,2124,Netherlands,2021,816616,Health Care,Biotechnology: Pharmaceutical Preparations
VCEL,Vericel Corporation Common Stock,$41.07,0.92,2.291%,2103,United States,,648611,Health Care,Biotechnology: Biological Products (No Diagnostic Substances)
AUPH,Aurinia Pharmaceuticals Inc Ordinary Shares,$15.72,-0.11,-0.695%,2091,Canada,,802894,Health Care,Biotechnology: Pharmaceutical Preparations
URGN,UroGen Pharma Ltd. Ordinary Shares,$42.78,1.38,3.333%,2091,Israel,2017,1276554,Health Care,Biotechnology: Pharmaceutical Preparations
NVAX,Novavax Inc. Common Stock,$12.56,2.1,20.076%,2071,United States,,28701898,Health Care,Biotechnology: Biological Products (No Diagnostic Substances)
BCRX,BioCryst Pharmaceuticals Inc. Common Stock,$8.10,-0.07,-0.857%,2069,United States,1994,4712469,Health Care,Biotechnology: Biological Products (No Diagnostic Substances)
MLYS,Mineralys Therapeutics Inc. Common Stock,$23.30,-0.33,-1.397%,2059,United States,2023,1079169,Health Care,Biotechnology: Pharmaceutical Preparations
ADRX,ADARx Pharmaceuticals Inc. Common Stock,$19.05,0.8,4.384%,2034,United States,2026,913980,Health Care,Biotechnology: Pharmaceutical Preparations
PRGO,Perrigo Company plc Ordinary Shares,$14.44,0.18,1.262%,2003,United States,,1878476,Health Care,Biotechnology: Pharmaceutical Preparations
VIR,Vir Biotechnology Inc. Common Stock,$11.78,0.61,5.461%,1993,United States,2019,3147287,Health Care,Biotechnology: Biological Products (No Diagnostic Substances)
GPCR,Structure Therapeutics Inc. American Depositary Shares,$27.59,-0.08,-0.289%,1967,United States,2023,1868374,Health Care,Biotechnology: Pharmaceutical Preparations
BHVN,Biohaven Ltd. Common Shares ,$12.97,0.1,0.777%,1959,United States,2022,1671767,Health Care,Biotechnology: Pharmaceutical Preparations
TRVI,Trevi Therapeutics Inc. Common Stock,$13.72,-0.19,-1.366%,1954,United States,2019,1719337,Health Care,Biotechnology: Pharmaceutical Preparations
LKFT,Lakefront Biotherapeutics American Depositary Shares,$29.51,0.14,0.477%,1944,Belgium,2015,439666,Health Care,Biotechnology: Pharmaceutical Preparations
BRVE,Braveheart Bio Inc. Common Stock,$21.35,0.08,0.376%,1922,United States,2026,888982,Health Care,Biotechnology: Pharmaceutical Preparations
XNCR,Xencor Inc. Common Stock,$25.63,0.79,3.180%,1905,United States,2013,1276677,Health Care,Biotechnology: Pharmaceutical Preparations
PVLA,Palvella Therapeutics Inc. Common Stock,$132.16,-0.31,-0.234%,1904,United States,,142892,Health Care,Biotechnology: Pharmaceutical Preparations
AGIO,Agios Pharmaceuticals Inc. Common Stock,$31.25,-0.55,-1.730%,1865,United States,2013,808749,Health Care,Biotechnology: Pharmaceutical Preparations
ZYME,Zymeworks Inc. Common Stock,$26.21,1.06,4.215%,1859,United States,,1036977,Health Care,Biotechnology: Pharmaceutical Preparations
MESO,Mesoblast Limited American Depositary Shares,$14.22,0.14,0.994%,1849,Australia,2015,181088,Health Care,Biotechnology: Biological Products (No Diagnostic Substances)
SRPT,Sarepta Therapeutics Inc. Common Stock (DE),$17.49,-0.01,-0.057%,1847,United States,,2198733,Health Care,Biotechnology: Pharmaceutical Preparations
XERS,Xeris Biopharma Holdings Inc. Common Stock,$10.13,1.05,11.564%,1846,United States,2018,4664855,Health Care,Biotechnology: Pharmaceutical Preparations
ZBIO,Zenas BioPharma Inc. Common Stock,$27.83,-0.465,-1.643%,1813,United States,2024,1131933,Health Care,Biotechnology: Pharmaceutical Preparations
NTLA,Intellia Therapeutics Inc. Common Stock,$12.75,0.49,3.997%,1786,United States,2016,4967735,Health Care,Biotechnology: In Vitro & In Vivo Diagnostic Substances
GENB,Generate Biomedicines Inc. Common Stock,$13.91,0.22,1.607%,1785,United States,2026,1120083,Health Care,Biotechnology: Pharmaceutical Preparations
SEPN,Septerna Inc. Common Stock,$37.87,0.16,0.424%,1767,United States,2024,266690,Health Care,Biotechnology: Pharmaceutical Preparations
NUVB,Nuvation Bio Inc. Class A Common Stock,$4.95,-0.19,-3.696%,1738,United States,2020,9965695,Health Care,Biotechnology: Pharmaceutical Preparations
ANIP,ANI Pharmaceuticals Inc.,$72.58,0.4,0.554%,1666,United States,,346893,Health Care,Biotechnology: Pharmaceutical Preparations
STOK,Stoke Therapeutics Inc. Common Stock,$25.32,-0.3,-1.171%,1633,United States,2019,928450,Health Care,Biotechnology: Pharmaceutical Preparations
CMPS,COMPASS Pathways Plc American Depository Shares,$11.60,-0.3,-2.521%,1606,United Kingdom,2020,3772976,Health Care,Biotechnology: Pharmaceutical Preparations
OCUL,Ocular Therapeutix Inc. Common Stock,$7.25,0.29,4.167%,1592,United States,2014,5620088,Health Care,Biotechnology: Pharmaceutical Preparations
SNDX,Syndax Pharmaceuticals Inc. Common Stock,$17.83,0.23,1.307%,1592,United States,2016,1460080,Health Care,Biotechnology: Pharmaceutical Preparations
ETON,Eton Pharmaceuticals Inc. Common Stock,$55.62,0.26,0.470%,1589,United States,2018,405554,Health Care,Biotechnology: Pharmaceutical Preparations
QURE,uniQure N.V. Ordinary Shares,$22.80,-0.66,-2.813%,1581,Netherlands,2014,3042109,Health Care,Biotechnology: Pharmaceutical Preparations
RAPP,Rapport Therapeutics Inc. Common Stock,$32.19,0.02,0.062%,1544,United States,2024,198895,Health Care,Biotechnology: Pharmaceutical Preparations
IMCR,Immunocore Holdings plc American Depositary Shares,$29.59,-0.12,-0.404%,1523,United Kingdom,2021,329460,Health Care,Biotechnology: Biological Products (No Diagnostic Substances)
GHRS,GH Research PLC Ordinary Shares,$22.17,-0.77,-3.357%,1519,Ireland,2021,207004,Health Care,Biotechnology: Pharmaceutical Preparations
PAHC,Phibro Animal Health Corporation Class A Common Stock,$37.19,-0.05,-0.134%,1509,United States,2014,280066,Health Care,Biotechnology: Pharmaceutical Preparations
INVA,Innoviva Inc. Common Stock,$20.64,0.14,0.683%,1491,United States,2004,993422,Health Care,Biotechnology: Pharmaceutical Preparations
MAZE,Maze Therapeutics Inc. Common Stock,$26.43,0,0.000%,1468,United States,2025,588037,Health Care,Biotechnology: Biological Products (No Diagnostic Substances)
TSHA,Taysha Gene Therapies Inc. Common Stock,$4.49,-0.14,-3.024%,1462,United States,2020,4975384,Health Care,Biotechnology: Biological Products (No Diagnostic Substances)
ANAB,AnaptysBio Inc. Common Stock,$49.20,0.67,1.381%,1456,United States,2017,595583,Health Care,Biotechnology: Pharmaceutical Preparations
NKTR,Nektar Therapeutics  Common Stock,$42.22,-1.36,-3.121%,1441,United States,,2029493,Health Care,Biotechnology: Pharmaceutical Preparations
TYRA,Tyra Biosciences Inc. Common Stock,$20.93,0.5,2.447%,1439,United States,2021,614386,Health Care,Biotechnology: Pharmaceutical Preparations
NAMSW,NewAmsterdam Pharma Company N.V. Warrant,$12.00,-0.65,-5.138%,1434,Netherlands,,215,Health Care,Biotechnology: Pharmaceutical Preparations
RARE,Ultragenyx Pharmaceutical Inc. Common Stock,$14.50,-0.72,-4.731%,1429,United States,2014,4656780,Health Care,Biotechnology: Pharmaceutical Preparations
COAG,Hemab Therapeutics Holdings Inc. Common Stock,$30.59,-0.52,-1.671%,1428,United States,2026,294554,Health Care,Biotechnology: Biological Products (No Diagnostic Substances)
KARD,Kardigan Inc. Common Stock,$15.24,0.45,3.043%,1424,United States,2026,380874,Health Care,Biotechnology: Pharmaceutical Preparations
KLRA,Kailera Therapeutics Inc. Common Stock,$10.84,0.45,4.331%,1405,United States,2026,1811925,Health Care,Biotechnology: Pharmaceutical Preparations
AVBP,ArriVent BioPharma Inc. Common Stock,$28.46,0.19,0.672%,1403,United States,2024,494774,Health Care,Biotechnology: Pharmaceutical Preparations
KRSA,Korsana Biosciences Inc. Common Stock,$30.72,0.23,0.754%,1399,United States,,104285,Health Care,Biotechnology: Pharmaceutical Preparations
INBX,Inhibrx Biosciences Inc. Common Stock,$94.56,-2.43,-2.505%,1391,United States,,207140,Health Care,Biotechnology: Biological Products (No Diagnostic Substances)
OMER,Omeros Corporation Common Stock,$18.90,0.29,1.558%,1368,United States,2009,1068218,Health Care,Biotechnology: Pharmaceutical Preparations
AAPG,Ascentage Pharma Group International American Depository Shares,$14.61,-0.76,-4.946%,1363,China,2025,3601,Health Care,Biotechnology: Pharmaceutical Preparations
ORIC,Oric Pharmaceuticals Inc. Common Stock,$12.49,0.285,2.335%,1294,United States,2020,1395783,Health Care,Biotechnology: Pharmaceutical Preparations
NBTX,Nanobiotix S.A. American Depositary Shares,$25.10,-0.65,-2.524%,1275,France,2020,194261,Health Care,Biotechnology: Pharmaceutical Preparations
DMRA,Damora Therapeutics Inc. Ordinary Shares,$20.22,-0.43,-2.082%,1248,Denmark,2020,556068,Health Care,Biotechnology: Pharmaceutical Preparations
REPL,Replimune Group Inc. Common Stock,$13.15,0.08,0.612%,1238,United States,2018,2276012,Health Care,Biotechnology: Biological Products (No Diagnostic Substances)
MNKD,MannKind Corporation Common Stock,$3.82,0.02,0.526%,1228,United States,2004,2876376,Health Care,Biotechnology: Pharmaceutical Preparations
AVLN,Avalyn Pharma Inc. Common Stock,$27.03,-1.1,-3.910%,1198,United States,2026,427282,Health Care,Biotechnology: Pharmaceutical Preparations
TRAX,First Tracks Biotherapeutics Inc. Ordinary Shares ,$32.99,-0.29,-0.871%,1178,United States,,667843,Health Care,Biotechnology: Pharmaceutical Preparations
OPK,OPKO Health Inc. Common Stock,$1.57,0.01,0.641%,1171,United States,,1645123,Health Care,Biotechnology: Pharmaceutical Preparations
IMTX,Immatics N.V. Ordinary Shares,$7.73,0.14,1.845%,1156,Germany,,554208,Health Care,Biotechnology: Biological Products (No Diagnostic Substances)
HROW,Harrow Inc. Common Stock,$30.58,0.1,0.328%,1146,United States,,587388,Health Care,Biotechnology: Pharmaceutical Preparations
BCAX,Bicara Therapeutics Inc. Common Stock,$17.29,-0.34,-1.929%,1144,United States,2024,640763,Health Care,Biotechnology: Pharmaceutical Preparations
LBRX,LB Pharmaceuticals Inc Common Stock,$34.62,-2.37,-6.407%,1116,United States,2025,494513,Health Care,Biotechnology: Pharmaceutical Preparations
LTGO,Latigo Biotherapeutics Inc. Common Stock,$16.63,0.73,4.591%,1102,United States,2026,590013,Health Care,Biotechnology: Pharmaceutical Preparations
VOR,Vor Biopharma Inc. Common Stock,$18.58,-0.11,-0.589%,1099,United States,2021,648619,Health Care,Biotechnology: Biological Products (No Diagnostic Substances)
AMPH,Amphastar Pharmaceuticals Inc. Common Stock,$25.37,-0.06,-0.236%,1079,United States,2014,454569,Health Care,Biotechnology: Pharmaceutical Preparations
MGTX,MeiraGTx Holdings plc Ordinary Shares,$10.92,0.13,1.205%,1048,United States,2018,941711,Health Care,Biotechnology: Biological Products (No Diagnostic Substances)
CGEM,Cullinan Therapeutics Inc. Common Stock,$16.04,0.53,3.417%,1032,United States,2021,1082993,Health Care,Biotechnology: Biological Products (No Diagnostic Substances)
AKTS,Aktis Oncology Inc. Common stock,$18.52,0,0.000%,1030,United States,2026,282993,Health Care,Biotechnology: Pharmaceutical Preparations
JANX,Janux Therapeutics Inc. Common Stock,$16.54,-0.39,-2.304%,1011,United States,2021,533766,Health Care,Biotechnology: Pharmaceutical Preparations
ODTX,Odyssey Therapeutics Inc. Common Stock,$20.84,0.115,0.555%,1001,United States,2026,171792,Health Care,Biotechnology: Biological Products (No Diagnostic Substances)
PCRX,Pacira BioSciences Inc. Common Stock,$25.05,-0.16,-0.635%,998,United States,2011,560273,Health Care,Biotechnology: Pharmaceutical Preparations
SPTX,Seaport Therapeutics Inc. Common Stock,$18.50,0.08,0.434%,990,United States,2026,172585,Health Care,Biotechnology: Pharmaceutical Preparations
SVRA,Savara Inc. Common Stock,$4.78,-0.03,-0.624%,982,United States,,2862750,Health Care,Biotechnology: Pharmaceutical Preparations
ANL,Adlai Nortye Group Ltd. American Depositary Shares,$15.04,-0.05,-0.331%,968,Cayman Islands,2023,460590,Health Care,Biotechnology: Pharmaceutical Preparations
MLTX,MoonLake Immunotherapeutics Class A Ordinary Shares,$11.38,-0.03,-0.263%,968,United States,2020,1867402,Health Care,Biotechnology: Pharmaceutical Preparations
DNA,Ginkgo Bioworks Holdings Inc. Class A Common Stock,$14.98,2.63,21.296%,963,United States,2021,7690911,Health Care,Biotechnology: Biological Products (No Diagnostic Substances)
KURA,Kura Oncology Inc. Common Stock,$10.62,-0.03,-0.282%,944,United States,,1295017,Health Care,Biotechnology: Pharmaceutical Preparations
ANRO,Alto Neuroscience Inc. Common Stock,$24.01,-0.79,-3.185%,942,United States,2024,550316,Health Care,Biotechnology: Pharmaceutical Preparations
ABUS,Arbutus Biopharma Corporation Common Stock,$4.67,0.22,4.944%,923,Canada,,6183093,Health Care,Biotechnology: Pharmaceutical Preparations
CYRX,CryoPort Inc. Common Stock,$18.14,0.71,4.073%,918,United States,,1054736,Health Care,Biotechnology: Pharmaceutical Preparations
APMD,Apnimed Inc. Common Stock,$21.75,0.24,1.116%,905,United States,2026,340331,Health Care,Biotechnology: Pharmaceutical Preparations
CRVS,Corvus Pharmaceuticals Inc. Common Stock,$10.74,-0.16,-1.468%,903,United States,2016,825484,Health Care,Biotechnology: Pharmaceutical Preparations
JBIO,Jade Biosciences Inc. Common Stock,$14.07,-0.05,-0.354%,894,United States,2021,607078,Health Care,Biotechnology: Pharmaceutical Preparations
RIGL,Rigel Pharmaceuticals Inc. Common Stock,$47.79,0.64,1.357%,892,United States,2000,391671,Health Care,Biotechnology: Pharmaceutical Preparations
SLBT,SL Science Holding Limited Ordinary Shares,$1.59,0.02,1.274%,891,Taiwan,,80875,Health Care,Biotechnology: Biological Products (No Diagnostic Substances)
ALMS,Alumis Inc. Common Stock,$6.84,-0.01,-0.146%,885,United States,2024,3871962,Health Care,Biotechnology: Pharmaceutical Preparations
GLUE,Monte Rosa Therapeutics Inc. Common Stock,$10.27,-0.23,-2.190%,876,United States,2021,1749282,Health Care,Biotechnology: Biological Products (No Diagnostic Substances)
SANA,Sana Biotechnology Inc. Common Stock,$2.88,-0.01,-0.346%,862,United States,2021,5394115,Health Care,Biotechnology: Biological Products (No Diagnostic Substances)
OBX,Obsidian Therapeutics Inc. Common Stock,$13.84,0.25,1.840%,854,United States,,199196,Health Care,Biotechnology: Pharmaceutical Preparations
ARDX,Ardelyx Inc. Common Stock,$3.39,0.05,1.497%,844,United States,2014,4253074,Health Care,Biotechnology: Pharmaceutical Preparations
IMMX,Immix Biopharma Inc. Common Stock,$10.13,0.45,4.649%,839,United States,2021,1597527,Health Care,Biotechnology: Pharmaceutical Preparations
HELP,Helus Pharma Inc. Common Stock,$11.42,-0.28,-2.393%,834,Canada,,1325424,Health Care,Biotechnology: Pharmaceutical Preparations
QDEL,QuidelOrtho Corporation Common Stock,$12.14,1.37,12.721%,832,United States,,2693243,Health Care,Biotechnology: In Vitro & In Vivo Diagnostic Substances
IVA,Inventiva S.A. American Depository Shares,$3.48,-0.08,-2.247%,822,France,2020,1701589,Health Care,Biotechnology: Pharmaceutical Preparations
ATTO,Attovia Therapeutics Inc. Common Stock,$18.00,0.825,4.805%,821,United States,2026,455966,Health Care,Biotechnology: Biological Products (No Diagnostic Substances)
GYRE,Gyre Therapeutics Inc. Common Stock,$7.35,0.24,3.376%,819,United States,2006,181471,Health Care,Biotechnology: Pharmaceutical Preparations
ANNX,Annexon Inc. Common Stock,$4.20,0.01,0.239%,796,United States,2020,3448862,Health Care,Biotechnology: Pharmaceutical Preparations
AVTX,Avalo Therapeutics Inc. Common Stock,$14.60,-0.39,-2.602%,782,United States,2015,736850,Health Care,Biotechnology: Pharmaceutical Preparations
CADL,Candel Therapeutics Inc. Common Stock,$10.23,0.05,0.491%,782,United States,2021,980913,Health Care,Biotechnology: Biological Products (No Diagnostic Substances)
GERN,Geron Corporation Common Stock,$1.21,0.01,0.833%,777,United States,1996,6366767,Health Care,Biotechnology: Pharmaceutical Preparations
DSGN,Design Therapeutics Inc. Common Stock,$12.42,0.08,0.648%,777,United States,2021,680786,Health Care,Biotechnology: Pharmaceutical Preparations
LXRX,Lexicon Pharmaceuticals Inc. Common Stock,$1.74,-0.08,-4.396%,774,United States,,2716420,Health Care,Biotechnology: Pharmaceutical Preparations
SLDB,Solid Biosciences Inc. Common Stock,$7.06,0.21,3.066%,757,United States,2018,1372190,Health Care,Biotechnology: Biological Products (No Diagnostic Substances)
WVE,Wave Life Sciences Inc. Common Stock,$3.75,-0.03,-0.794%,738,Singapore,2015,3514929,Health Care,Biotechnology: Pharmaceutical Preparations
VSTM,Verastem Inc. Common Stock,$8.00,0.3,3.896%,724,United States,2012,2217169,Health Care,Biotechnology: Pharmaceutical Preparations
OLMA,Olema Pharmaceuticals Inc. Common Stock,$8.25,0.025,0.304%,721,United States,2020,1006148,Health Care,Biotechnology: Pharmaceutical Preparations
ACHV,Achieve Life Sciences Inc. Common Shares,$7.01,-0.23,-3.177%,721,United States,,1704601,Health Care,Biotechnology: In Vitro & In Vivo Diagnostic Substances
FDMT,4D Molecular Therapeutics Inc. Common Stock,$12.92,-0.75,-5.486%,713,United States,2020,2110626,Health Care,Biotechnology: Biological Products (No Diagnostic Substances)
COLL,Collegium Pharmaceutical Inc. Common Stock,$21.87,-0.15,-0.681%,711,United States,2015,975404,Health Care,Biotechnology: Pharmaceutical Preparations
FTH,Faeth Therapeutics Inc. Common Stock,$27.10,-1.25,-4.409%,700,United States,2021,412856,Health Care,Biotechnology: Pharmaceutical Preparations
NVCT,Nuvectis Pharma Inc. Common Stock,$21.39,-0.53,-2.418%,697,United States,2022,194291,Health Care,Biotechnology: Pharmaceutical Preparations
NNNN,Anbio Biotechnology Class A Ordinary Shares,$4.83,-0.72,-12.973%,694,Germany,2025,108944,Health Care,Biotechnology: In Vitro & In Vivo Diagnostic Substances
PHAR,Pharming Group N.V. ADS each representing 10 ordinary shares,$9.80,0.05,0.513%,692,Netherlands,,10822,Health Care,Biotechnology: Pharmaceutical Preparations
STTK,Shattuck Labs Inc. Common Stock,$6.50,-0.23,-3.418%,652,United States,2020,1239363,Health Care,Biotechnology: Pharmaceutical Preparations
AURA,Aura Biosciences Inc. Common Stock,$6.22,0.13,2.135%,645,United States,2021,589829,Health Care,Biotechnology: Biological Products (No Diagnostic Substances)
SGMT,Sagimet Biosciences Inc. Series A Common Stock,$9.03,-0.11,-1.204%,636,United States,2023,1528765,Health Care,Biotechnology: Pharmaceutical Preparations
ZVRA,Zevra Therapeutics Inc. Common Stock,$10.70,0.71,7.107%,635,United States,,1977811,Health Care,Biotechnology: Pharmaceutical Preparations
CLYM,Climb Bio Inc. Common Stock,$11.05,0.11,1.005%,634,United States,2021,1206434,Health Care,Biotechnology: Pharmaceutical Preparations
BLSM,BlossomHill Therapeutics Inc. Common Stock,$19.94,0.25,1.270%,633,United States,2026,201562,Health Care,Biotechnology: Pharmaceutical Preparations
SLN,Silence Therapeutics Plc American Depository Share,$10.14,-0.5,-4.699%,630,United Kingdom,,976315,Health Care,Biotechnology: Pharmaceutical Preparations
ACRS,Aclaris Therapeutics Inc. Common Stock,$4.27,-0.12,-2.733%,628,United States,2015,7015548,Health Care,Biotechnology: Pharmaceutical Preparations
DBVT,DBV Technologies S.A. American Depositary Shares,$10.44,-0.11,-1.043%,617,France,2014,224458,Health Care,Biotechnology: Biological Products (No Diagnostic Substances)
ETRA,Electra Therapeutics Inc. Common stock,$9.74,-0.63,-6.075%,611,United States,2026,334456,Health Care,Biotechnology: Biological Products (No Diagnostic Substances)
FBIOP,Fortress Biotech Inc. 9.375% Series A Cumulative Redeemable Perpetual Preferred Stock,$18.10,1.24,7.355%,603,United States,,30169,Health Care,Biotechnology: Pharmaceutical Preparations
IRWD,Ironwood Pharmaceuticals Inc. Class A Common Stock,$3.65,0.01,0.275%,603,United States,2010,2227120,Health Care,Biotechnology: Pharmaceutical Preparations
MPLT,MapLight Therapeutics Inc. Common Stock,$9.28,-0.545,-5.550%,600,United States,2025,262153,Health Care,Biotechnology: Pharmaceutical Preparations
EVO,Evotec SE American Depositary Shares,$1.66,0.06,3.750%,590,Germany,2021,341980,Health Care,Biotechnology: Pharmaceutical Preparations
PRME,Prime Medicine Inc. Common Stock,$3.21,0.23,7.718%,582,United States,2022,4716953,Health Care,Biotechnology: Biological Products (No Diagnostic Substances)
AQST,Aquestive Therapeutics Inc. Common Stock,$4.57,0.02,0.440%,573,United States,2018,1092987,Health Care,Biotechnology: Pharmaceutical Preparations
CRMD,CorMedix Inc. Common Stock,$7.26,0.07,0.974%,565,United States,,1257362,Health Care,Biotechnology: Pharmaceutical Preparations
CTMX,CytomX Therapeutics Inc. Common Stock,$2.58,0.02,0.781%,562,United States,2015,1767328,Health Care,Biotechnology: Pharmaceutical Preparations
VALN,Valneva SE American Depositary Shares,$5.82,0.075,1.307%,551,France,2021,69385,Health Care,Biotechnology: Biological Products (No Diagnostic Substances)
PHAT,Phathom Pharmaceuticals Inc. Common Stock,$6.70,-0.22,-3.179%,542,United States,2019,1104749,Health Care,Biotechnology: Pharmaceutical Preparations
NGNE,Neurogene Inc. Common Stock ,$26.47,0.82,3.197%,529,Canada,2014,211789,Health Care,Biotechnology: Pharmaceutical Preparations
OCS,Oculis Holding AG Ordinary shares,$8.56,-0.17,-1.947%,527,Switzerland,,242013,Health Care,Biotechnology: Pharmaceutical Preparations
MNPR,Monopar Therapeutics Inc. Common Stock,$78.29,0.32,0.410%,525,United States,2019,128274,Health Care,Biotechnology: Pharmaceutical Preparations
ALT,Altimmune Inc. Common Stock,$2.67,-0.065,-2.377%,519,United States,,3839581,Health Care,Biotechnology: Pharmaceutical Preparations
ALLO,Allogene Therapeutics Inc. Common Stock,$1.50,0,0.000%,518,United States,2018,4443340,Health Care,Biotechnology: Biological Products (No Diagnostic Substances)
CBIO,Crescent Biopharma Inc. Common Stock,$13.94,-0.38,-2.654%,517,United States,2014,187020,Health Care,Biotechnology: Pharmaceutical Preparations
RGNX,REGENXBIO Inc. Common Stock,$7.76,0.33,4.441%,512,United States,2015,2353649,Health Care,Biotechnology: Biological Products (No Diagnostic Substances)
PBYI,Puma Biotechnology Inc Common Stock,$9.67,0.16,1.682%,499,United States,,297659,Health Care,Biotechnology: Pharmaceutical Preparations
EOLS,Evolus Inc. Common Stock,$7.47,0.33,4.622%,493,United States,2018,786447,Health Care,Biotechnology: Pharmaceutical Preparations
DRUG,Bright Minds Biosciences Inc. Common Stock,$49.79,-0.9,-1.775%,488,Canada,,55972,Health Care,Biotechnology: Pharmaceutical Preparations
ARVN,Arvinas Inc. Common Stock,$7.46,0.05,0.675%,487,United States,2018,628608,Health Care,Biotechnology: Pharmaceutical Preparations
AUTL,Autolus Therapeutics plc American Depositary Share,$1.83,0.05,2.809%,487,United Kingdom,2018,2521540,Health Care,Biotechnology: Biological Products (No Diagnostic Substances)
TKNO,Alpha Teknova Inc. Common Stock,$9.00,0.01,0.111%,483,United States,2021,480139,Health Care,Biotechnology: In Vitro & In Vivo Diagnostic Substances
CTNM,Contineum Therapeutics Inc. Class A Common Stock,$12.72,-0.4,-3.049%,478,United States,2024,508404,Health Care,Biotechnology: Pharmaceutical Preparations
PROK,ProKidney Corp. Class A Ordinary Shares,$1.58,-0.14,-8.140%,477,United States,2021,985944,Health Care,Biotechnology: Biological Products (No Diagnostic Substances)
ASMB,Assembly Biosciences Inc. Common Stock,$22.74,0.2,0.887%,462,United States,2010,241761,Health Care,Biotechnology: Pharmaceutical Preparations
KMDA,Kamada Ltd. Ordinary Shares,$8.00,-0.31,-3.730%,461,Israel,2013,137528,Health Care,Biotechnology: Pharmaceutical Preparations
OVID,Ovid Therapeutics Inc. Common Stock,$2.34,-0.04,-1.681%,456,United States,2017,1200117,Health Care,Biotechnology: Pharmaceutical Preparations
ENTX,Entera Bio Ltd. Ordinary Shares,$2.62,-0.24,-8.392%,455,Israel,2018,1254996,Health Care,Biotechnology: Biological Products (No Diagnostic Substances)
DMAC,DiaMedica Therapeutics Inc. Common Stock,$8.42,0.19,2.309%,454,United States,2018,231393,Health Care,Biotechnology: Pharmaceutical Preparations
CAPR,Capricor Therapeutics Inc. Common Stock,$7.78,-1.17,-13.073%,452,United States,,6772021,Health Care,Biotechnology: Pharmaceutical Preparations
TECX,Tectonic Therapeutic Inc. Common Stock,$23.11,0.57,2.529%,451,United States,2018,312668,Health Care,Biotechnology: Biological Products (No Diagnostic Substances)
MYGN,Myriad Genetics Inc. Common Stock,$4.58,0.04,0.881%,438,United States,1995,2759940,Health Care,Biotechnology: In Vitro & In Vivo Diagnostic Substances
EDIT,Editas Medicine Inc. Common Stock,$2.79,0.17,6.489%,428,United States,2016,3019236,Health Care,Biotechnology: Biological Products (No Diagnostic Substances)
AGMB,AgomAb Therapeutics NV American Depositary Shares,$8.69,0.13,1.519%,427,Belgium,2026,129814,Health Care,Biotechnology: Biological Products (No Diagnostic Substances)
SPRY,ARS Pharmaceuticals Inc. Common Stock,$4.29,0.22,5.405%,426,United States,2020,1621634,Health Care,Biotechnology: Pharmaceutical Preparations
PRTA,Prothena Corporation plc Ordinary Shares,$8.27,-0.09,-1.077%,424,United States,,714541,Health Care,Biotechnology: Pharmaceutical Preparations
RZLT,Rezolute Inc. Common Stock (NV),$4.33,0.32,7.980%,418,United States,,4197572,Health Care,Biotechnology: Pharmaceutical Preparations
ARCT,Arcturus Therapeutics Holdings Inc. Common Stock,$14.66,1.63,12.510%,416,Israel,2013,1316552,Health Care,Biotechnology: Pharmaceutical Preparations
AVIR,Atea Pharmaceuticals Inc. Common Stock,$5.13,0,0.000%,411,United States,2020,293617,Health Care,Biotechnology: Pharmaceutical Preparations
EIKN,Eikon Therapeutics Inc. Common Stock,$7.54,0.21,2.865%,408,United States,2026,485367,Health Care,Biotechnology: Biological Products (No Diagnostic Substances)
AGEN,Agenus Inc. Common Stock,$8.73,0.37,4.426%,394,United States,2000,956492,Health Care,Biotechnology: Biological Products (No Diagnostic Substances)
KYTX,Kyverna Therapeutics Inc. Common Stock,$6.32,0.1,1.608%,390,United States,2024,813501,Health Care,Biotechnology: Biological Products (No Diagnostic Substances)
GALT,Galectin Therapeutics Inc. Common Stock,$3.73,-0.17,-4.359%,376,United States,,280848,Health Care,Biotechnology: Pharmaceutical Preparations
ZURA,Zura Bio Limited Class A Ordinary Shares,$3.93,-0.18,-4.380%,376,Cayman Islands,,2651703,Health Care,Biotechnology: Biological Products (No Diagnostic Substances)
FENC,Fennec Pharmaceuticals Inc. Common Stock,$10.62,0.42,4.118%,372,United States,,118034,Health Care,Biotechnology: Biological Products (No Diagnostic Substances)
EBS,Emergent BioSolutions Inc. Common Stock,$7.24,0.91,14.376%,371,United States,2006,2347665,Health Care,Biotechnology: Pharmaceutical Preparations
RLMD,Relmada Therapeutics Inc. Common Stock,$3.48,-0.12,-3.333%,371,United States,,1282555,Health Care,Biotechnology: Pharmaceutical Preparations
TTRX,Turn Therapeutics Inc. Common Stock,$12.36,-0.97,-7.277%,368,United States,,111354,Health Care,Biotechnology: Pharmaceutical Preparations
CCCC,C4 Therapeutics Inc. Common Stock,$2.99,0.04,1.356%,367,United States,2020,1463604,Health Care,Biotechnology: Biological Products (No Diagnostic Substances)
ENTA,Enanta Pharmaceuticals Inc. Common Stock,$12.60,-0.36,-2.778%,366,United States,2013,218891,Health Care,Biotechnology: Pharmaceutical Preparations
IRD,Opus Genetics Inc. Common Stock,$4.38,-0.2,-4.367%,364,United States,,2537874,Health Care,Biotechnology: Pharmaceutical Preparations
OCGN,Ocugen Inc. Common Stock,$1.04,0.02,1.961%,352,United States,2014,5495798,Health Care,Biotechnology: Biological Products (No Diagnostic Substances)
CABA,Cabaletta Bio Inc. Common Stock,$2.08,0.08,4.000%,352,United States,2019,5407247,Health Care,Biotechnology: Biological Products (No Diagnostic Substances)
ARTV,Artiva Biotherapeutics Inc. Common Stock,$7.13,0.3,4.392%,348,United States,2024,473212,Health Care,Biotechnology: Biological Products (No Diagnostic Substances)
SRZN,Surrozen Inc. Common Stock,$29.13,-0.19,-0.648%,342,United States,,439219,Health Care,Biotechnology: Biological Products (No Diagnostic Substances)
CYPH,Cypherpunk Technologies Inc. Common Stock,$3.17,0.14,4.620%,341,United States,,14389935,Health Care,Biotechnology: Pharmaceutical Preparations
INDP,Indaptus Therapeutics Inc. Common Stock,$2.51,0.13,5.462%,334,United States,,361501,Health Care,Biotechnology: Pharmaceutical Preparations
BNTC,Benitec Biopharma Inc. Common Stock,$9.23,0.25,2.784%,321,United States,2015,584258,Health Care,Biotechnology: Pharmaceutical Preparations
SCTX,Scribe Therapeutics Inc. Common Stock,$16.21,-0.58,-3.454%,306,United States,2026,1107830,Health Care,Biotechnology: Biological Products (No Diagnostic Substances)
PRLD,Prelude Therapeutics Incorporated Common Stock,$3.77,0.1,2.725%,300,United States,2020,325285,Health Care,Biotechnology: Pharmaceutical Preparations
LRMR,Larimar Therapeutics Inc. Common Stock,$2.86,-0.1,-3.378%,297,United States,2014,886159,Health Care,Biotechnology: Pharmaceutical Preparations
CATX,Perspective Therapeutics Inc. Common Stock,$2.57,-0.19,-6.884%,293,United States,,3560793,Health Care,Biotechnology: Pharmaceutical Preparations
ABEO,Abeona Therapeutics Inc. Common Stock,$5.11,0.08,1.590%,292,United States,,1403683,Health Care,Biotechnology: Pharmaceutical Preparations
BIOA,BioAge Labs Inc. Common Stock,$6.36,-0.25,-3.782%,291,United States,2024,783375,Health Care,Biotechnology: Pharmaceutical Preparations
FATE,Fate Therapeutics Inc. Common Stock,$2.43,0.11,4.741%,291,United States,2013,3381462,Health Care,Biotechnology: Biological Products (No Diagnostic Substances)
BBOT,BridgeBio Oncology Therapeutics Inc. Common Stock  ,$3.60,-0.29,-7.455%,288,United States,2024,481669,Health Care,Biotechnology: Pharmaceutical Preparations
XFOR,X4 Pharmaceuticals Inc. Common Stock,$2.90,0.07,2.473%,287,United States,2017,698117,Health Care,Biotechnology: Biological Products (No Diagnostic Substances)
RCKT,Rocket Pharmaceuticals Inc. Common Stock,$2.61,0.05,1.953%,286,United States,2015,1659102,Health Care,Biotechnology: Pharmaceutical Preparations
FULC,Fulcrum Therapeutics Inc. Common Stock,$3.71,0.02,0.542%,283,United States,2019,1062220,Health Care,Biotechnology: Pharmaceutical Preparations
SABS,SAB Biotherapeutics Inc. Common Stock,$3.10,0.12,4.027%,282,United States,2021,866280,Health Care,Biotechnology: Biological Products (No Diagnostic Substances)
BCYC,Bicycle Therapeutics plc American Depositary Shares,$4.01,0.63,18.639%,280,United Kingdom,2019,1846507,Health Care,Biotechnology: Pharmaceutical Preparations
LXEO,Lexeo Therapeutics Inc. Common Stock,$3.41,-0.12,-3.399%,279,United States,2023,1858579,Health Care,Biotechnology: Biological Products (No Diagnostic Substances)
IKT,Inhibikase Therapeutics Inc. Common Stock,$2.00,0,0.000%,279,United States,2020,407496,Health Care,Biotechnology: Biological Products (No Diagnostic Substances)
VNDA,Vanda Pharmaceuticals Inc. Common Stock,$4.58,-0.05,-1.080%,276,United States,2006,726814,Health Care,Biotechnology: Pharmaceutical Preparations
ACIU,AC Immune SA Common Stock,$2.71,-0.015,-0.550%,275,Switzerland,2016,221409,Health Care,Biotechnology: Pharmaceutical Preparations
IPSC,Century Therapeutics Inc. Common Stock,$1.48,-0.05,-3.268%,267,United States,2021,773858,Health Care,Biotechnology: Biological Products (No Diagnostic Substances)
PYXS,Pyxis Oncology Inc. Common Stock,$2.24,0.1,4.673%,266,United States,2021,1516959,Health Care,Biotechnology: Pharmaceutical Preparations
UPB,Upstream Bio Inc. Common Stock,$4.85,-0.19,-3.770%,265,United States,2024,1010599,Health Care,Biotechnology: Pharmaceutical Preparations
ZNTL,Zentalis Pharmaceuticals Inc. Common Stock,$2.78,0.26,10.317%,263,United States,2020,2994973,Health Care,Biotechnology: Pharmaceutical Preparations
IMRX,Immuneering Corporation Class A Common Stock,$4.04,-0.03,-0.737%,261,United States,2021,482788,Health Care,Biotechnology: Pharmaceutical Preparations
SLGL,Sol-Gel Technologies Ltd. Ordinary Shares,$78.95,6.95,9.653%,258,Israel,2018,29266,Health Care,Biotechnology: Pharmaceutical Preparations
AMRN,Amarin Corporation plc,$12.09,-0.26,-2.105%,255,Ireland,,79852,Health Care,Biotechnology: Pharmaceutical Preparations
VOGX,Vogenx Inc Common Stock,$17.15,-1.08,-5.924%,254,United States,2026,60974,Health Care,Biotechnology: Pharmaceutical Preparations
PALI,Palisade Bio Inc. Common Stock,$1.46,0.02,1.389%,254,United States,,1600948,Health Care,Biotechnology: Biological Products (No Diagnostic Substances)
AKBA,Akebia Therapeutics Inc. Common Stock,$0.91,0.0455,5.260%,252,United States,2014,7505310,Health Care,Biotechnology: Pharmaceutical Preparations
CAMP,CAMP4 Therapeutics Corporation Common Stock,$4.01,0.01,0.250%,251,United States,2024,381165,Health Care,Biotechnology: Pharmaceutical Preparations
STRO,Sutro Biopharma Inc. Common Stock,$15.13,-0.22,-1.433%,250,United States,2018,160495,Health Care,Biotechnology: Biological Products (No Diagnostic Substances)
SIGA,SIGA Technologies Inc. Common Stock,$3.48,0.1,2.959%,250,United States,,964054,Health Care,Biotechnology: Pharmaceutical Preparations
QTTB,Q32 Bio Inc. Common Stock,$8.37,0.14,1.701%,249,United States,2018,955801,Health Care,Biotechnology: Pharmaceutical Preparations
GLSI,Greenwich LifeSciences Inc. Common Stock,$16.91,-0.07,-0.412%,248,United States,2020,98743,Health Care,Biotechnology: Pharmaceutical Preparations
IFRX,InflaRx N.V. Common Stock,$1.68,-0.04,-2.326%,247,Germany,2017,701016,Health Care,Biotechnology: Pharmaceutical Preparations
IVVD,Invivyd Inc. Common Stock,$0.84,0.0171,2.080%,247,United States,2021,5425544,Health Care,Biotechnology: Biological Products (No Diagnostic Substances)
LFCR,Lifecore Biomedical Inc. Common Stock,$6.52,-0.02,-0.306%,246,United States,,840600,Health Care,Biotechnology: Pharmaceutical Preparations
EVMN,Evommune Inc. Common Stock,$6.65,-0.27,-3.902%,241,United States,2025,1365188,Health Care,Biotechnology: Pharmaceutical Preparations
MGNX,MacroGenics Inc. Common Stock,$3.77,0.19,5.307%,240,United States,2013,605954,Health Care,Biotechnology: Pharmaceutical Preparations
PRQR,ProQR Therapeutics N.V. Ordinary Shares,$1.67,0.035,2.141%,235,Netherlands,2014,720698,Health Care,Biotechnology: Pharmaceutical Preparations
LCTX,Lineage Cell Therapeutics Inc. Common Stock,$0.93,-0.0029,-0.312%,234,United States,,1386604,Health Care,Biotechnology: Biological Products (No Diagnostic Substances)
KROS,Keros Therapeutics Inc. Common Stock,$11.52,0.16,1.408%,228,United States,2020,132420,Health Care,Biotechnology: Pharmaceutical Preparations
LYEL,Lyell Immunopharma Inc. Common Stock,$9.07,-0.19,-2.052%,222,United States,2021,129467,Health Care,Biotechnology: Pharmaceutical Preparations
ALEC,Alector Inc. Common Stock,$1.99,0.18,9.945%,222,United States,2019,89984877,Health Care,Biotechnology: Biological Products (No Diagnostic Substances)
SION,Sionna Therapeutics Inc. Common Stock,$4.85,-0.06,-1.222%,219,United States,2025,1097431,Health Care,Biotechnology: Pharmaceutical Preparations
CGEN,Compugen Ltd. Ordinary Shares,$2.31,0,0.000%,218,Israel,2000,198873,Health Care,Biotechnology: Biological Products (No Diagnostic Substances)
PLX,Protalix BioTherapeutics Inc. (DE) Common Stock,$2.71,0,0.000%,218,Israel,,984067,Health Care,Biotechnology: Biological Products (No Diagnostic Substances)
NATR,Nature's Sunshine Products Inc. Common Stock,$12.40,-0.05,-0.402%,218,United States,,126940,Health Care,Biotechnology: Pharmaceutical Preparations
RNAC,Cartesian Therapeutics Inc. Common Stock,$7.14,-0.22,-2.989%,216,United States,2016,226273,Health Care,Biotechnology: Pharmaceutical Preparations
TRDA,Entrada Therapeutics Inc. Common Stock,$5.48,0.1,1.859%,213,United States,2021,463822,Health Care,Biotechnology: Pharmaceutical Preparations
ANTX,AN2 Therapeutics Inc. Common Stock,$5.61,-0.1,-1.751%,211,United States,2022,299959,Health Care,Biotechnology: Pharmaceutical Preparations
WHWK,Whitehawk Therapeutics Inc. Common Stock,$3.70,0,0.000%,210,United States,,289144,Health Care,Biotechnology: Pharmaceutical Preparations
SDEV,Stablecoin Development Corporation Common Stock,$3.94,-3.54,-47.326%,203,United States,,87543099,Health Care,Biotechnology: Pharmaceutical Preparations
ELDN,Eledon Pharmaceuticals Inc. Common Stock,$2.50,0.01,0.402%,203,United States,2014,725934,Health Care,Biotechnology: Pharmaceutical Preparations
NGEN,NervGen Pharma Corp. Common stock,$1.81,0.03,1.685%,192,Canada,,441057,Health Care,Biotechnology: Pharmaceutical Preparations
ORMP,Oramed Pharmaceuticals Inc. Common Stock,$4.55,0.06,1.336%,189,Israel,,104148,Health Care,Biotechnology: Pharmaceutical Preparations
YARW,Yarrow Bioscience Inc. Common Stock,$20.30,-1.97,-8.846%,188,United States,2018,102530,Health Care,Biotechnology: Pharmaceutical Preparations
DERM,Journey Medical Corporation Common Stock,$6.69,0.08,1.210%,188,United States,2021,88747,Health Care,Biotechnology: Pharmaceutical Preparations
CNTN,Canton Strategic Holdings Inc. Common Stock,$2.33,0.08,3.556%,185,United States,2022,739362,Health Care,Biotechnology: Pharmaceutical Preparations
ADAG,Adagene Inc. American Depositary Shares,$2.80,-0.05,-1.754%,184,China,2021,325714,Health Care,Biotechnology: Pharmaceutical Preparations
NKTX,Nkarta Inc. Common Stock,$2.53,-0.045,-1.748%,181,United States,2020,522114,Health Care,Biotechnology: Pharmaceutical Preparations
CUE,Cue Biopharma Inc. Common Stock,$24.36,-1.21,-4.732%,176,United States,2018,272697,Health Care,Biotechnology: Pharmaceutical Preparations
IPHA,Innate Pharma S.A. ADS,$1.58,0.02,1.282%,176,France,2019,107791,Health Care,Biotechnology: Biological Products (No Diagnostic Substances)
ALVOW,Alvotech Warrant,$0.45,0.1911,73.500%,176,Luxembourg,,22202,Health Care,Biotechnology: Biological Products (No Diagnostic Substances)
DTIL,Precision BioSciences Inc. Common Stock,$6.31,0,0.000%,174,United States,2019,219048,Health Care,Biotechnology: Biological Products (No Diagnostic Substances)
CHRS,Coherus Oncology Inc. Common Stock,$1.12,-0.04,-3.448%,173,United States,2014,2009502,Health Care,Biotechnology: Biological Products (No Diagnostic Substances)
CMPX,Compass Therapeutics Inc. Common Stock,$0.96,0.1039,12.128%,172,United States,,15831999,Health Care,Biotechnology: Biological Products (No Diagnostic Substances)
MSLE,Satellos Bioscience Inc. Common Stock,$8.05,-0.45,-5.294%,170,Canada,,24851,Health Care,Biotechnology: Pharmaceutical Preparations
ALXO,ALX Oncology Holdings Inc. Common Stock,$1.21,-0.01,-0.820%,167,United States,2020,1788744,Health Care,Biotechnology: Pharmaceutical Preparations
ORGO,Organogenesis Holdings Inc. Class A Common Stock,$1.29,-0.04,-3.008%,165,United States,2016,1834563,Health Care,Biotechnology: Pharmaceutical Preparations
PEPG,PepGen Inc. Common Stock,$2.36,0.08,3.509%,163,United States,2022,607439,Health Care,Biotechnology: Pharmaceutical Preparations
VRXA,Veraxa Biotech AG Ordinary Shares,$1.13,0,0.000%,159,Switzerland,,154081,Health Care,Biotechnology: Pharmaceutical Preparations
CRDL,Cardiol Therapeutics Inc. Class A Common Shares,$1.32,-0.09,-6.383%,159,Canada,,2964905,Health Care,Biotechnology: Biological Products (No Diagnostic Substances)
NERV,Minerva Neurosciences Inc Common Stock,$3.32,0.04,1.220%,158,United States,2014,72364,Health Care,Biotechnology: Pharmaceutical Preparations
ADCT,ADC Therapeutics SA Common Shares,$1.23,0.1,8.850%,157,Switzerland,2020,1752167,Health Care,Biotechnology: Pharmaceutical Preparations
NBP,NovaBridge Biosciences American Depositary Shares,$1.36,0.005,0.369%,156,China,2020,185028,Health Care,Biotechnology: Pharmaceutical Preparations
MENS,Jyong Biotech Ltd. Ordinary Shares,$2.05,-0.13,-5.963%,155,Taiwan,2025,47378,Health Care,Biotechnology: Pharmaceutical Preparations
TARA,Protara Therapeutics Inc.  Common Stock,$2.63,-0.07,-2.593%,155,United States,2014,1397610,Health Care,Biotechnology: Biological Products (No Diagnostic Substances)
ABOS,Acumen Pharmaceuticals Inc. Common Stock,$2.13,0.09,4.412%,154,United States,2021,713998,Health Care,Biotechnology: Biological Products (No Diagnostic Substances)
AVXL,Anavex Life Sciences Corp. Common Stock,$1.65,-0.175,-9.615%,152,United States,,2031628,Health Care,Biotechnology: Biological Products (No Diagnostic Substances)
VYGR,Voyager Therapeutics Inc. Common Stock,$2.46,0.01,0.408%,151,United States,2015,1391976,Health Care,Biotechnology: Biological Products (No Diagnostic Substances)
MOLN,Molecular Partners AG American Depositary Shares,$3.92,0.01,0.256%,147,Switzerland,2021,760,Health Care,Biotechnology: Biological Products (No Diagnostic Substances)
KRRO,Korro Bio Inc. Common Stock,$9.97,0.33,3.423%,146,United States,2019,112235,Health Care,Biotechnology: Pharmaceutical Preparations
KZIA,Kazia Therapeutics Limited American Depositary Shares,$9.35,0.08,0.863%,145,Australia,,240623,Health Care,Biotechnology: Pharmaceutical Preparations
OTLK,Outlook Therapeutics Inc. Common Stock,$0.60,0.0025,0.422%,144,United States,2016,4687761,Health Care,Biotechnology: Biological Products (No Diagnostic Substances)
CLLS,Cellectis S.A. American Depositary Shares,$1.41,-0.02,-1.399%,141,France,2015,37271,Health Care,Biotechnology: Pharmaceutical Preparations
HUMA,Humacyte Inc. Common Stock,$0.50,-0.0215,-4.123%,138,United States,2020,6449418,Health Care,Biotechnology: Biological Products (No Diagnostic Substances)
TNXP,Tonix Pharmaceuticals Holding Corp. Common Stock,$8.07,-0.84,-9.428%,138,United States,,1143068,Health Care,Biotechnology: Pharmaceutical Preparations
RNA,Atrium Therapeutics Inc. Common Stock,$7.97,0.13,1.658%,136,United States,,268299,Health Care,Biotechnology: Pharmaceutical Preparations
TLSA,Tiziana Life Sciences Ltd. Common Shares,$1.07,-0.05,-4.464%,136,United Kingdom,2018,274653,Health Care,Biotechnology: Pharmaceutical Preparations
ARMP,Armata Pharmaceuticals Inc. Common Stock,$3.66,0.14,3.977%,136,United States,,56688,Health Care,Biotechnology: Biological Products (No Diagnostic Substances)
PMVP,PMV Pharmaceuticals Inc. Common Stock,$1.78,-0.01,-0.559%,134,United States,2020,1185476,Health Care,Biotechnology: Pharmaceutical Preparations
OGI,Organigram Global Inc. Common Shares,$0.94,-0.0161,-1.689%,132,Canada,,674435,Health Care,Biotechnology: Pharmaceutical Preparations
SPRB,Spruce Biosciences Inc. Common Stock,$45.42,-0.29,-0.634%,130,United States,2020,65108,Health Care,Biotechnology: Pharmaceutical Preparations
CRBU,Caribou Biosciences Inc. Common Stock,$1.19,-0.03,-2.459%,127,United States,2021,1546900,Health Care,Biotechnology: Biological Products (No Diagnostic Substances)
TNYA,Tenaya Therapeutics Inc. Common Stock,$0.56,0,0.000%,126,United States,2021,2869390,Health Care,Biotechnology: Biological Products (No Diagnostic Substances)
ENGN,enGene Therapeutics Inc. Common Stock,$1.87,-0.07,-3.608%,125,Canada,,952878,Health Care,Biotechnology: Biological Products (No Diagnostic Substances)
BGM,BGM Group Ltd. Class A Ordinary Shares,$9.35,0.01,0.107%,124,China,2021,4723,Health Care,Biotechnology: Pharmaceutical Preparations
NRXP,NRX Pharmaceuticals Inc. Common Stock,$2.87,-0.035,-1.205%,124,United States,2017,680846,Health Care,Biotechnology: Pharmaceutical Preparations
IMDX,Insight Molecular Diagnostics Inc. Common Stock,$3.67,0.23,6.686%,120,United States,,408375,Health Care,Biotechnology: In Vitro & In Vivo Diagnostic Substances
VTVT,vTv Therapeutics Inc. Class A Common Stock,$30.33,-0.24,-0.785%,119,United States,2015,14862,Health Care,Biotechnology: Pharmaceutical Preparations
HURA,TuHURA Biosciences Inc. Common Stock,$1.87,-0.04,-2.094%,119,United States,,335559,Health Care,Biotechnology: Pharmaceutical Preparations
INO,Inovio Pharmaceuticals Inc. Common Stock,$1.15,-0.01,-0.862%,118,United States,,2960320,Health Care,Biotechnology: Pharmaceutical Preparations
FHTX,Foghorn Therapeutics Inc. Common Stock,$2.00,-0.02,-0.990%,118,United States,2020,988036,Health Care,Biotechnology: Pharmaceutical Preparations
GNLX,Genelux Corporation Common Stock,$2.60,0.04,1.563%,117,United States,2023,317355,Health Care,Biotechnology: Pharmaceutical Preparations
UNCY,Unicycive Therapeutics Inc. Common Stock,$4.19,-0.03,-0.711%,116,United States,2021,681411,Health Care,Biotechnology: Pharmaceutical Preparations
AARD,Aardvark Therapeutics Inc. Common Stock,$5.22,0.23,4.609%,114,United States,2025,62266,Health Care,Biotechnology: Pharmaceutical Preparations
COYA,Coya Therapeutics Inc. Common Stock,$4.85,0.04,0.832%,113,United States,2022,117257,Health Care,Biotechnology: Pharmaceutical Preparations
QUCY,Quantum Cyber N.V. Ordinary Shares,$1.35,0.02,1.504%,113,Germany,2021,274891,Health Care,Biotechnology: Pharmaceutical Preparations
CRBP,Corbus Pharmaceuticals Holdings Inc. Common Stock,$5.85,-0.28,-4.568%,113,United States,,793539,Health Care,Biotechnology: Pharmaceutical Preparations
LENZ,LENZ Therapeutics Inc. Common Stock,$3.59,0.01,0.279%,112,United States,2021,777441,Health Care,Biotechnology: Biological Products (No Diagnostic Substances)
BDTX,Black Diamond Therapeutics Inc. Common Stock,$1.94,0.05,2.646%,111,United States,2020,839154,Health Care,Biotechnology: Biological Products (No Diagnostic Substances)
IMUX,Immunic Inc. Common Stock,$8.07,0.11,1.382%,110,United States,2014,491290,Health Care,Biotechnology: Pharmaceutical Preparations
RANI,Rani Therapeutics Holdings Inc. Class A Common Stock,$0.77,-0.0359,-4.428%,108,United States,2021,582542,Health Care,Biotechnology: Pharmaceutical Preparations
OKUR,OnKure Therapeutics Inc. Class A Common Stock,$2.63,0.07,2.734%,106,United States,2021,632348,Health Care,Biotechnology: Pharmaceutical Preparations
CPIX,Cumberland Pharmaceuticals Inc. Common Stock,$7.09,-0.3,-4.060%,106,United States,2009,57065,Health Care,Biotechnology: Pharmaceutical Preparations
PLYX,Polaryx Therapeutics Inc. Common Stock,$2.07,-0.01,-0.481%,103,United States,,40076,Health Care,Biotechnology: Pharmaceutical Preparations
ANIX,Anixa Biosciences Inc. Common Stock,$2.95,0,0.000%,102,United States,,369487,Health Care,Biotechnology: Pharmaceutical Preparations
NMRA,Neumora Therapeutics Inc. Common Stock,$0.53,0.0254,5.081%,98,United States,2023,2989641,Health Care,Biotechnology: Biological Products (No Diagnostic Substances)
GRML,Greenland Mines Ltd. Common Stock,$7.34,-0.54,-6.853%,97,United States,2022,4742020,Health Care,Biotechnology: Biological Products (No Diagnostic Substances)
MIST,Milestone Pharmaceuticals Inc. Common Shares,$0.78,-0.0303,-3.742%,97,Canada,2019,1084589,Health Care,Biotechnology: Pharmaceutical Preparations
ATRA,Atara Biotherapeutics Inc. Common Stock,$9.40,-0.08,-0.844%,94,United States,2014,39338,Health Care,Biotechnology: Biological Products (No Diagnostic Substances)
BMEA,Biomea Fusion Inc. Common Stock,$1.30,0.03,2.362%,94,United States,2021,1044395,Health Care,Biotechnology: Pharmaceutical Preparations
EQ,Equillium Inc. Common Stock,$1.45,0.04,2.837%,91,United States,2018,795627,Health Care,Biotechnology: Pharmaceutical Preparations
RLYB,Rallybio Corporation Common Stock,$16.90,-0.18,-1.054%,89,United States,2021,4638,Health Care,Biotechnology: Pharmaceutical Preparations
CGTX,Cognition Therapeutics Inc. Common Stock,$0.94,0.013,1.405%,89,United States,2021,331813,Health Care,Biotechnology: Biological Products (No Diagnostic Substances)
CRDF,Cardiff Oncology Inc. Common Stock,$1.14,0.02,1.786%,88,United States,,451962,Health Care,Biotechnology: Biological Products (No Diagnostic Substances)
ICCC,ImmuCell Corporation Common Stock,$9.75,0,0.000%,88,United States,1987,11265,Health Care,Biotechnology: In Vitro & In Vivo Diagnostic Substances
PDSB,PDS Biotechnology Corporation Common Stock,$1.20,0.4515,60.321%,86,United States,2015,78551244,Health Care,Biotechnology: Pharmaceutical Preparations
NTHI,NeOnc Technologies Holdings Inc. Common Stock,$2.92,-0.07,-2.341%,86,United States,,197318,Health Care,Biotechnology: Pharmaceutical Preparations
MNOV,Medicinova Inc Common Stock,$1.75,-0.025,-1.404%,86,United States,,216994,Health Care,Biotechnology: Pharmaceutical Preparations
ACRV,Acrivon Therapeutics Inc. Common Stock,$1.98,-0.01,-0.503%,84,United States,2022,402190,Health Care,Biotechnology: Pharmaceutical Preparations
PMN,ProMIS Neurosciences Inc. Common Shares (ON),$9.37,-0.03,-0.319%,84,Canada,,38214,Health Care,Biotechnology: Pharmaceutical Preparations
TELO,Telomir Pharmaceuticals Inc. Common Stock,$1.21,0.03,2.542%,83,United States,2024,134379,Health Care,Biotechnology: Pharmaceutical Preparations
INCR,Intercure Ltd. Ordinary Shares,$5.45,0.03,0.554%,81,Israel,,1500,Health Care,Biotechnology: Pharmaceutical Preparations
CTOR,Citius Oncology Inc. Common Stock,$0.87,-0.0765,-8.053%,81,United States,2022,85514,Health Care,Biotechnology: Pharmaceutical Preparations
PTHS,Pelthos Therapeutics Inc. Common Stock,$20.50,-0.1,-0.485%,78,,2024,69658,Health Care,Biotechnology: Biological Products (No Diagnostic Substances)
OKYO,OKYO Pharma Limited Ordinary Shares,$1.47,0,0.000%,77,Guernsey,2022,11239,Health Care,Biotechnology: Biological Products (No Diagnostic Substances)
RFL,Rafael Holdings Inc. Class B Common Stock,$1.47,-0.07,-4.545%,76,United States,2018,106081,Health Care,Biotechnology: Pharmaceutical Preparations
ONCY,Oncolytics Biotech Inc. Common Stock,$0.60,-0.0341,-5.404%,76,Canada,,1939605,Health Care,Biotechnology: Pharmaceutical Preparations
LFVN,Lifevantage Corporation Common Stock (Delaware),$6.03,-0.04,-0.659%,75,United States,,27856,Health Care,Biotechnology: Pharmaceutical Preparations
OSTX,OS Therapies Incorporated Common Stock,$1.60,-0.02,-1.235%,74,,2024,416213,Health Care,Biotechnology: Pharmaceutical Preparations
VRCA,Verrica Pharmaceuticals Inc. Common Stock,$4.31,-0.07,-1.598%,74,United States,2018,35053,Health Care,Biotechnology: Pharmaceutical Preparations
GANX,Gain Therapeutics Inc. Common Stock,$1.69,-0.02,-1.170%,73,United States,2021,351063,Health Care,Biotechnology: Pharmaceutical Preparations
TENX,Tenax Therapeutics Inc. Common Stock,$1.96,-0.02,-1.010%,73,United States,,1468393,Health Care,Biotechnology: Pharmaceutical Preparations
MAIA,MAIA Biotechnology Inc. Common Stock,$1.18,-0.01,-0.840%,72,,2022,531025,Health Care,Biotechnology: Pharmaceutical Preparations
IBIO,iBio Inc. Common Stock,$1.12,-0.005,-0.444%,72,United States,,1126818,Health Care,Biotechnology: Pharmaceutical Preparations
RNTX,Rein Therapeutics Inc. Common Stock,$0.82,0.0243,3.035%,71,United States,2017,336297,Health Care,Biotechnology: Pharmaceutical Preparations
HRTX,Heron Therapeutics Inc. Common Stock,$0.37,0.0224,6.444%,70,United States,,2935879,Health Care,Biotechnology: Pharmaceutical Preparations
HYFT,MindWalk Holdings Corp. Common Stock,$1.49,0.15,11.194%,70,Canada,,570247,Health Care,Biotechnology: Pharmaceutical Preparations
FBIO,Fortress Biotech Inc. Common Stock,$2.09,0.06,2.956%,69,United States,,553842,Health Care,Biotechnology: Pharmaceutical Preparations
CSBR,Champions Oncology Inc. Common Stock,$4.97,0.03,0.607%,69,United States,,11137,Health Care,Biotechnology: Biological Products (No Diagnostic Substances)
CING,Cingulate Inc. Common Stock,$4.75,-0.01,-0.210%,69,United States,2021,139946,Health Care,Biotechnology: Pharmaceutical Preparations
SPRO,Spero Therapeutics Inc. Common Stock,$1.16,-0.03,-2.521%,67,United States,2017,942730,Health Care,Biotechnology: Pharmaceutical Preparations
APLM,Apollomics Inc. Class A Ordinary Shares,$23.27,0,0.000%,67,United States,,305,Health Care,Biotechnology: Pharmaceutical Preparations
KLRS,Kalaris Therapeutics Inc. Common Stock,$2.83,0.13,4.815%,67,United States,2020,27394,Health Care,Biotechnology: Biological Products (No Diagnostic Substances)
XBIT,XBiotech Inc. Common Stock,$2.18,-0.01,-0.457%,66,United States,2015,32746,Health Care,Biotechnology: Pharmaceutical Preparations
RNXT,RenovoRx Inc. Common Stock,$1.47,-0.11,-6.962%,66,United States,2021,618045,Health Care,Biotechnology: Pharmaceutical Preparations
GOSS,Gossamer Bio Inc. Common Stock,$10.65,-0.06,-0.560%,65,United States,2019,391100,Health Care,Biotechnology: Pharmaceutical Preparations
NMAD,Nomad Power Solutions Inc. Common Stock,$4.01,-0.105,-2.549%,64,United States,,177780,Health Care,Biotechnology: Pharmaceutical Preparations
PLRX,Pliant Therapeutics Inc. Common Stock,$1.03,-0.005,-0.483%,63,United States,2020,295625,Health Care,Biotechnology: Pharmaceutical Preparations
INKT,MiNK Therapeutics Inc. Common Stock,$12.20,-0.24,-1.929%,62,United States,2021,28693,Health Care,Biotechnology: Biological Products (No Diagnostic Substances)
ELOX,Eloxx Pharmaceuticals Inc. Common Stock,$15.41,-0.1,-0.645%,62,United States,,26173,Health Care,Biotechnology: Biological Products (No Diagnostic Substances)
MREO,Mereo BioPharma Group plc American Depositary Shares,$0.39,0.0082,2.159%,61,United Kingdom,,2470277,Health Care,Biotechnology: Pharmaceutical Preparations
ACET,Adicet Bio Inc. Common Stock,$6.47,-0.03,-0.462%,60,United States,2018,152788,Health Care,Biotechnology: Pharmaceutical Preparations
TLPH,Talphera Inc. Common Stock,$1.16,0.03,2.655%,60,United States,2011,587129,Health Care,Biotechnology: Pharmaceutical Preparations
HYPD,Hyperion DeFi Inc. Common Stock,$3.89,0.16,4.290%,60,United States,2018,362747,Health Care,Biotechnology: Pharmaceutical Preparations
XLO,Xilio Therapeutics Inc. Common Stock,$9.11,0.1,1.110%,59,United States,2021,7161,Health Care,Biotechnology: Pharmaceutical Preparations
BOLD,Boundless Bio Inc. Common Stock,$2.60,-0.02,-0.763%,59,United States,2024,55066,Health Care,Biotechnology: Pharmaceutical Preparations
ATHE,Alterity Therapeutics Limited American Depositary Shares,$3.22,-0.23,-6.667%,58,Australia,,54640,Health Care,Biotechnology: Pharmaceutical Preparations
CNTB,Connect Biopharma Holdings Limited Ordinary Shares,$0.90,-0.0291,-3.139%,56,China,2021,1431214,Health Care,Biotechnology: Pharmaceutical Preparations
ZYBT,Zhengye Biotechnology Holding Limited Class A Ordinary Shares,$1.19,-0.05,-4.032%,56,China,2025,14645,Health Care,Biotechnology: Pharmaceutical Preparations
ALDX,Aldeyra Therapeutics Inc. Common Stock,$0.92,-0.2463,-21.051%,55,United States,2014,7027957,Health Care,Biotechnology: Pharmaceutical Preparations
CLNN,Clene Inc. Common Stock,$3.91,-0.17,-4.167%,55,United States,,278254,Health Care,Biotechnology: Pharmaceutical Preparations
CELU,Celularity Inc. Class A Common Stock,$1.71,0.11,6.875%,55,United States,2019,282146,Health Care,Biotechnology: Pharmaceutical Preparations
INMB,INmune Bio Inc. Common stock,$1.94,0.01,0.518%,53,United States,2019,267263,Health Care,Biotechnology: Biological Products (No Diagnostic Substances)
IMA,ImageneBio Inc. Common Stock,$4.70,0.1,2.174%,53,United States,2021,8537,Health Care,Biotechnology: Biological Products (No Diagnostic Substances)
EDSA,Edesa Biotech Inc. Common Shares,$3.91,0.05,1.295%,52,United States,,69961,Health Care,Biotechnology: Pharmaceutical Preparations
LONA,LeonaBio Inc. Common Stock,$5.58,0.76,15.768%,52,United States,2020,296098,Health Care,Biotechnology: Biological Products (No Diagnostic Substances)
SER,Serina Therapeutics Inc. Common Stock,$2.04,0.08,4.082%,51,United States,2018,25281,Health Care,Biotechnology: Pharmaceutical Preparations
DWTX,Dogwood Therapeutics Inc. Common Stock,$1.52,0.06,4.110%,51,United States,2020,99980,Health Care,Biotechnology: Pharmaceutical Preparations
BSEM,BioStem Technologies Inc. Common Stock,$2.75,0.025,0.916%,51,United States,,120989,Health Care,Biotechnology: Biological Products (No Diagnostic Substances)
EXOZ,eXoZymes Inc. Common Stock,$5.52,-0.25,-4.333%,51,United States,2024,4455,Health Care,Biotechnology: Biological Products (No Diagnostic Substances)
ANVS,Annovis Bio Inc. Common Stock,$1.20,0.02,1.695%,51,United States,2020,657653,Health Care,Biotechnology: Pharmaceutical Preparations
ELTX,Elicio Therapeutics Inc. Common Stock,$1.92,0,0.000%,50,United States,2021,202857,Health Care,Biotechnology: Pharmaceutical Preparations
SCYX,SCYNEXIS Inc. Common Stock,$5.03,-0.09,-1.758%,50,United States,2014,356486,Health Care,Biotechnology: Pharmaceutical Preparations
CRVO,CervoMed Inc. Common Stock,$3.31,0.29,9.603%,50,United States,,648773,Health Care,Biotechnology: Pharmaceutical Preparations
TIL,Instil Bio Inc. Common Stock,$6.95,-0.27,-3.740%,47,United States,2021,12951,Health Care,Biotechnology: Biological Products (No Diagnostic Substances)
HOWL,Werewolf Therapeutics Inc. Common Stock,$0.93,0.0019,0.205%,45,United States,2021,239087,Health Care,Biotechnology: Pharmaceutical Preparations
NSRX,Nasus Pharma Ltd. Ordinary Shares,$3.85,-0.07,-1.786%,45,,2025,9577,Health Care,Biotechnology: Pharmaceutical Preparations
VERU,Veru Inc. Common Stock,$2.55,0.04,1.594%,43,United States,,88797,Health Care,Biotechnology: Pharmaceutical Preparations
GRCE,Grace Therapeutics Inc. Common Stock,$2.06,-0.01,-0.483%,43,Canada,,80056,Health Care,Biotechnology: Pharmaceutical Preparations
TVGN,Tevogen Inc. Common Stock,$6.60,-0.38,-5.444%,42,United States,2022,3486,Health Care,Biotechnology: Biological Products (No Diagnostic Substances)
LITS,Lite Strategy Inc. Common Stock,$1.40,0.02,1.449%,42,United States,2003,435162,Health Care,Biotechnology: Pharmaceutical Preparations
CVM,Cel-Sci Corporation Common Stock,$2.42,0.11,4.762%,42,United States,1997,796322,Health Care,Biotechnology: Biological Products (No Diagnostic Substances)
FLNA,Filana Therapeutics Inc. Common Stock,$0.87,-0.0611,-6.564%,42,United States,,1034938,Health Care,Biotechnology: Pharmaceutical Preparations
IBO,Impact BioMedical Inc. Common Stock,$4.84,-0.4801,-9.024%,41,,2024,17360,Health Care,Biotechnology: Pharmaceutical Preparations
IXHL,Incannex Healthcare Inc. Common Stock,$3.21,0,0.000%,40,Australia,,29982,Health Care,Biotechnology: Pharmaceutical Preparations
MGX,Metagenomi Therapeutics Inc. Common Stock,$1.04,0.02,1.961%,39,United States,2024,163212,Health Care,Biotechnology: Biological Products (No Diagnostic Substances)
ATNM,Actinium Pharmaceuticals Inc. (Delaware) Common Stock,$1.20,0.03,2.564%,37,United States,,115033,Health Care,Biotechnology: Pharmaceutical Preparations
NNVC,NanoViricides Inc. Common Stock,$1.45,0.17,13.281%,37,United States,,708559,Health Care,Biotechnology: Pharmaceutical Preparations
ELUT,Elutia Inc. Class A Common Stock,$0.82,0.0429,5.509%,36,United States,2020,256246,Health Care,Biotechnology: Biological Products (No Diagnostic Substances)
BCTX,BriaCell Therapeutics Corp. Common Shares,$4.18,0.14,3.465%,36,Canada,,59555,Health Care,Biotechnology: Pharmaceutical Preparations
GNTA,Genenta Science S.p.A. American Depositary Shares,$0.73,-0.015,-2.013%,35,Italy,2021,40007,Health Care,Biotechnology: Biological Products (No Diagnostic Substances)
ALGS,Aligos Therapeutics Inc. Common Stock,$5.40,-0.14,-2.527%,33,United States,2020,48619,Health Care,Biotechnology: Biological Products (No Diagnostic Substances)
RMTI,Rockwell Medical Inc. Common Stock,$8.23,-0.42,-4.855%,33,United States,1998,10097,Health Care,Biotechnology: Pharmaceutical Preparations
SCLX,Scilex Holding Company Common Stock,$3.82,-0.24,-5.911%,32,United States,2021,59643,Health Care,Biotechnology: Biological Products (No Diagnostic Substances)
BYSI,BeyondSpring Inc. Ordinary Shares,$0.79,-0.0013,-0.165%,32,United States,2017,94297,Health Care,Biotechnology: Pharmaceutical Preparations
IMMP,Immutep Limited American Depositary Shares,$4.27,-0.08,-1.839%,31,Australia,,25207,Health Care,Biotechnology: Pharmaceutical Preparations
CNTX,Context Therapeutics Inc. Common Stock,$0.34,0.0268,8.654%,30,United States,2021,1001332,Health Care,Biotechnology: Pharmaceutical Preparations
MIRA,MIRA Pharmaceuticals Inc. Common Stock,$0.74,0.0054,0.740%,30,United States,2023,89425,Health Care,Biotechnology: Pharmaceutical Preparations
RNAZ,TransCode Therapeutics Inc. Common Stock,$1.76,0.19,12.102%,29,United States,2021,65738,Health Care,Biotechnology: Pharmaceutical Preparations
IGC,IGC Pharma Inc. Common Stock,$0.28,0.0071,2.583%,29,United States,,1769563,Health Care,Biotechnology: Pharmaceutical Preparations
MCRB,Seres Therapeutics Inc. Common Stock,$2.85,-0.09,-3.061%,28,United States,2015,63313,Health Care,Biotechnology: Pharmaceutical Preparations
QNCX,Quince Therapeutics Inc. Common Stock,$28.10,-1.1,-3.767%,28,United States,2019,22107,Health Care,Biotechnology: Biological Products (No Diagnostic Substances)
ATYR,aTyr Pharma Inc. Common Stock,$0.29,0.0028,0.975%,28,United States,2015,1810094,Health Care,Biotechnology: Biological Products (No Diagnostic Substances)
EVAX,Evaxion A/S American Depositary Share,$3.15,-0.05,-1.563%,28,Denmark,2021,38249,Health Care,Biotechnology: Biological Products (No Diagnostic Substances)
CPHI,China Pharma Holdings Inc. Common Stock,$0.65,-0.004,-0.609%,28,China,,119446,Health Care,Biotechnology: Pharmaceutical Preparations
GRDX,GridAI Technologies Corp. Common Stock,$3.83,0.02,0.525%,27,United States,2016,191973,Health Care,Biotechnology: Pharmaceutical Preparations
QNTM,Quantum Biopharma Ltd. Class B Subordinate Voting Shares,$3.27,-0.17,-4.942%,26,Canada,,246792,Health Care,Biotechnology: Pharmaceutical Preparations
ABVC,ABVC BioPharma Inc. Common Stock,$0.98,-0.03,-2.970%,26,United States,,93540,Health Care,Biotechnology: Pharmaceutical Preparations
KYNB,Kyntra Bio Inc. Common Stock,$6.09,-0.22,-3.487%,24,United States,2014,88821,Health Care,Biotechnology: Pharmaceutical Preparations
OPTH,Optimi Health Corp. Common Shares,$4.29,-0.195,-4.343%,24,Canada,,29323,Health Care,Biotechnology: Pharmaceutical Preparations
ATOS,Atossa Therapeutics Inc. Common Stock,$2.45,0.11,4.701%,24,United States,2012,53329,Health Care,Biotechnology: Pharmaceutical Preparations
TXMD,TherapeuticsMD Inc. Common Stock,$2.01,-0.04,-1.951%,23,United States,,19395,Health Care,Biotechnology: Pharmaceutical Preparations
NXTC,NextCure Inc. Common Stock,$5.05,-0.04,-0.786%,23,United States,2019,14559,Health Care,Biotechnology: Pharmaceutical Preparations
AYTU,Aytu BioPharma Inc.  Common Stock,$2.04,-0.03,-1.449%,22,United States,,63926,Health Care,Biotechnology: Pharmaceutical Preparations
QNRX,Quoin Pharmaceuticals Ltd. American Depositary Shares,$4.55,0.085,1.902%,21,Israel,2016,26515,Health Care,Biotechnology: Pharmaceutical Preparations
UPC,Universe Pharmaceuticals Inc. Class A Ordinary Shares,$4.34,-0.16,-3.556%,21,China,2021,7944,Health Care,Biotechnology: Pharmaceutical Preparations
MDCXW,Medicus Pharma Ltd. Warrant,$0.30,0,0.000%,21,Canada,,48,Health Care,Biotechnology: Pharmaceutical Preparations
COCP,Cocrystal Pharma Inc. Common Stock,$1.11,-0.035,-3.057%,21,United States,,41307,Health Care,Biotechnology: Pharmaceutical Preparations
ACTU,Actuate Therapeutics Inc. Common stock,$0.87,0.0559,6.825%,21,United States,2024,202266,Health Care,Biotechnology: Pharmaceutical Preparations
AKTX,Akari Therapeutics plc ADS,$8.94,0.22,2.523%,20,United Kingdom,,9566,Health Care,Biotechnology: Pharmaceutical Preparations
JSPR,Jasper Therapeutics Inc. Common Stock,$0.59,0.0276,4.883%,19,United States,2020,376095,Health Care,Biotechnology: Biological Products (No Diagnostic Substances)
PBM,Psyence Biomedical Ltd. Common Shares,$5.08,-0.08,-1.550%,19,Canada,,145564,Health Care,Biotechnology: Pharmaceutical Preparations
ESLA,Estrella Immunopharma Inc. Common Stock,$0.44,-0.028,-5.983%,19,United States,2021,31197,Health Care,Biotechnology: Biological Products (No Diagnostic Substances)
SHPH,Shuttle Pharmaceuticals Holdings Inc. Common Stock,$4.01,-0.16,-3.837%,19,United States,2022,13819,Health Care,Biotechnology: Pharmaceutical Preparations
TCRX,TScan Therapeutics Inc. Common Stock,$0.30,-0.0252,-7.863%,18,United States,2021,758201,Health Care,Biotechnology: Biological Products (No Diagnostic Substances)
NEUP,Neuphoria Therapeutics Inc. Common Stock,$3.45,-0.02,-0.576%,18,United States,2021,15467,Health Care,Biotechnology: Pharmaceutical Preparations
RADX,Radiopharm Theranostics Limited American Depositary Shares,$1.27,-0.15,-10.563%,18,Australia,,82402,Health Care,Biotechnology: Pharmaceutical Preparations
DYAI,Dyadic International Inc. Common Stock,$0.45,-0.0018,-0.395%,18,United States,,142865,Health Care,Biotechnology: Biological Products (No Diagnostic Substances)
RKTO,Rocket One Inc. Common Stock,$0.71,0.0123,1.763%,17,United States,2019,287670,Health Care,Biotechnology: Pharmaceutical Preparations
MRKR,Marker Therapeutics Inc. Common Stock,$1.06,0.01,0.952%,17,United States,,73492,Health Care,Biotechnology: Pharmaceutical Preparations
LPCN,Lipocine Inc. Common Stock,$2.07,0.02,0.976%,17,United States,,19768,Health Care,Biotechnology: Pharmaceutical Preparations
PTN,Palatin Technologies Inc. Common Stock,$9.48,0.15,1.608%,16,United States,,13016,Health Care,Biotechnology: Pharmaceutical Preparations
DARE,Dare Bioscience Inc. Common Stock,$0.84,0.0003,0.036%,16,United States,2014,157181,Health Care,Biotechnology: Pharmaceutical Preparations
NCEL,NewcelX Ltd. Ordinary Shares,$2.86,0.01,0.351%,16,Switzerland,2021,4092,Health Care,Biotechnology: Pharmaceutical Preparations
BCDA,BioCardia Inc. Common Stock,$1.09,0.05,4.808%,16,United States,,148939,Health Care,Biotechnology: Biological Products (No Diagnostic Substances)
LTRN,Lantern Pharma Inc. Common Stock,$0.94,0.08,9.301%,16,United States,2020,276182,Health Care,Biotechnology: Pharmaceutical Preparations
ALLR,Allarity Therapeutics Inc. Common Stock,$1.00,-0.04,-3.846%,15,United States,,39176,Health Care,Biotechnology: Pharmaceutical Preparations
CLRB,Cellectar Biosciences Inc.  Common Stock,$1.67,-0.11,-6.180%,15,United States,,60690,Health Care,Biotechnology: Pharmaceutical Preparations
KPTI,Karyopharm Therapeutics Inc. Common Stock,$0.67,-0.1317,-16.417%,15,United States,2013,1983922,Health Care,Biotechnology: Pharmaceutical Preparations
TVRD,Tvardi Therapeutics Inc. Common Stock,$1.14,-0.01,-0.870%,15,United States,2014,148925,Health Care,Biotechnology: Pharmaceutical Preparations
KTTA,Pasithea Therapeutics Corp. Common Stock,$0.45,-0.0211,-4.433%,15,United States,2021,84581,Health Care,Biotechnology: Pharmaceutical Preparations
CTXR,Citius Pharmaceuticals Inc. Common Stock,$0.52,-0.0116,-2.182%,14,United States,,132564,Health Care,Biotechnology: Pharmaceutical Preparations
INAB,IN8bio Inc. Common Stock,$1.42,0.02,1.429%,13,United States,2021,107133,Health Care,Biotechnology: Biological Products (No Diagnostic Substances)
LSTA,Lisata Therapeutics Inc. Common Stock,$1.26,-0.21,-14.286%,13,United States,,90759,Health Care,Biotechnology: Pharmaceutical Preparations
HIND,Vyome Holdings Inc. Common Stock,$1.93,0.02,1.047%,13,United States,2016,10175,Health Care,Biotechnology: Pharmaceutical Preparations
AEON,AEON Biopharma Inc. Class A Common Stock,$0.27,-0.009,-3.226%,13,United States,,1746016,Health Care,Biotechnology: Pharmaceutical Preparations
BFRI,Biofrontera Inc. Common Stock,$0.89,-0.1241,-12.227%,13,United States,2021,721476,Health Care,Biotechnology: Pharmaceutical Preparations
PASG,Passage Bio Inc. Common Stock,$4.09,-0.03,-0.728%,13,United States,2020,17937,Health Care,Biotechnology: Biological Products (No Diagnostic Substances)
TPST,Tempest Therapeutics Inc. Common Stock,$0.79,-0.0186,-2.293%,13,United States,,156523,Health Care,Biotechnology: Pharmaceutical Preparations
PLUR,Pluri Inc. Common Stock,$1.03,0.025,2.475%,12,Israel,,6048,Health Care,Biotechnology: Biological Products (No Diagnostic Substances)
GTBP,GT Biopharma Inc. Common Stock,$6.16,0.06,0.984%,12,United States,,38752,Health Care,Biotechnology: Pharmaceutical Preparations
BIVI,BioVie Inc. Class A Common Stock,$1.44,-0.02,-1.370%,12,United States,,135130,Health Care,Biotechnology: Pharmaceutical Preparations
ASBP,Aspire-Lakewood Holdings Inc. Common Stock,$8.88,0.1,1.139%,12,United States,2022,20298,Health Care,Biotechnology: Pharmaceutical Preparations
MDCX,Medicus Pharma Ltd. Common Stock  ,$0.17,0.006,3.727%,11,Canada,,1712116,Health Care,Biotechnology: Pharmaceutical Preparations
GDTC,CytoMed Therapeutics Limited Ordinary Shares,$1.01,0.09,9.783%,11,Singapore,2023,68330,Health Care,Biotechnology: Pharmaceutical Preparations
VTGN,Vistagen Therapeutics Inc. Common Stock,$0.26,-0.0178,-6.335%,11,United States,,1921852,Health Care,Biotechnology: Pharmaceutical Preparations
BLRX,BioLineRx Ltd. American Depositary Shares,$2.32,-0.05,-2.110%,11,Israel,,20261,Health Care,Biotechnology: Pharmaceutical Preparations
PHIO,Phio Pharmaceuticals Corp. Common Stock,$0.99,0.0059,0.599%,11,United States,,205648,Health Care,Biotechnology: Pharmaceutical Preparations
ADIL,Adial Pharmaceuticals Inc Common Stock,$4.35,0.23,5.583%,11,United States,2018,60033,Health Care,Biotechnology: Pharmaceutical Preparations
ENGNW,enGene Therapeutics Inc. Warrants,$0.17,-0.0301,-15.042%,11,Canada,,63672,Health Care,Biotechnology: Biological Products (No Diagnostic Substances)
INTS,Intensity Therapeutics Inc. Common stock,$3.45,0.01,0.291%,11,United States,2023,28779,Health Care,Biotechnology: Biological Products (No Diagnostic Substances)
KPRX,Kiora Pharmaceuticals Inc.  Common Stock,$2.53,-0.03,-1.172%,11,United States,,8573,Health Care,Biotechnology: Pharmaceutical Preparations
BFRG,Bullfrog AI Holdings Inc. Common Stock,$0.59,-0.0235,-3.806%,11,United States,2023,537922,Health Care,Biotechnology: Pharmaceutical Preparations
SNTI,Senti Biosciences Holdings Inc. Common Stock,$0.35,0.0228,7.074%,10,United States,2021,387409,Health Care,Biotechnology: Biological Products (No Diagnostic Substances)
CALC,CalciMedica Inc. Common Stock,$1.54,-0.06,-3.750%,10,United States,2023,26640,Health Care,Biotechnology: Pharmaceutical Preparations
TOVX,Theriva Biologics Inc. Common Stock,$0.23,-0.0001,-0.044%,10,United States,,382943,Health Care,Biotechnology: Pharmaceutical Preparations
CMMB,Chemomab Therapeutics Ltd. American Depositary Share,$1.41,-0.02,-1.399%,10,Israel,2019,58710,Health Care,Biotechnology: Pharmaceutical Preparations
BCTXL,BriaCell Therapeutics Corp. Warrant expiring 2031,$1.17,0.025,2.183%,10,Canada,,6715,Health Care,Biotechnology: Pharmaceutical Preparations
MTVA,MetaVia Inc. Common Stock,$1.54,0,0.000%,10,United States,2016,53618,Health Care,Biotechnology: Pharmaceutical Preparations
MBRX,Moleculin Biotech Inc. Common Stock,$0.48,-0.0102,-2.095%,9,United States,2016,476454,Health Care,Biotechnology: Pharmaceutical Preparations
BMRA,Biomerica Inc. Common Stock,$2.05,-0.092,-4.295%,9,United States,,33890,Health Care,Biotechnology: In Vitro & In Vivo Diagnostic Substances
IMRN,Immuron Limited American Depositary Shares,$1.07,-0.02,-1.835%,8,Australia,2017,37972,Health Care,Biotechnology: Pharmaceutical Preparations
BTTC,Black Titan Corporation Ordinary Shares,$0.62,-0.0248,-3.817%,8,Malaysia,,32654514,Health Care,Biotechnology: Biological Products (No Diagnostic Substances)
APRE,Aprea Therapeutics Inc. Common stock,$0.68,-0.0194,-2.791%,8,United States,2019,296491,Health Care,Biotechnology: Pharmaceutical Preparations
AZTR,Azitra Inc Common Stock,$0.14,0.0046,3.485%,8,,2023,622890,Health Care,Biotechnology: Pharmaceutical Preparations
TRAW,Traws Pharma Inc. Common Stock,$0.54,-0.0325,-5.717%,8,United States,2013,161508,Health Care,Biotechnology: Pharmaceutical Preparations
ENSC,Ensysce Biosciences Inc. Common Stock,$0.42,0.024,6.076%,8,United States,,603279,Health Care,Biotechnology: Pharmaceutical Preparations
LGVN,Longeveron Inc. Class A Common Stock,$2.51,-0.07,-2.713%,8,United States,2021,44180,Health Care,Biotechnology: Pharmaceutical Preparations
FBLG,FibroBiologics Inc. Common Stock,$1.18,-0.06,-4.839%,7,United States,,94270,Health Care,Biotechnology: Pharmaceutical Preparations
SNGX,Soligenix Inc. Common Stock,$0.36,-0.0064,-1.752%,7,United States,,107904,Health Care,Biotechnology: Pharmaceutical Preparations
CURX,Curanex Pharmaceuticals Inc Common Stock,$4.96,0.24,5.085%,7,United States,2025,87381,Health Care,Biotechnology: Pharmaceutical Preparations
CNSP,CNS Pharmaceuticals Inc. Common Stock,$5.30,-0.0248,-0.466%,7,United States,2019,2361,Health Care,Biotechnology: Pharmaceutical Preparations
SKYE,Skye Bioscience Inc. Common Stock,$1.73,0.05,2.976%,7,United States,,35235,Health Care,Biotechnology: Pharmaceutical Preparations
NRSN,NeuroSense Therapeutics Ltd. Ordinary Shares,$4.03,0.095,2.414%,7,Israel,2021,12251,Health Care,Biotechnology: Pharmaceutical Preparations
AIM,AIM ImmunoTech Inc. Common Stock,$0.19,0.01,5.556%,7,,,1126407,Health Care,Biotechnology: Biological Products (No Diagnostic Substances)
GRMLW,Greenland Mines Ltd Warrant,$0.55,0.05,10.000%,7,United States,2022,144480,Health Care,Biotechnology: Biological Products (No Diagnostic Substances)
INM,InMed Pharmaceuticals Inc. Common Shares,$1.33,0,0.000%,7,Canada,,29771,Health Care,Biotechnology: Pharmaceutical Preparations
ACXP,Acurx Pharmaceuticals Inc. Common Stock,$1.31,0.04,3.150%,7,United States,2021,110880,Health Care,Biotechnology: Pharmaceutical Preparations
ENLV,Enlivex Ltd. Ordinary Shares,$0.36,-0.0253,-6.532%,7,Israel,2014,424614,Health Care,Biotechnology: Pharmaceutical Preparations
APUS,Apimeds Pharmaceuticals US Inc. Common Stock,$4.59,1.37,42.547%,7,,2025,33787826,Health Care,Biotechnology: Pharmaceutical Preparations
KALA,KALA BIO Inc. Common Stock,$0.36,-0.0225,-5.844%,7,United States,2017,1082195,Health Care,Biotechnology: Pharmaceutical Preparations
XCUR,Exicure Inc. Common Stock,$1.07,-0.08,-6.957%,7,United States,,18156,Health Care,Biotechnology: Pharmaceutical Preparations
CELZ,Creative Medical Technology Holdings Inc. Common Stock,$0.92,-0.0264,-2.790%,6,United States,,75376,Health Care,Biotechnology: Biological Products (No Diagnostic Substances)
VNRX,VolitionRX Limited Common Stock,$0.23,-0.003,-1.277%,6,Singapore,2015,716939,Health Care,Biotechnology: In Vitro & In Vivo Diagnostic Substances
IMNN,Imunon Inc. Common Stock,$1.24,-0.04,-3.125%,6,United States,,82744,Health Care,Biotechnology: Pharmaceutical Preparations
ALZN,Alzamend Neuro Inc. Common Stock,$1.41,0.04,2.920%,6,United States,2021,25436,Health Care,Biotechnology: Pharmaceutical Preparations
ENVB,Enveric Biosciences Inc. Common Stock,$1.51,0.03,2.027%,6,United States,,54337,Health Care,Biotechnology: Pharmaceutical Preparations
BOLT,Bolt Biotherapeutics Inc. Common Stock,$3.50,0.049,1.420%,6,United States,2021,9784,Health Care,Biotechnology: Pharmaceutical Preparations
CANF,Can-Fite Biopharma Ltd American Depositary Shares each representing two (2) Ordinary Shares,$2.14,-0.042,-1.925%,6,Israel,,28279,Health Care,Biotechnology: Pharmaceutical Preparations
CDIO,Cardio Diagnostics Holdings Inc. Common stock,$2.06,0.1,5.102%,6,United States,2022,39154,Health Care,Biotechnology: In Vitro & In Vivo Diagnostic Substances
SCNX,Scienture Holdings Inc. Common Stock,$3.71,-0.26,-6.549%,6,United States,,250484,Health Care,Biotechnology: Pharmaceutical Preparations
JAGX,Jaguar Health Inc. Common Stock,$4.73,1.07,29.235%,6,United States,2015,21896139,Health Care,Biotechnology: Pharmaceutical Preparations
LEXX,Lexaria Bioscience Corp. Common Stock,$2.77,-0.11,-3.819%,5,Canada,,40251,Health Care,Biotechnology: Pharmaceutical Preparations
GELS,Gelteq Limited Ordinary Shares,$0.54,0.0223,4.278%,5,Australia,2024,37341,Health Care,Biotechnology: Pharmaceutical Preparations
BGMS,Bio Green Med Solution Inc. Common Stock,$0.87,-0.0116,-1.318%,5,United States,,5882,Health Care,Biotechnology: Pharmaceutical Preparations
QCLS,Q/C Technologies Inc. Common Stock,$0.68,-0.0675,-9.024%,5,United States,2014,504254,Health Care,Biotechnology: In Vitro & In Vivo Diagnostic Substances
DRMA,Dermata Therapeutics Inc. Common Stock,$1.11,0.005,0.452%,5,United States,2021,14162,Health Care,Biotechnology: Pharmaceutical Preparations
PULM,Pulmatrix Inc. Common Stock,$1.48,-0.09,-5.732%,5,United States,2014,24309,Health Care,Biotechnology: Pharmaceutical Preparations
LIMN,Liminatus Pharma Inc. Class A Common Stock,$3.99,0.09,2.308%,5,United States,,18132,Health Care,Biotechnology: Biological Products (No Diagnostic Substances)
XTLB,XTL Biopharmaceuticals Ltd. American Depositary Shares,$2.18,0.02,0.926%,5,Israel,,12937,Health Care,Biotechnology: Pharmaceutical Preparations
ADXN,Addex Therapeutics Ltd American Depositary Shares,$3.10,0.03,0.977%,5,Switzerland,,5904,Health Care,Biotechnology: Pharmaceutical Preparations
KAPA,Kairos Pharma Ltd. Common Stock,$1.55,-0.01,-0.641%,5,,2024,19614,Health Care,Biotechnology: Pharmaceutical Preparations
LNAI,Lunai Bioworks Inc. Common Stock,$1.14,-0.16,-12.308%,5,United States,,69265,Health Care,Biotechnology: Pharmaceutical Preparations
XBIO,Xenetic Biosciences Inc. Common Stock,$2.20,-0.04,-1.786%,5,United States,,9535,Health Care,Biotechnology: Pharmaceutical Preparations
SXTP,60 Degrees Pharmaceuticals Inc. Common Stock,$1.44,0.05,3.597%,5,United States,2023,630102,Health Care,Biotechnology: Pharmaceutical Preparations
TRIB,Trinity Biotech plc American Depositary Shares,$5.77,0.08,1.406%,4,Ireland,1992,3113,Health Care,Biotechnology: In Vitro & In Vivo Diagnostic Substances
VRXAW,Veraxa Biotech AG Warrants,$0.03,-0.0038,-10.468%,4,Switzerland,,177133,Health Care,Biotechnology: Pharmaceutical Preparations
NCNA,NuCana plc American Depositary Share,$1.06,-0.03,-2.752%,4,United Kingdom,2017,71760,Health Care,Biotechnology: Pharmaceutical Preparations
ERNA,Ernexa Therapeutics Inc. Common Stock,$2.70,-0.26,-8.784%,4,United States,,21579,Health Care,Biotechnology: Pharmaceutical Preparations
PMCB,PharmaCyte  Biotech Inc. Common Stock,$0.39,-0.01,-2.499%,4,United States,,73623,Health Care,Biotechnology: Biological Products (No Diagnostic Substances)
GRI,GRI Bio Inc. Common Stock,$1.91,-0.05,-2.551%,4,United States,2021,84665,Health Care,Biotechnology: Pharmaceutical Preparations
PCSA,Processa Pharmaceuticals Inc. Common Stock,$1.49,-0.12,-7.453%,4,United States,,25743,Health Care,Biotechnology: Pharmaceutical Preparations
CLDI,Calidi Biotherapeutics Inc. Common Stock,$1.05,-0.03,-2.778%,3,,2021,22045,Health Care,Biotechnology: Biological Products (No Diagnostic Substances)
CAPS,Capstone Holding Corp. Common Stock,$0.14,-0.0025,-1.719%,3,United States,,766388,Health Care,Biotechnology: Pharmaceutical Preparations
HCWB,HCW Biologics Inc. Common Stock,$1.64,-0.04,-2.381%,3,United States,2021,83297,Health Care,Biotechnology: Pharmaceutical Preparations
EOCN,Eocene Ltd. Ordinary Shares,$3.45,-0.1599,-4.429%,3,Israel,2014,7673,Health Care,Biotechnology: Pharmaceutical Preparations
MBIO,Mustang Bio Inc. Common Stock,$0.46,-0.011,-2.335%,3,United States,,16694,Health Care,Biotechnology: Pharmaceutical Preparations
VIVS,VivoSim Labs Inc. Common Stock,$0.21,0.01,5.092%,3,United States,,444373,Health Care,Biotechnology: Biological Products (No Diagnostic Substances)
CVKD,Cadrenal Therapeutics Inc. Common Stock,$0.95,0.0056,0.596%,3,United States,2023,63365,Health Care,Biotechnology: Pharmaceutical Preparations
APVO,Aptevo Therapeutics Inc. Common Stock,$1.80,0.04,2.273%,3,United States,,28296,Health Care,Biotechnology: Pharmaceutical Preparations
GOVX,GeoVax Labs Inc. Common Stock,$0.32,-0.0002,-0.062%,3,United States,,11583770,Health Care,Biotechnology: Pharmaceutical Preparations
VRAX,Virax Biolabs Group Limited Ordinary Shares,$2.40,0.2,9.091%,3,United Kingdom,2022,2895139,Health Care,Biotechnology: In Vitro & In Vivo Diagnostic Substances
JUNS,Jupiter Neurosciences Inc. Common Stock,$2.42,-0.13,-5.098%,3,United States,2024,14953,Health Care,Biotechnology: Pharmaceutical Preparations
PPCB,Propanc Biopharma Inc. Common Stock,$0.50,-0.0075,-1.478%,3,Australia,,92296,Health Care,Biotechnology: Pharmaceutical Preparations
REVB,Revelation Biosciences Inc. Common Stock,$0.78,0.0135,1.768%,3,United States,2020,90634,Health Care,Biotechnology: Pharmaceutical Preparations
PRFX,PRF Technologies Ltd. Ordinary Shares,$0.88,-0.0357,-3.880%,3,Israel,2020,68907,Health Care,Biotechnology: Pharmaceutical Preparations
XRTX,XORTX Therapeutics Inc. Common Shares,$1.70,-0.0142,-0.828%,3,Canada,,8944,Health Care,Biotechnology: Pharmaceutical Preparations
DCOY,Decoy Therapeutics Inc. Common Stock,$1.67,-0.1,-5.650%,3,United States,2015,108031,Health Care,Biotechnology: Pharmaceutical Preparations
CMND,Clearmind Medicine Inc. Common Shares,$6.00,0.28,4.895%,3,Canada,,92654,Health Care,Biotechnology: Pharmaceutical Preparations
RDHL,Redhill Biopharma Ltd. American Depositary Shares,$0.49,-0.0072,-1.440%,2,Israel,,91883,Health Care,Biotechnology: Pharmaceutical Preparations
ONCO,Onconetix Inc. Common Stock,$0.67,-0.0607,-8.273%,2,United States,2022,509798,Health Care,Biotechnology: Pharmaceutical Preparations
SLXN,Silexion Therapeutics Corp Ordinary Shares,$0.27,0.0061,2.347%,2,Israel,,1233983,Health Care,Biotechnology: Biological Products (No Diagnostic Substances)
ESLAW,Estrella Immunopharma Inc. Warrant,$0.07,0,0.000%,2,United States,2021,32,Health Care,Biotechnology: Biological Products (No Diagnostic Substances)
MTNB,Matinas Biopharma Holdings Inc. Common Stock,$2.82,0.18,6.818%,2,United States,2017,183982,Health Care,Biotechnology: Pharmaceutical Preparations
SXTC,China SXT Pharmaceuticals Inc. Class A Ordinary Shares,$2.08,-0.33,-13.693%,2,China,2019,950480,Health Care,Biotechnology: Pharmaceutical Preparations
ELAB,PMGC Holdings Inc. Common Stock,$3.27,-0.09,-2.679%,2,United States,2023,41563,Health Care,Biotechnology: Pharmaceutical Preparations
SILO,Silo Pharma Inc. Common Stock,$1.49,0.032,2.195%,2,United States,,212187,Health Care,Biotechnology: Pharmaceutical Preparations
BDRX,Biodexa Pharmaceuticals plc American Depositary Shs,$0.61,-0.0057,-0.920%,2,United Kingdom,,103689,Health Care,Biotechnology: Pharmaceutical Preparations
PPBT,Purple Biotech Ltd. American Depositary Shares,$1.56,0.05,3.311%,2,Israel,2015,33763,Health Care,Biotechnology: Pharmaceutical Preparations
SPRC,SciSparc Ltd. Ordinary Shares,$4.36,-0.36,-7.627%,2,Israel,,14304,Health Care,Biotechnology: Pharmaceutical Preparations
BIVIW,BioVie Inc. Warrant,$0.28,-0.0356,-11.280%,2,United States,,6000,Health Care,Biotechnology: Pharmaceutical Preparations
GNPX,Genprex Inc. Common Stock,$2.72,0.09,3.422%,2,United States,2018,151746,Health Care,Biotechnology: Pharmaceutical Preparations
OGEN,Oragenics Inc. Common Stock,$0.49,-0.0014,-0.287%,2,United States,,42474,Health Care,Biotechnology: Pharmaceutical Preparations
BFRGW,Bullfrog AI Holdings Inc. Warrants,$0.11,-0.028,-20.000%,2,United States,2023,20663,Health Care,Biotechnology: Pharmaceutical Preparations
LABT,Lakewood-Amedex Biotherapeutics Inc. Common Stock,$0.85,-0.0777,-8.332%,2,United States,,273522,Health Care,Biotechnology: Pharmaceutical Preparations
TCRT,Alaunos Therapeutics Inc. Common Stock,$0.80,-0.0247,-3.012%,2,United States,,49404,Health Care,Biotechnology: Pharmaceutical Preparations
ARTL,Artelo Biosciences Inc. Common Stock,$3.51,-0.17,-4.620%,1,United States,,53399,Health Care,Biotechnology: Pharmaceutical Preparations
SBFM,Sunshine Biopharma Inc. Common Stock,$0.42,-0.2464,-36.969%,1,Canada,,2130352,Health Care,Biotechnology: Pharmaceutical Preparations
SCNI,Scinai Immunotherapeutics Ltd. American Depositary Shares,$1.26,-0.07,-5.263%,1,Israel,2015,42261,Health Care,Biotechnology: Biological Products (No Diagnostic Substances)
BCTXZ,BriaCell Therapeutics Corp. Warrant expiring 2030,$0.19,-0.108,-36.242%,1,Canada,,746,Health Care,Biotechnology: Pharmaceutical Preparations
CRIS,Curis Inc. Common Stock,$0.79,-0.0144,-1.792%,1,United States,,557525,Health Care,Biotechnology: Biological Products (No Diagnostic Substances)
SABSW,SAB Biotherapeutics Inc. Warrant,$0.01,0.0006,4.286%,1,United States,2021,14697,Health Care,Biotechnology: Biological Products (No Diagnostic Substances)
HLSQ,Tessera Defense and Homeland Security Inc. Common Stock,$0.41,0.05,13.889%,1,,2019,5705788,Health Care,Biotechnology: Biological Products (No Diagnostic Substances)
CDT,CDT Equity Inc. Common Stock,$0.92,-0.0723,-7.303%,1,United States,2022,352802,Health Care,Biotechnology: Pharmaceutical Preparations
SCLXW,Scilex Holding Company Warrant,$0.10,0,0.000%,0,United States,2021,447,Health Care,Biotechnology: Biological Products (No Diagnostic Substances)
TVGNW,Tevogen Inc. Warrant,$0.06,0.0024,3.915%,0,United States,2022,121864,Health Care,Biotechnology: Biological Products (No Diagnostic Substances)
BFRIW,Biofrontera Inc. Warrants,$0.01,-0.0002,-1.333%,0,United States,2021,281,Health Care,Biotechnology: Pharmaceutical Preparations
SBFMW,Sunshine Biopharma Inc. Warrant,$0.03,0.0001,0.398%,0,Canada,,2600,Health Care,Biotechnology: Pharmaceutical Preparations
PBMWW,Psyence Biomedical Ltd. Warrant,$0.02,-0.0001,-0.474%,0,Canada,,40834,Health Care,Biotechnology: Pharmaceutical Preparations
NRSNW,NeuroSense Therapeutics Ltd. Warrant,$0.04,-0.0004,-1.000%,0,Israel,2021,7843,Health Care,Biotechnology: Pharmaceutical Preparations
SLXNW,Silexion Therapeutics Corp Warrant,$0.01,0,0.000%,0,Israel,,2989,Health Care,Biotechnology: Biological Products (No Diagnostic Substances)
ERNAW,Ernexa Therapeutics Inc. Warrants,$0.04,0.0031,9.718%,0,United States,,15757,Health Care,Biotechnology: Pharmaceutical Preparations
CINGW,Cingulate Inc. Warrants,$0.00,-0.0016,-31.373%,0,United States,2021,54526,Health Care,Biotechnology: Pharmaceutical Preparations
CDIOW,Cardio Diagnostics Holdings Inc. Warrant,$0.01,0.0023,23.000%,0,United States,2022,1104,Health Care,Biotechnology: In Vitro & In Vivo Diagnostic Substances
APLMW,Apollomics Inc. Warrant,$0.01,-0.0001,-0.952%,0,United States,,50639,Health Care,Biotechnology: Pharmaceutical Preparations
REVBW,Revelation Biosciences Inc. Warrant,$0.01,0.0001,1.852%,0,United States,2020,27188,Health Care,Biotechnology: Pharmaceutical Preparations
BKHA,Black Hawk Acquisition Corporation Class A Ordinary Shares,$12.28,-0.1,-0.808%,0,United States,2024,1279,Health Care,Biotechnology: Biological Products (No Diagnostic Substances)
BKHAR,Black Hawk Acquisition Corporation Rights,$1.70,-0.03,-1.734%,0,United States,2024,15765,Health Care,Biotechnology: Biological Products (No Diagnostic Substances)
EMIS,Emmis Acquisition Corp. Class A Ordinary Shares,$10.27,0,0.000%,0,United States,2025,6,Health Care,Biotechnology: Pharmaceutical Preparations
