Symbol,Name,Last Sale,Net Change,% Change,Market Cap,Country,IPO Year,Volume,Sector,Industry
LLY,Eli Lilly and Company Common Stock,$1169.60,-19.12,-1.608%,1101011,United States,,3093914,Health Care,Biotechnology: Pharmaceutical Preparations
JNJ,Johnson & Johnson Common Stock,$256.48,-1.97,-0.762%,618090,United States,,6177521,Health Care,Biotechnology: Pharmaceutical Preparations
ABBV,AbbVie Inc. Common Stock,$272.42,1.06,0.391%,481398,United States,2012,5494951,Health Care,Biotechnology: Pharmaceutical Preparations
MRK,Merck & Company Inc. Common Stock (new),$142.38,-0.41,-0.287%,351275,United States,,8411491,Health Care,Biotechnology: Pharmaceutical Preparations
NVS,Novartis AG Common Stock,$143.11,-0.17,-0.119%,273075,Switzerland,,1532610,Health Care,Biotechnology: Pharmaceutical Preparations
AZN,AstraZeneca PLC Ordinary Shares,$158.78,-1.34,-0.837%,246224,United Kingdom,2026,3488784,Health Care,Biotechnology: Pharmaceutical Preparations
AMGN,Amgen Inc. Common Stock,$407.44,-5.64,-1.365%,220275,United States,1983,2378292,Health Care,Biotechnology: Biological Products (No Diagnostic Substances)
GILD,Gilead Sciences Inc. Common Stock,$147.10,0.25,0.170%,182397,United States,1992,4489741,Health Care,Biotechnology: Biological Products (No Diagnostic Substances)
ABT,Abbott Laboratories Common Stock,$98.49,-0.24,-0.243%,170425,United States,,13909637,Health Care,Biotechnology: Pharmaceutical Preparations
NVO,Novo Nordisk A/S Common Stock,$38.18,-0.08,-0.209%,169058,Denmark,,11817185,Health Care,Biotechnology: Pharmaceutical Preparations
PFE,Pfizer Inc. Common Stock,$27.82,-0.18,-0.643%,158564,United States,,44433445,Health Care,Biotechnology: Pharmaceutical Preparations
VRTX,Vertex Pharmaceuticals Incorporated Common Stock,$503.25,-2.39,-0.473%,127554,United States,1991,1487974,Health Care,Biotechnology: Pharmaceutical Preparations
BMY,Bristol-Myers Squibb Company Common Stock,$59.58,-0.12,-0.201%,121704,United States,,13070833,Health Care,Biotechnology: Pharmaceutical Preparations
SNY,Sanofi ADS,$40.23,0.03,0.075%,98115,France,,2997168,Health Care,Biotechnology: Pharmaceutical Preparations
GSK,GSK plc American Depositary Shares (Each representing two Ordinary Shares),$46.54,-0.48,-1.021%,94136,United Kingdom,2022,7730535,Health Care,Biotechnology: Pharmaceutical Preparations
MRNA,Moderna Inc. Common Stock,$197.00,0.52,0.265%,78649,United States,2018,37399998,Health Care,Biotechnology: Biological Products (No Diagnostic Substances)
REGN,Regeneron Pharmaceuticals Inc. Common Stock,$739.57,-2.55,-0.344%,76142,United States,1991,500298,Health Care,Biotechnology: Pharmaceutical Preparations
TAK,Takeda Pharmaceutical Company Limited American Depositary Shares (each representing 1/2 of a share of Common Stock),$18.52,0.15,0.817%,58520,Japan,2018,3510660,Health Care,Biotechnology: Pharmaceutical Preparations
ARGX,argenx SE American Depositary Shares,$818.63,-109.81,-11.827%,50806,Netherlands,2017,2454542,Health Care,Biotechnology: Biological Products (No Diagnostic Substances)
TEVA,Teva Pharmaceutical Industries Limited Ordinary Shares,$39.25,0.07,0.179%,45737,Israel,,5823128,Health Care,Biotechnology: Pharmaceutical Preparations
IDXX,IDEXX Laboratories Inc. Common Stock,$513.14,6.47,1.277%,40425,United States,1991,696679,Health Care,Biotechnology: In Vitro & In Vivo Diagnostic Substances
RVMD,Revolution Medicines Inc. Common Stock,$188.12,-12.75,-6.347%,40320,United States,2020,4858244,Health Care,Biotechnology: Biological Products (No Diagnostic Substances)
ONC,BeOne Medicines Ltd. American Depositary Shares,$350.13,-13.89,-3.816%,39810,Cayman Islands,2016,418690,Health Care,Biotechnology: Pharmaceutical Preparations
RPRX,Royalty Pharma plc Class A Ordinary Shares ,$56.21,-0.55,-0.969%,32320,United States,2020,2847355,Health Care,Biotechnology: Pharmaceutical Preparations
BIIB,Biogen Inc. Common Stock,$218.43,-3.72,-1.675%,32273,United States,,1339137,Health Care,Biotechnology: Biological Products (No Diagnostic Substances)
ZTS,Zoetis Inc. Class A Common Stock,$73.08,1.53,2.138%,30198,United States,2013,6176472,Health Care,Biotechnology: Pharmaceutical Preparations
ALNY,Alnylam Pharmaceuticals Inc. Common Stock,$224.53,0.12,0.053%,30044,United States,2004,1771702,Health Care,Biotechnology: Pharmaceutical Preparations
ROIV,Roivant Sciences Ltd. Common Shares,$34.21,-0.54,-1.554%,24710,United Kingdom,,6404052,Health Care,Biotechnology: Pharmaceutical Preparations
BNTX,BioNTech SE American Depositary Share,$92.06,-3.19,-3.349%,23125,Germany,2019,1206708,Health Care,Biotechnology: Biological Products (No Diagnostic Substances)
UTHR,United Therapeutics Corporation Common Stock,$532.78,-12.22,-2.242%,22851,United States,1999,1435566,Health Care,Biotechnology: Pharmaceutical Preparations
INSM,Insmed Incorporated Common Stock,$100.48,-1.26,-1.238%,21942,United States,,5251785,Health Care,Biotechnology: Pharmaceutical Preparations
VTRS,Viatris Inc. Common Stock,$17.44,-0.05,-0.286%,20031,United States,,14110431,Health Care,Biotechnology: Pharmaceutical Preparations
ASND,Ascendis Pharma A/S Ordinary Share,$222.69,-5.72,-2.504%,14671,Denmark,2015,924875,Health Care,Biotechnology: Pharmaceutical Preparations
EXEL,Exelixis Inc. Common Stock,$59.02,0.58,0.992%,14624,United States,2000,2685185,Health Care,Biotechnology: Biological Products (No Diagnostic Substances)
JAZZ,Jazz Pharmaceuticals plc Common Stock (Ireland),$222.45,-8.74,-3.780%,14440,Ireland,2007,1268836,Health Care,Biotechnology: Pharmaceutical Preparations
NBIX,Neurocrine Biosciences Inc. Common Stock,$141.25,-2.22,-1.547%,14357,United States,1996,1237879,Health Care,Biotechnology: Biological Products (No Diagnostic Substances)
SMMT,Summit Therapeutics Inc. Common Stock ,$17.17,-0.78,-4.345%,13731,United States,2015,6179509,Health Care,Biotechnology: Pharmaceutical Preparations
CORT,Corcept Therapeutics Incorporated Common Stock,$118.54,-1.06,-0.886%,12813,United States,2004,496802,Health Care,Biotechnology: Pharmaceutical Preparations
BBIO,BridgeBio Pharma Inc. Common Stock,$65.04,-1.46,-2.195%,12714,United States,2019,3362128,Health Care,Biotechnology: Pharmaceutical Preparations
HALO,Halozyme Therapeutics Inc. Common Stock,$109.84,-0.95,-0.857%,12466,United States,,2490504,Health Care,Biotechnology: Biological Products (No Diagnostic Substances)
TECH,Bio-Techne Corp Common Stock,$72.45,-0.08,-0.110%,11361,United States,,5390366,Health Care,Biotechnology: Biological Products (No Diagnostic Substances)
ELAN,Elanco Animal Health Incorporated Common Stock,$22.54,0.18,0.805%,11261,United States,2018,4570505,Health Care,Biotechnology: Pharmaceutical Preparations
MDGL,Madrigal Pharmaceuticals Inc. Common Stock,$476.91,-10.81,-2.216%,11018,United States,2007,374474,Health Care,Biotechnology: Pharmaceutical Preparations
BMRN,BioMarin Pharmaceutical Inc. Common Stock,$54.89,-0.31,-0.562%,10625,United States,1999,3098943,Health Care,Biotechnology: Pharmaceutical Preparations
IBRX,ImmunityBio Inc. Common Stock,$9.91,0.16,1.641%,10502,United States,2015,10492117,Health Care,Biotechnology: Biological Products (No Diagnostic Substances)
RDY,Dr. Reddy's Laboratories Ltd Common Stock,$12.20,-0.07,-0.570%,10182,India,,3834523,Health Care,Biotechnology: Pharmaceutical Preparations
TWST,Twist Bioscience Corporation Common Stock,$152.05,-3.6,-2.313%,10081,United States,2018,4373907,Health Care,Biotechnology: Biological Products (No Diagnostic Substances)
KRYS,Krystal Biotech Inc. Common Stock,$327.30,2.73,0.841%,9687,United States,2017,271592,Health Care,Biotechnology: Biological Products (No Diagnostic Substances)
PCVX,Vaxcyte Inc. Common Stock,$65.02,-1.945,-2.905%,9674,United States,2020,3848386,Health Care,Biotechnology: Biological Products (No Diagnostic Substances)
QGEN,Qiagen N.V. Common Shares,$44.53,-0.26,-0.580%,9176,Netherlands,2026,1559554,Health Care,Biotechnology: Biological Products (No Diagnostic Substances)
KYMR,Kymera Therapeutics Inc. Common Stock,$109.30,0.95,0.877%,9088,United States,2020,1044742,Health Care,Biotechnology: Biological Products (No Diagnostic Substances)
PTGX,Protagonist Therapeutics Inc. Common Stock,$139.91,-1.01,-0.717%,9053,United States,2016,1000115,Health Care,Biotechnology: Pharmaceutical Preparations
AXSM,Axsome Therapeutics Inc. Common Stock,$170.08,-2.89,-1.671%,8908,United States,2015,1073758,Health Care,Biotechnology: Pharmaceutical Preparations
CYTK,Cytokinetics Incorporated Common Stock,$62.01,0.89,1.456%,8620,United States,2004,2594698,Health Care,Biotechnology: Pharmaceutical Preparations
ARWR,Arrowhead Pharmaceuticals Inc. Common Stock,$60.74,-0.74,-1.204%,8579,United States,,1784873,Health Care,Biotechnology: Pharmaceutical Preparations
TGTX,TG Therapeutics Inc. Common Stock,$53.34,0.39,0.737%,8164,United States,,1735241,Health Care,Biotechnology: Pharmaceutical Preparations
RGEN,Repligen Corporation Common Stock,$163.84,-3.38,-2.021%,8015,United States,1986,1226902,Health Care,Biotechnology: Biological Products (No Diagnostic Substances)
ABVX,Abivax SA American Depositary Shares,$89.05,2.04,2.345%,7769,France,2023,2110797,Health Care,Biotechnology: Pharmaceutical Preparations
PRAX,Praxis Precision Medicines Inc. Common Stock,$263.55,-14.47,-5.205%,7358,United States,2020,675728,Health Care,Biotechnology: Pharmaceutical Preparations
IONS,Ionis Pharmaceuticals Inc. Common Stock,$43.30,-0.86,-1.947%,7195,United States,,3349332,Health Care,Biotechnology: Pharmaceutical Preparations
SYRE,Spyre Therapeutics Inc. Common Stock,$79.90,-0.95,-1.175%,7045,United States,2016,2326721,Health Care,Biotechnology: Pharmaceutical Preparations
AMRX,Amneal Pharmaceuticals Inc. Class A Common Stock,$19.65,0,0.000%,6844,United States,,3242026,Health Care,Biotechnology: Pharmaceutical Preparations
ALKS,Alkermes plc Ordinary Shares,$40.11,-1.335,-3.221%,6728,Ireland,1991,3251080,Health Care,Biotechnology: Pharmaceutical Preparations
LNTH,Lantheus Holdings Inc. Common Stock,$100.12,-0.06,-0.060%,6535,United States,2015,520204,Health Care,Biotechnology: In Vitro & In Vivo Diagnostic Substances
IMVT,Immunovant Inc. Common Stock,$30.26,-1.78,-5.556%,6250,United States,2019,1755687,Health Care,Biotechnology: Biological Products (No Diagnostic Substances)
RYTM,Rhythm Pharmaceuticals Inc. Common Stock,$89.64,1.19,1.345%,6171,United States,2017,1008549,Health Care,Biotechnology: Pharmaceutical Preparations
KNSA,Kiniksa Pharmaceuticals International plc Class A Ordinary Shares,$78.75,0.79,1.013%,6144,United States,2018,411604,Health Care,Biotechnology: Pharmaceutical Preparations
BLTE,Belite Bio Inc American Depositary Shares,$152.52,-3.56,-2.281%,6142,United States,2022,154433,Health Care,Biotechnology: Pharmaceutical Preparations
IOVA,Iovance Biotherapeutics Inc. Common Stock,$13.31,0.395,3.058%,6029,United States,,14824282,Health Care,Biotechnology: Biological Products (No Diagnostic Substances)
KOD,Kodiak Sciences Inc Common Stock,$94.26,3.18,3.491%,5924,United States,2018,1528993,Health Care,Biotechnology: Biological Products (No Diagnostic Substances)
LGND,Ligand Pharmaceuticals Incorporated Common Stock,$295.00,1.74,0.593%,5881,United States,,318889,Health Care,Biotechnology: Pharmaceutical Preparations
CGON,CG Oncology Inc. Common stock,$63.26,0.88,1.411%,5607,United States,2024,910341,Health Care,Biotechnology: Biological Products (No Diagnostic Substances)
ERAS,Erasca Inc. Common Stock,$15.46,1.34,9.490%,5407,United States,2021,9613191,Health Care,Biotechnology: Pharmaceutical Preparations
MANE,Veradermics Incorporated Common Stock,$126.63,15.68,14.132%,5290,United States,2026,3491188,Health Care,Biotechnology: Pharmaceutical Preparations
MIRM,Mirum Pharmaceuticals Inc. Common Stock,$81.35,0.71,0.880%,5282,United States,2019,664336,Health Care,Biotechnology: Pharmaceutical Preparations
PTCT,PTC Therapeutics Inc. Common Stock,$62.56,-0.67,-1.060%,5221,United States,2013,1227472,Health Care,Biotechnology: Pharmaceutical Preparations
COGT,Cogent Biosciences Inc. Common Stock,$30.08,-0.06,-0.199%,5219,United States,2018,3644020,Health Care,Biotechnology: Pharmaceutical Preparations
SRRK,Scholar Rock Holding Corporation Common Stock,$42.20,0,0.000%,5139,United States,2018,3303957,Health Care,Biotechnology: Biological Products (No Diagnostic Substances)
ORKA,Oruka Therapeutics Inc. Common Stock,$77.28,-2.22,-2.792%,5116,United States,,1225061,Health Care,Biotechnology: In Vitro & In Vivo Diagnostic Substances
GRFS,Grifols S.A. American Depositary Shares,$7.41,-0.09,-1.200%,5094,Spain,,368087,Health Care,Biotechnology: Pharmaceutical Preparations
TVTX,Travere Therapeutics Inc. Common Stock,$52.04,-1.4,-2.620%,4905,United States,,1647234,Health Care,Biotechnology: Pharmaceutical Preparations
CRSP,CRISPR Therapeutics AG Common Shares,$50.44,-1.91,-3.649%,4877,Switzerland,2016,2867162,Health Care,Biotechnology: Biological Products (No Diagnostic Substances)
GMAB,Genmab A/S ADS,$36.05,-0.6,-1.637%,4631,Denmark,2019,4299909,Health Care,Biotechnology: Pharmaceutical Preparations
DNTH,Dianthus Therapeutics Inc. Common Stock,$82.43,-2.45,-2.886%,4610,United States,2018,1003720,Health Care,Biotechnology: Pharmaceutical Preparations
EWTX,Edgewise Therapeutics Inc. Common Stock,$39.23,-0.34,-0.859%,4260,United States,2021,1363742,Health Care,Biotechnology: Pharmaceutical Preparations
INDV,Indivior Pharmaceuticals Inc. Common Stock,$35.45,-0.68,-1.882%,4184,United Kingdom,,1527202,Health Care,Biotechnology: Pharmaceutical Preparations
ADPT,Adaptive Biotechnologies Corporation Common Stock,$26.09,-0.19,-0.723%,4163,United States,2019,2647009,Health Care,Biotechnology: Biological Products (No Diagnostic Substances)
ABCL,AbCellera Biologics Inc. Common Shares,$12.02,-0.81,-6.313%,3893,Canada,2020,8523200,Health Care,Biotechnology: Pharmaceutical Preparations
RLAY,Relay Therapeutics Inc. Common Stock,$17.41,-0.54,-3.008%,3815,United States,2020,4333025,Health Care,Biotechnology: Biological Products (No Diagnostic Substances)
TNGX,Tango Therapeutics Inc.,$22.57,0.74,3.390%,3805,United States,2020,5074447,Health Care,Biotechnology: Pharmaceutical Preparations
TLX,Telix Pharmaceuticals Limited American Depositary Shares,$11.01,-0.11,-0.989%,3729,Australia,,390367,Health Care,Biotechnology: Pharmaceutical Preparations
LEGN,Legend Biotech Corporation American Depositary Shares,$18.71,-0.41,-2.144%,3638,United States,2020,2150116,Health Care,Biotechnology: Pharmaceutical Preparations
OGN,Organon & Co. Common Stock ,$13.75,-0.04,-0.290%,3610,United States,2021,2090106,Health Care,Biotechnology: Pharmaceutical Preparations
XENE,Xenon Pharmaceuticals Inc. Common Shares,$36.16,-0.25,-0.687%,3501,Canada,2014,2269835,Health Care,Biotechnology: Pharmaceutical Preparations
VKTX,Viking Therapeutics Inc. Common Stock,$27.73,-0.81,-2.838%,3485,United States,2015,8732663,Health Care,Biotechnology: Pharmaceutical Preparations
IDYA,IDEAYA Biosciences Inc. Common Stock,$36.06,-0.2,-0.552%,3479,United States,2019,548755,Health Care,Biotechnology: Pharmaceutical Preparations
PBLS,Parabilis Medicines Inc. Common Stock,$28.09,-0.73,-2.533%,3425,United States,2026,1392657,Health Care,Biotechnology: Pharmaceutical Preparations
AMLX,Amylyx Pharmaceuticals Inc. Common Stock,$27.20,-0.23,-0.838%,3412,United States,2022,2622205,Health Care,Biotechnology: Pharmaceutical Preparations
TARS,Tarsus Pharmaceuticals Inc. Common Stock,$72.22,-1.39,-1.888%,3379,United States,2020,642160,Health Care,Biotechnology: Biological Products (No Diagnostic Substances)
ACAD,ACADIA Pharmaceuticals Inc. Common Stock,$19.58,-0.07,-0.356%,3373,United States,1985,2006623,Health Care,Biotechnology: Pharmaceutical Preparations
ARQT,Arcutis Biotherapeutics Inc. Common Stock,$24.49,0.32,1.324%,3078,United States,2020,2605968,Health Care,Biotechnology: Pharmaceutical Preparations
DYN,Dyne Therapeutics Inc. Common Stock,$16.37,0.4,2.505%,3057,United States,2020,6279547,Health Care,Biotechnology: Pharmaceutical Preparations
RCUS,Arcus Biosciences Inc. Common Stock,$23.83,-0.69,-2.814%,3034,United States,2018,1865030,Health Care,Biotechnology: Pharmaceutical Preparations
DNLI,Denali Therapeutics Inc. Common Stock,$18.67,-0.49,-2.557%,2984,United States,2017,2366572,Health Care,Biotechnology: Biological Products (No Diagnostic Substances)
ELVN,Enliven Therapeutics Inc. Common Stock,$40.63,-0.73,-1.765%,2976,United States,2020,1651571,Health Care,Biotechnology: Pharmaceutical Preparations
ZLAB,Zai Lab Limited American Depositary Shares,$24.81,-0.5,-1.976%,2785,China,2017,979240,Health Care,Biotechnology: Pharmaceutical Preparations
PGEN,Precigen Inc. Common Stock,$7.60,0.06,0.796%,2721,United States,,3829617,Health Care,Biotechnology: Pharmaceutical Preparations
MBX,MBX Biosciences Inc. Common Stock,$53.25,-1.29,-2.365%,2564,United States,2024,413902,Health Care,Biotechnology: Pharmaceutical Preparations
NEOG,Neogen Corporation Common Stock,$11.71,0.03,0.257%,2556,United States,1989,8670532,Health Care,Biotechnology: In Vitro & In Vivo Diagnostic Substances
NAMS,NewAmsterdam Pharma Company N.V. Ordinary Shares,$21.26,-0.87,-3.931%,2541,Netherlands,,1665053,Health Care,Biotechnology: Pharmaceutical Preparations
BEAM,Beam Therapeutics Inc. Common Stock,$24.60,-0.17,-0.686%,2540,United States,2020,2426383,Health Care,Biotechnology: Biological Products (No Diagnostic Substances)
LQDA,Liquidia Corporation Common Stock,$28.02,1.34,5.022%,2508,United States,2018,5259713,Health Care,Biotechnology: Pharmaceutical Preparations
VCRE,Vicore Pharma Holding AB American Depositary Shares,$8.82,0.16,1.848%,2483,Sweden,,21082,Health Care,Biotechnology: Pharmaceutical Preparations
SUPN,Supernus Pharmaceuticals Inc. Common Stock,$42.14,-0.91,-2.114%,2449,United States,2012,684184,Health Care,Biotechnology: Pharmaceutical Preparations
HCM,HUTCHMED (China) Limited American Depositary Shares,$13.67,-0.61,-4.272%,2384,Hong Kong,2016,45089,Health Care,Biotechnology: Pharmaceutical Preparations
IRON,Disc Medicine Inc. Common Stock,$60.77,-0.41,-0.670%,2333,United States,,846856,Health Care,Biotechnology: Pharmaceutical Preparations
ADMA,ADMA Biologics Inc Common Stock,$10.33,0.19,1.874%,2313,United States,,3903215,Health Care,Biotechnology: Biological Products (No Diagnostic Substances)
HRMY,Harmony Biosciences Holdings Inc. Common Stock,$39.60,0.26,0.661%,2306,United States,2020,865081,Health Care,Biotechnology: Pharmaceutical Preparations
NRIX,Nurix Therapeutics Inc. Common stock,$22.21,-0.52,-2.288%,2304,United States,2020,2345005,Health Care,Biotechnology: Pharmaceutical Preparations
CLDX,Celldex Therapeutics Inc.,$29.30,-1.13,-3.713%,2300,United States,,3950518,Health Care,Biotechnology: In Vitro & In Vivo Diagnostic Substances
IMNM,Immunome Inc. Common Stock,$19.31,0.215,1.126%,2278,United States,2020,2131032,Health Care,Biotechnology: Pharmaceutical Preparations
SLS,SELLAS Life Sciences Group Inc. Common Stock,$11.26,-0.05,-0.442%,2273,United States,,4207839,Health Care,Biotechnology: Pharmaceutical Preparations
PBH,Prestige Consumer Healthcare Inc. Common Stock,$47.87,0.3,0.631%,2267,United States,2005,558530,Health Care,Biotechnology: Pharmaceutical Preparations
BHC,Bausch Health Companies Inc. Common Stock,$6.04,-0.11,-1.789%,2258,Canada,,1268371,Health Care,Biotechnology: Pharmaceutical Preparations
ALVO,Alvotech Ordinary Shares,$5.67,-0.18,-3.077%,2213,Luxembourg,,668929,Health Care,Biotechnology: Biological Products (No Diagnostic Substances)
PHVS,Pharvaris N.V. Ordinary Shares,$31.12,-0.56,-1.768%,2168,Netherlands,2021,628493,Health Care,Biotechnology: Pharmaceutical Preparations
AUPH,Aurinia Pharmaceuticals Inc Ordinary Shares,$16.22,0.21,1.312%,2158,Canada,,831070,Health Care,Biotechnology: Pharmaceutical Preparations
VERA,Vera Therapeutics Inc. Class A Common Stock,$29.73,-0.52,-1.719%,2142,United States,2021,1731305,Health Care,Biotechnology: Pharmaceutical Preparations
BCRX,BioCryst Pharmaceuticals Inc. Common Stock,$8.29,-0.11,-1.310%,2118,United States,1994,5121998,Health Care,Biotechnology: Biological Products (No Diagnostic Substances)
RXRX,Recursion Pharmaceuticals Inc. Class A Common Stock,$3.95,-0.32,-7.494%,2114,United States,2021,30898640,Health Care,Biotechnology: Biological Products (No Diagnostic Substances)
VRDN,Viridian Therapeutics Inc. Common Stock,$18.34,0.06,0.328%,2077,United States,2014,2443797,Health Care,Biotechnology: Pharmaceutical Preparations
VCEL,Vericel Corporation Common Stock,$40.05,-0.69,-1.694%,2050,United States,,749162,Health Care,Biotechnology: Biological Products (No Diagnostic Substances)
RVMDW,Revolution Medicines Inc. Warrant,$9.44,-1.32,-12.268%,2023,United States,,75638,Health Care,Biotechnology: Biological Products (No Diagnostic Substances)
PRGO,Perrigo Company plc Ordinary Shares,$14.50,-0.05,-0.344%,2012,United States,,2879385,Health Care,Biotechnology: Pharmaceutical Preparations
MLYS,Mineralys Therapeutics Inc. Common Stock,$22.38,0.29,1.313%,1978,United States,2023,2245303,Health Care,Biotechnology: Pharmaceutical Preparations
SDGR,Schrodinger Inc. Common Stock,$26.39,-0.9,-3.298%,1974,United States,2020,3082535,Health Care,Biotechnology: Pharmaceutical Preparations
LKFT,Lakefront Biotherapeutics American Depositary Shares,$29.51,-0.49,-1.633%,1944,Belgium,2015,505033,Health Care,Biotechnology: Pharmaceutical Preparations
SRPT,Sarepta Therapeutics Inc. Common Stock (DE),$18.21,0.71,4.057%,1923,United States,,3515479,Health Care,Biotechnology: Pharmaceutical Preparations
AGIO,Agios Pharmaceuticals Inc. Common Stock,$31.92,0.13,0.409%,1905,United States,2013,2078665,Health Care,Biotechnology: Pharmaceutical Preparations
PVLA,Palvella Therapeutics Inc. Common Stock,$131.34,0.75,0.574%,1892,United States,,209345,Health Care,Biotechnology: Pharmaceutical Preparations
ADRX,ADARx Pharmaceuticals Inc. Common Stock,$17.68,0.345,1.991%,1887,United States,2026,420208,Health Care,Biotechnology: Pharmaceutical Preparations
VIR,Vir Biotechnology Inc. Common Stock,$11.12,-0.4,-3.472%,1881,United States,2019,3071278,Health Care,Biotechnology: Biological Products (No Diagnostic Substances)
MRVI,Maravai LifeSciences Holdings Inc. Class A Common Stock,$7.21,-0.22,-2.961%,1872,United States,2020,3594457,Health Care,Biotechnology: Pharmaceutical Preparations
XERS,Xeris Biopharma Holdings Inc. Common Stock,$10.19,0.08,0.791%,1857,United States,2018,1979143,Health Care,Biotechnology: Pharmaceutical Preparations
GPCR,Structure Therapeutics Inc. American Depositary Shares,$25.67,-1.01,-3.786%,1830,United States,2023,939803,Health Care,Biotechnology: Pharmaceutical Preparations
TRVI,Trevi Therapeutics Inc. Common Stock,$12.82,-0.315,-2.397%,1827,United States,2019,6353202,Health Care,Biotechnology: Pharmaceutical Preparations
XNCR,Xencor Inc. Common Stock,$24.50,0.24,0.989%,1821,United States,2013,2189297,Health Care,Biotechnology: Pharmaceutical Preparations
NVAX,Novavax Inc. Common Stock,$11.01,-0.21,-1.872%,1816,United States,,6213377,Health Care,Biotechnology: Biological Products (No Diagnostic Substances)
URGN,UroGen Pharma Ltd. Ordinary Shares,$36.98,-3.72,-9.140%,1807,Israel,2017,2016439,Health Care,Biotechnology: Pharmaceutical Preparations
BHVN,Biohaven Ltd. Common Shares ,$11.93,0.05,0.421%,1801,United States,2022,2698894,Health Care,Biotechnology: Pharmaceutical Preparations
GENB,Generate Biomedicines Inc. Common Stock,$13.99,0.42,3.095%,1795,United States,2026,1155773,Health Care,Biotechnology: Pharmaceutical Preparations
ZYME,Zymeworks Inc. Common Stock,$25.26,-1.27,-4.787%,1792,United States,,1367184,Health Care,Biotechnology: Pharmaceutical Preparations
MESO,Mesoblast Limited American Depositary Shares,$13.75,-0.19,-1.363%,1788,Australia,2015,239303,Health Care,Biotechnology: Biological Products (No Diagnostic Substances)
NTLA,Intellia Therapeutics Inc. Common Stock,$12.60,0.89,7.600%,1765,United States,2016,13974269,Health Care,Biotechnology: In Vitro & In Vivo Diagnostic Substances
NUVB,Nuvation Bio Inc. Class A Common Stock,$4.95,0.09,1.852%,1738,United States,2020,9290040,Health Care,Biotechnology: Pharmaceutical Preparations
SEPN,Septerna Inc. Common Stock,$36.90,0.9,2.500%,1722,United States,2024,745407,Health Care,Biotechnology: Pharmaceutical Preparations
BRVE,Braveheart Bio Inc. Common Stock,$19.09,0.51,2.745%,1718,United States,2026,389191,Health Care,Biotechnology: Pharmaceutical Preparations
ZBIO,Zenas BioPharma Inc. Common Stock,$26.24,-1.94,-6.884%,1710,United States,2024,557529,Health Care,Biotechnology: Pharmaceutical Preparations
ANIP,ANI Pharmaceuticals Inc.,$71.98,0.05,0.070%,1652,United States,,419729,Health Care,Biotechnology: Pharmaceutical Preparations
OCUL,Ocular Therapeutix Inc. Common Stock,$7.51,0.28,3.873%,1649,United States,2014,3901569,Health Care,Biotechnology: Pharmaceutical Preparations
CMPS,COMPASS Pathways Plc American Depository Shares,$11.47,-0.22,-1.882%,1588,United Kingdom,2020,2833708,Health Care,Biotechnology: Pharmaceutical Preparations
ETON,Eton Pharmaceuticals Inc. Common Stock,$54.75,-0.13,-0.237%,1564,United States,2018,543438,Health Care,Biotechnology: Pharmaceutical Preparations
QURE,uniQure N.V. Ordinary Shares,$22.54,-0.6,-2.593%,1563,Netherlands,2014,1817828,Health Care,Biotechnology: Pharmaceutical Preparations
STOK,Stoke Therapeutics Inc. Common Stock,$23.95,-0.34,-1.400%,1545,United States,2019,692329,Health Care,Biotechnology: Pharmaceutical Preparations
KRSA,Korsana Biosciences Inc. Common Stock,$33.51,1.86,5.877%,1526,United States,,194137,Health Care,Biotechnology: Pharmaceutical Preparations
PAHC,Phibro Animal Health Corporation Class A Common Stock,$37.40,-0.32,-0.848%,1518,United States,2014,238759,Health Care,Biotechnology: Pharmaceutical Preparations
SNDX,Syndax Pharmaceuticals Inc. Common Stock,$16.90,-0.13,-0.763%,1509,United States,2016,2142821,Health Care,Biotechnology: Pharmaceutical Preparations
INVA,Innoviva Inc. Common Stock,$20.87,-0.19,-0.902%,1507,United States,2004,612371,Health Care,Biotechnology: Pharmaceutical Preparations
RARE,Ultragenyx Pharmaceutical Inc. Common Stock,$15.29,0.4,2.686%,1507,United States,2014,5397018,Health Care,Biotechnology: Pharmaceutical Preparations
IMCR,Immunocore Holdings plc American Depositary Shares,$29.09,-0.32,-1.088%,1498,United Kingdom,2021,424572,Health Care,Biotechnology: Biological Products (No Diagnostic Substances)
PCRX,Pacira BioSciences Inc. Common Stock,$36.39,11.19,44.405%,1450,United States,2011,28902848,Health Care,Biotechnology: Pharmaceutical Preparations
TSHA,Taysha Gene Therapies Inc. Common Stock,$4.43,0,0.000%,1443,United States,2020,3914646,Health Care,Biotechnology: Biological Products (No Diagnostic Substances)
COAG,Hemab Therapeutics Holdings Inc. Common Stock,$30.89,2.19,7.631%,1442,United States,2026,616531,Health Care,Biotechnology: Biological Products (No Diagnostic Substances)
MAZE,Maze Therapeutics Inc. Common Stock,$25.88,-0.37,-1.410%,1437,United States,2025,903067,Health Care,Biotechnology: Biological Products (No Diagnostic Substances)
RAPP,Rapport Therapeutics Inc. Common Stock,$29.85,-1.01,-3.273%,1432,United States,2024,236807,Health Care,Biotechnology: Pharmaceutical Preparations
GHRS,GH Research PLC Ordinary Shares,$20.45,-0.61,-2.896%,1401,Ireland,2021,334299,Health Care,Biotechnology: Pharmaceutical Preparations
NKTR,Nektar Therapeutics  Common Stock,$40.80,0.54,1.341%,1393,United States,,1749767,Health Care,Biotechnology: Pharmaceutical Preparations
OMER,Omeros Corporation Common Stock,$19.12,0.37,1.973%,1384,United States,2009,899937,Health Care,Biotechnology: Pharmaceutical Preparations
TYRA,Tyra Biosciences Inc. Common Stock,$19.97,-0.42,-2.060%,1373,United States,2021,792279,Health Care,Biotechnology: Pharmaceutical Preparations
ANAB,AnaptysBio Inc. Common Stock,$46.21,0.56,1.227%,1368,United States,2017,554185,Health Care,Biotechnology: Pharmaceutical Preparations
INBX,Inhibrx Biosciences Inc. Common Stock,$92.76,-0.6,-0.643%,1365,United States,,208063,Health Care,Biotechnology: Biological Products (No Diagnostic Substances)
AAPG,Ascentage Pharma Group International American Depository Shares,$14.55,-0.39,-2.610%,1357,China,2025,12028,Health Care,Biotechnology: Pharmaceutical Preparations
KARD,Kardigan Inc. Common Stock,$14.20,0.37,2.675%,1327,United States,2026,511792,Health Care,Biotechnology: Pharmaceutical Preparations
KLRA,Kailera Therapeutics Inc. Common Stock,$10.00,-0.53,-5.033%,1296,United States,2026,1532198,Health Care,Biotechnology: Pharmaceutical Preparations
DMRA,Damora Therapeutics Inc. Ordinary Shares,$20.56,0.32,1.581%,1269,Denmark,2020,341786,Health Care,Biotechnology: Pharmaceutical Preparations
ORIC,Oric Pharmaceuticals Inc. Common Stock,$12.03,0.02,0.167%,1246,United States,2020,2695606,Health Care,Biotechnology: Pharmaceutical Preparations
REPL,Replimune Group Inc. Common Stock,$13.04,-0.16,-1.212%,1228,United States,2018,1747820,Health Care,Biotechnology: Biological Products (No Diagnostic Substances)
NBTX,Nanobiotix S.A. American Depositary Shares,$22.90,-1.72,-6.986%,1163,France,2020,116641,Health Care,Biotechnology: Pharmaceutical Preparations
HROW,Harrow Inc. Common Stock,$30.52,-0.1,-0.327%,1144,United States,,566045,Health Care,Biotechnology: Pharmaceutical Preparations
TRAX,First Tracks Biotherapeutics Inc. Ordinary Shares ,$32.01,1.42,4.642%,1143,United States,,1483488,Health Care,Biotechnology: Pharmaceutical Preparations
BCAX,Bicara Therapeutics Inc. Common Stock,$17.26,0.84,5.116%,1142,United States,2024,1253668,Health Care,Biotechnology: Pharmaceutical Preparations
AVLN,Avalyn Pharma Inc. Common Stock,$25.72,0.19,0.744%,1140,United States,2026,883839,Health Care,Biotechnology: Pharmaceutical Preparations
VOR,Vor Biopharma Inc. Common Stock,$19.13,0.35,1.864%,1131,United States,2021,1406605,Health Care,Biotechnology: Biological Products (No Diagnostic Substances)
JANX,Janux Therapeutics Inc. Common Stock,$18.50,0.58,3.237%,1131,United States,2021,1500949,Health Care,Biotechnology: Pharmaceutical Preparations
LBRX,LB Pharmaceuticals Inc Common Stock,$34.61,0.45,1.317%,1116,United States,2025,440679,Health Care,Biotechnology: Pharmaceutical Preparations
IMTX,Immatics N.V. Ordinary Shares,$7.37,-0.08,-1.074%,1102,Germany,,604783,Health Care,Biotechnology: Biological Products (No Diagnostic Substances)
MNKD,MannKind Corporation Common Stock,$3.42,-0.03,-0.870%,1099,United States,2004,4539738,Health Care,Biotechnology: Pharmaceutical Preparations
AMPH,Amphastar Pharmaceuticals Inc. Common Stock,$25.81,0.27,1.057%,1097,United States,2014,423565,Health Care,Biotechnology: Pharmaceutical Preparations
OPK,OPKO Health Inc. Common Stock,$1.37,-0.02,-1.439%,1022,United States,,2470721,Health Care,Biotechnology: Pharmaceutical Preparations
MGTX,MeiraGTx Holdings plc Ordinary Shares,$10.50,-0.32,-2.957%,1008,United States,2018,830427,Health Care,Biotechnology: Biological Products (No Diagnostic Substances)
ANL,Adlai Nortye Group Ltd. American Depositary Shares,$15.51,1.46,10.391%,998,Cayman Islands,2023,985279,Health Care,Biotechnology: Pharmaceutical Preparations
CGEM,Cullinan Therapeutics Inc. Common Stock,$15.46,-0.17,-1.088%,994,United States,2021,1137482,Health Care,Biotechnology: Biological Products (No Diagnostic Substances)
SVRA,Savara Inc. Common Stock,$4.83,-0.05,-1.025%,992,United States,,2515689,Health Care,Biotechnology: Pharmaceutical Preparations
AKTS,Aktis Oncology Inc. Common stock,$17.74,-0.26,-1.444%,986,United States,2026,500851,Health Care,Biotechnology: Pharmaceutical Preparations
LTGO,Latigo Biotherapeutics Inc. Common Stock,$14.79,-0.73,-4.704%,980,United States,2026,265111,Health Care,Biotechnology: Pharmaceutical Preparations
SPTX,Seaport Therapeutics Inc. Common Stock,$17.91,-0.02,-0.112%,958,United States,2026,177603,Health Care,Biotechnology: Pharmaceutical Preparations
ANRO,Alto Neuroscience Inc. Common Stock,$24.03,0.51,2.168%,942,United States,2024,409807,Health Care,Biotechnology: Pharmaceutical Preparations
KURA,Kura Oncology Inc. Common Stock,$10.52,-0.15,-1.406%,935,United States,,1644526,Health Care,Biotechnology: Pharmaceutical Preparations
RIGL,Rigel Pharmaceuticals Inc. Common Stock,$48.72,0.73,1.521%,910,United States,2000,216868,Health Care,Biotechnology: Pharmaceutical Preparations
ALMS,Alumis Inc. Common Stock,$6.97,0.2,2.954%,902,United States,2024,2853154,Health Care,Biotechnology: Pharmaceutical Preparations
MLTX,MoonLake Immunotherapeutics Class A Ordinary Shares,$10.58,-0.19,-1.764%,900,United States,2020,3717449,Health Care,Biotechnology: Pharmaceutical Preparations
JBIO,Jade Biosciences Inc. Common Stock,$14.15,0.38,2.760%,899,United States,2021,1667259,Health Care,Biotechnology: Pharmaceutical Preparations
GLUE,Monte Rosa Therapeutics Inc. Common Stock,$10.32,0.15,1.475%,880,United States,2021,1886629,Health Care,Biotechnology: Biological Products (No Diagnostic Substances)
ODTX,Odyssey Therapeutics Inc. Common Stock,$18.12,0.04,0.221%,870,United States,2026,414220,Health Care,Biotechnology: Biological Products (No Diagnostic Substances)
CRVS,Corvus Pharmaceuticals Inc. Common Stock,$10.21,-0.2,-1.921%,858,United States,2016,1881119,Health Care,Biotechnology: Pharmaceutical Preparations
CYRX,CryoPort Inc. Common Stock,$16.90,-0.45,-2.594%,855,United States,,1206925,Health Care,Biotechnology: Pharmaceutical Preparations
SLBT,SL Science Holding Limited Ordinary Shares,$1.52,0.01,0.662%,852,Taiwan,,33421,Health Care,Biotechnology: Biological Products (No Diagnostic Substances)
QDEL,QuidelOrtho Corporation Common Stock,$12.41,0.1,0.812%,851,United States,,2517438,Health Care,Biotechnology: In Vitro & In Vivo Diagnostic Substances
SANA,Sana Biotechnology Inc. Common Stock,$2.79,0.07,2.574%,835,United States,2021,4515284,Health Care,Biotechnology: Biological Products (No Diagnostic Substances)
ABUS,Arbutus Biopharma Corporation Common Stock,$4.18,-0.11,-2.564%,827,Canada,,4854863,Health Care,Biotechnology: Pharmaceutical Preparations
AVBP,ArriVent BioPharma Inc. Common Stock,$16.71,-0.18,-1.066%,823,United States,2024,2155926,Health Care,Biotechnology: Pharmaceutical Preparations
ARDX,Ardelyx Inc. Common Stock,$3.27,0.01,0.307%,814,United States,2014,6538620,Health Care,Biotechnology: Pharmaceutical Preparations
IVA,Inventiva S.A. American Depository Shares,$3.32,-0.045,-1.337%,784,France,2020,2173273,Health Care,Biotechnology: Pharmaceutical Preparations
GERN,Geron Corporation Common Stock,$1.22,0.02,1.667%,783,United States,1996,10158155,Health Care,Biotechnology: Pharmaceutical Preparations
HELP,Helus Pharma Inc. Common Stock,$10.72,0.21,1.998%,783,Canada,,1117118,Health Care,Biotechnology: Pharmaceutical Preparations
LXRX,Lexicon Pharmaceuticals Inc. Common Stock,$1.76,0,0.000%,783,United States,,3319649,Health Care,Biotechnology: Pharmaceutical Preparations
IMMX,Immix Biopharma Inc. Common Stock,$9.29,-0.2,-2.107%,770,United States,2021,1288968,Health Care,Biotechnology: Pharmaceutical Preparations
APMD,Apnimed Inc. Common Stock,$18.22,0.18,0.998%,758,United States,2026,332048,Health Care,Biotechnology: Pharmaceutical Preparations
ANNX,Annexon Inc. Common Stock,$4.00,-0.01,-0.249%,758,United States,2020,3213916,Health Care,Biotechnology: Pharmaceutical Preparations
OBX,Obsidian Therapeutics Inc. Common Stock,$12.24,-0.96,-7.273%,756,United States,,517212,Health Care,Biotechnology: Pharmaceutical Preparations
GYRE,Gyre Therapeutics Inc. Common Stock,$6.76,-0.28,-3.977%,753,United States,2006,82847,Health Care,Biotechnology: Pharmaceutical Preparations
ATTO,Attovia Therapeutics Inc. Common Stock,$16.31,-0.11,-0.670%,744,United States,2026,418082,Health Care,Biotechnology: Biological Products (No Diagnostic Substances)
ACHV,Achieve Life Sciences Inc. Common Shares,$7.19,-0.05,-0.691%,739,United States,,1108979,Health Care,Biotechnology: In Vitro & In Vivo Diagnostic Substances
CADL,Candel Therapeutics Inc. Common Stock,$9.66,-0.16,-1.629%,739,United States,2021,888526,Health Care,Biotechnology: Biological Products (No Diagnostic Substances)
VSTM,Verastem Inc. Common Stock,$8.11,-0.155,-1.875%,734,United States,2012,3051584,Health Care,Biotechnology: Pharmaceutical Preparations
SLDB,Solid Biosciences Inc. Common Stock,$6.82,-0.03,-0.438%,731,United States,2018,1308122,Health Care,Biotechnology: Biological Products (No Diagnostic Substances)
DNA,Ginkgo Bioworks Holdings Inc. Class A Common Stock,$11.34,-0.13,-1.133%,729,United States,2021,3205554,Health Care,Biotechnology: Biological Products (No Diagnostic Substances)
AVTX,Avalo Therapeutics Inc. Common Stock,$13.43,-0.15,-1.105%,720,United States,2015,990420,Health Care,Biotechnology: Pharmaceutical Preparations
COLL,Collegium Pharmaceutical Inc. Common Stock,$22.11,0.18,0.821%,719,United States,2015,532949,Health Care,Biotechnology: Pharmaceutical Preparations
DSGN,Design Therapeutics Inc. Common Stock,$11.49,-0.2,-1.711%,719,United States,2021,674865,Health Care,Biotechnology: Pharmaceutical Preparations
FDMT,4D Molecular Therapeutics Inc. Common Stock,$12.70,0.11,0.874%,701,United States,2020,970788,Health Care,Biotechnology: Biological Products (No Diagnostic Substances)
OLMA,Olema Pharmaceuticals Inc. Common Stock,$7.82,-0.12,-1.511%,684,United States,2020,1400305,Health Care,Biotechnology: Pharmaceutical Preparations
WVE,Wave Life Sciences Inc. Common Stock,$3.47,-0.07,-1.977%,683,Singapore,2015,2664952,Health Care,Biotechnology: Pharmaceutical Preparations
AURA,Aura Biosciences Inc. Common Stock,$6.50,0.045,0.697%,674,United States,2021,1692200,Health Care,Biotechnology: Biological Products (No Diagnostic Substances)
PHAR,Pharming Group N.V. ADS each representing 10 ordinary shares,$9.53,-0.12,-1.244%,673,Netherlands,,5123,Health Care,Biotechnology: Pharmaceutical Preparations
NNNN,Anbio Biotechnology Class A Ordinary Shares,$4.62,-0.28,-5.714%,664,Germany,2025,34723,Health Care,Biotechnology: In Vitro & In Vivo Diagnostic Substances
FTH,Faeth Therapeutics Inc. Common Stock,$25.61,0.69,2.769%,661,United States,2021,346329,Health Care,Biotechnology: Pharmaceutical Preparations
NVCT,Nuvectis Pharma Inc. Common Stock,$20.13,-0.16,-0.789%,656,United States,2022,179401,Health Care,Biotechnology: Pharmaceutical Preparations
ZVRA,Zevra Therapeutics Inc. Common Stock,$11.00,-0.08,-0.722%,653,United States,,487159,Health Care,Biotechnology: Pharmaceutical Preparations
PRME,Prime Medicine Inc. Common Stock,$3.58,-0.32,-8.205%,649,United States,2022,7726060,Health Care,Biotechnology: Biological Products (No Diagnostic Substances)
IRWD,Ironwood Pharmaceuticals Inc. Class A Common Stock,$3.87,0.12,3.200%,639,United States,2010,2404018,Health Care,Biotechnology: Pharmaceutical Preparations
SGMT,Sagimet Biosciences Inc. Series A Common Stock,$8.92,0.04,0.450%,629,United States,2023,1229358,Health Care,Biotechnology: Pharmaceutical Preparations
CLYM,Climb Bio Inc. Common Stock,$10.86,0.15,1.401%,623,United States,2021,1148880,Health Care,Biotechnology: Pharmaceutical Preparations
AQST,Aquestive Therapeutics Inc. Common Stock,$4.76,0.14,3.030%,597,United States,2018,2319811,Health Care,Biotechnology: Pharmaceutical Preparations
FBIOP,Fortress Biotech Inc. 9.375% Series A Cumulative Redeemable Perpetual Preferred Stock,$17.78,-0.2491,-1.382%,592,United States,,6310,Health Care,Biotechnology: Pharmaceutical Preparations
MPLT,MapLight Therapeutics Inc. Common Stock,$9.15,-0.21,-2.244%,592,United States,2025,217641,Health Care,Biotechnology: Pharmaceutical Preparations
SLN,Silence Therapeutics Plc American Depository Share,$9.52,-0.3,-3.055%,591,United Kingdom,,1109574,Health Care,Biotechnology: Pharmaceutical Preparations
PHAT,Phathom Pharmaceuticals Inc. Common Stock,$7.13,0.32,4.699%,576,United States,2019,1334400,Health Care,Biotechnology: Pharmaceutical Preparations
ETRA,Electra Therapeutics Inc. Common stock,$9.14,-0.02,-0.218%,573,United States,2026,408059,Health Care,Biotechnology: Biological Products (No Diagnostic Substances)
CRMD,CorMedix Inc. Common Stock,$7.32,0.04,0.549%,570,United States,,1018437,Health Care,Biotechnology: Pharmaceutical Preparations
STTK,Shattuck Labs Inc. Common Stock,$5.66,0.005,0.088%,568,United States,2020,2486618,Health Care,Biotechnology: Pharmaceutical Preparations
DBVT,DBV Technologies S.A. American Depositary Shares,$9.55,-0.22,-2.252%,565,France,2014,603277,Health Care,Biotechnology: Biological Products (No Diagnostic Substances)
MNPR,Monopar Therapeutics Inc. Common Stock,$83.98,0.2,0.239%,563,United States,2019,185520,Health Care,Biotechnology: Pharmaceutical Preparations
EVO,Evotec SE American Depositary Shares,$1.57,-0.04,-2.484%,558,Germany,2021,94421,Health Care,Biotechnology: Pharmaceutical Preparations
ACRS,Aclaris Therapeutics Inc. Common Stock,$3.79,0.39,11.471%,557,United States,2015,8735530,Health Care,Biotechnology: Pharmaceutical Preparations
VALN,Valneva SE American Depositary Shares,$5.69,-0.18,-3.066%,539,France,2021,11267,Health Care,Biotechnology: Biological Products (No Diagnostic Substances)
CTMX,CytomX Therapeutics Inc. Common Stock,$2.47,-0.08,-3.137%,538,United States,2015,4502562,Health Care,Biotechnology: Pharmaceutical Preparations
BLSM,BlossomHill Therapeutics Inc. Common Stock,$16.88,0.27,1.626%,536,United States,2026,165163,Health Care,Biotechnology: Pharmaceutical Preparations
RGNX,REGENXBIO Inc. Common Stock,$8.09,0.495,6.517%,534,United States,2015,2259007,Health Care,Biotechnology: Biological Products (No Diagnostic Substances)
OCS,Oculis Holding AG Ordinary shares,$8.66,0.16,1.882%,533,Switzerland,,452028,Health Care,Biotechnology: Pharmaceutical Preparations
NGNE,Neurogene Inc. Common Stock ,$26.50,0.63,2.435%,530,Canada,2014,509503,Health Care,Biotechnology: Pharmaceutical Preparations
CBIO,Crescent Biopharma Inc. Common Stock,$14.12,0.63,4.670%,524,United States,2014,301269,Health Care,Biotechnology: Pharmaceutical Preparations
EOLS,Evolus Inc. Common Stock,$7.80,0.06,0.775%,515,United States,2018,1078008,Health Care,Biotechnology: Pharmaceutical Preparations
PBYI,Puma Biotechnology Inc Common Stock,$9.97,0.16,1.631%,514,United States,,356578,Health Care,Biotechnology: Pharmaceutical Preparations
DRUG,Bright Minds Biosciences Inc. Common Stock,$52.00,0,0.000%,510,Canada,,67942,Health Care,Biotechnology: Pharmaceutical Preparations
ALT,Altimmune Inc. Common Stock,$2.60,-0.06,-2.256%,505,United States,,4931215,Health Care,Biotechnology: Pharmaceutical Preparations
PROK,ProKidney Corp. Class A Ordinary Shares,$1.66,0.09,5.732%,501,United States,2021,1133748,Health Care,Biotechnology: Biological Products (No Diagnostic Substances)
CTNM,Contineum Therapeutics Inc. Class A Common Stock,$13.18,0.45,3.535%,495,United States,2024,1178288,Health Care,Biotechnology: Pharmaceutical Preparations
ARVN,Arvinas Inc. Common Stock,$7.51,0.06,0.805%,491,United States,2018,1016697,Health Care,Biotechnology: Pharmaceutical Preparations
ALLO,Allogene Therapeutics Inc. Common Stock,$1.40,-0.03,-2.098%,483,United States,2018,7984019,Health Care,Biotechnology: Biological Products (No Diagnostic Substances)
AUTL,Autolus Therapeutics plc American Depositary Share,$1.77,-0.04,-2.210%,471,United Kingdom,2018,1602320,Health Care,Biotechnology: Biological Products (No Diagnostic Substances)
CAPR,Capricor Therapeutics Inc. Common Stock,$8.01,-0.09,-1.111%,465,United States,,2522980,Health Care,Biotechnology: Pharmaceutical Preparations
ASMB,Assembly Biosciences Inc. Common Stock,$22.82,-0.13,-0.566%,464,United States,2010,288417,Health Care,Biotechnology: Pharmaceutical Preparations
OVID,Ovid Therapeutics Inc. Common Stock,$2.34,-0.02,-0.847%,456,United States,2017,1649268,Health Care,Biotechnology: Pharmaceutical Preparations
AGMB,AgomAb Therapeutics NV American Depositary Shares,$9.22,0.42,4.773%,454,Belgium,2026,225204,Health Care,Biotechnology: Biological Products (No Diagnostic Substances)
SPRY,ARS Pharmaceuticals Inc. Common Stock,$4.56,0.2,4.587%,453,United States,2020,1585387,Health Care,Biotechnology: Pharmaceutical Preparations
TKNO,Alpha Teknova Inc. Common Stock,$8.44,-0.27,-3.100%,453,United States,2021,252965,Health Care,Biotechnology: In Vitro & In Vivo Diagnostic Substances
RZLT,Rezolute Inc. Common Stock (NV),$4.64,0.26,5.936%,448,United States,,2198194,Health Care,Biotechnology: Pharmaceutical Preparations
KMDA,Kamada Ltd. Ordinary Shares,$7.78,-0.115,-1.458%,448,Israel,2013,67851,Health Care,Biotechnology: Pharmaceutical Preparations
TECX,Tectonic Therapeutic Inc. Common Stock,$22.75,0.04,0.176%,444,United States,2018,167720,Health Care,Biotechnology: Biological Products (No Diagnostic Substances)
PRTA,Prothena Corporation plc Ordinary Shares,$8.61,0.13,1.533%,442,United States,,642454,Health Care,Biotechnology: Pharmaceutical Preparations
EDIT,Editas Medicine Inc. Common Stock,$2.84,0.09,3.273%,436,United States,2016,6067709,Health Care,Biotechnology: Biological Products (No Diagnostic Substances)
ENTX,Entera Bio Ltd. Ordinary Shares,$2.50,-0.01,-0.398%,434,Israel,2018,421038,Health Care,Biotechnology: Biological Products (No Diagnostic Substances)
DMAC,DiaMedica Therapeutics Inc. Common Stock,$8.01,0.02,0.250%,431,United States,2018,240278,Health Care,Biotechnology: Pharmaceutical Preparations
AVIR,Atea Pharmaceuticals Inc. Common Stock,$5.16,0.145,2.894%,413,United States,2020,350924,Health Care,Biotechnology: Pharmaceutical Preparations
EIKN,Eikon Therapeutics Inc. Common Stock,$7.50,-0.04,-0.531%,406,United States,2026,847146,Health Care,Biotechnology: Biological Products (No Diagnostic Substances)
MYGN,Myriad Genetics Inc. Common Stock,$4.20,-0.08,-1.869%,401,United States,1995,2259653,Health Care,Biotechnology: In Vitro & In Vivo Diagnostic Substances
ZURA,Zura Bio Limited Class A Ordinary Shares,$4.13,-0.04,-0.959%,395,Cayman Islands,,2696726,Health Care,Biotechnology: Biological Products (No Diagnostic Substances)
KYTX,Kyverna Therapeutics Inc. Common Stock,$6.18,0.01,0.162%,382,United States,2024,1317016,Health Care,Biotechnology: Biological Products (No Diagnostic Substances)
FENC,Fennec Pharmaceuticals Inc. Common Stock,$10.63,0.27,2.606%,372,United States,,87252,Health Care,Biotechnology: Biological Products (No Diagnostic Substances)
IRD,Opus Genetics Inc. Common Stock,$4.46,0.05,1.134%,371,United States,,1345822,Health Care,Biotechnology: Pharmaceutical Preparations
GALT,Galectin Therapeutics Inc. Common Stock,$3.64,0.02,0.552%,367,United States,,270894,Health Care,Biotechnology: Pharmaceutical Preparations
ARCT,Arcturus Therapeutics Holdings Inc. Common Stock,$12.87,0.105,0.823%,365,Israel,2013,678146,Health Care,Biotechnology: Pharmaceutical Preparations
SCTX,Scribe Therapeutics Inc. Common Stock,$19.23,1.66,9.448%,364,United States,2026,358440,Health Care,Biotechnology: Biological Products (No Diagnostic Substances)
ENTA,Enanta Pharmaceuticals Inc. Common Stock,$12.10,-0.27,-2.183%,352,United States,2013,282912,Health Care,Biotechnology: Pharmaceutical Preparations
CCCC,C4 Therapeutics Inc. Common Stock,$2.85,0.03,1.064%,350,United States,2020,2827684,Health Care,Biotechnology: Biological Products (No Diagnostic Substances)
EBS,Emergent BioSolutions Inc. Common Stock,$6.81,-0.26,-3.678%,349,United States,2006,1147356,Health Care,Biotechnology: Pharmaceutical Preparations
AGEN,Agenus Inc. Common Stock,$7.54,-0.03,-0.396%,340,United States,2000,1215149,Health Care,Biotechnology: Biological Products (No Diagnostic Substances)
TTRX,Turn Therapeutics Inc. Common Stock,$11.39,-0.71,-5.868%,339,United States,,110147,Health Care,Biotechnology: Pharmaceutical Preparations
RLMD,Relmada Therapeutics Inc. Common Stock,$3.17,-0.08,-2.462%,338,United States,,1886424,Health Care,Biotechnology: Pharmaceutical Preparations
ARTV,Artiva Biotherapeutics Inc. Common Stock,$6.80,-0.2,-2.857%,332,United States,2024,339729,Health Care,Biotechnology: Biological Products (No Diagnostic Substances)
OCGN,Ocugen Inc. Common Stock,$0.98,-0.0226,-2.260%,331,United States,2014,12022999,Health Care,Biotechnology: Biological Products (No Diagnostic Substances)
CABA,Cabaletta Bio Inc. Common Stock,$1.95,-0.02,-1.015%,330,United States,2019,5942443,Health Care,Biotechnology: Biological Products (No Diagnostic Substances)
SRZN,Surrozen Inc. Common Stock,$27.97,2.825,11.235%,328,United States,,682527,Health Care,Biotechnology: Biological Products (No Diagnostic Substances)
INDP,Indaptus Therapeutics Inc. Common Stock,$2.37,0.11,4.867%,315,United States,,507088,Health Care,Biotechnology: Pharmaceutical Preparations
PRLD,Prelude Therapeutics Incorporated Common Stock,$3.88,0.05,1.305%,309,United States,2020,424104,Health Care,Biotechnology: Pharmaceutical Preparations
CATX,Perspective Therapeutics Inc. Common Stock,$2.71,0.25,10.163%,309,United States,,3255070,Health Care,Biotechnology: Pharmaceutical Preparations
BNTC,Benitec Biopharma Inc. Common Stock,$8.75,-0.24,-2.670%,305,United States,2015,234874,Health Care,Biotechnology: Pharmaceutical Preparations
CYPH,Cypherpunk Technologies Inc. Common Stock,$2.81,-0.24,-7.869%,302,United States,,14772616,Health Care,Biotechnology: Pharmaceutical Preparations
RCKT,Rocket Pharmaceuticals Inc. Common Stock,$2.63,0.095,3.748%,288,United States,2015,3457101,Health Care,Biotechnology: Pharmaceutical Preparations
FULC,Fulcrum Therapeutics Inc. Common Stock,$3.75,0.08,2.180%,286,United States,2019,2631698,Health Care,Biotechnology: Pharmaceutical Preparations
BIOA,BioAge Labs Inc. Common Stock,$6.21,-0.05,-0.799%,285,United States,2024,906877,Health Care,Biotechnology: Pharmaceutical Preparations
ABEO,Abeona Therapeutics Inc. Common Stock,$4.96,-0.12,-2.362%,283,United States,,1625472,Health Care,Biotechnology: Pharmaceutical Preparations
LRMR,Larimar Therapeutics Inc. Common Stock,$2.70,-0.05,-1.818%,280,United States,2014,1190579,Health Care,Biotechnology: Pharmaceutical Preparations
XFOR,X4 Pharmaceuticals Inc. Common Stock,$2.79,-0.02,-0.712%,276,United States,2017,836510,Health Care,Biotechnology: Biological Products (No Diagnostic Substances)
BBOT,BridgeBio Oncology Therapeutics Inc. Common Stock  ,$3.42,-0.02,-0.581%,274,United States,2024,566224,Health Care,Biotechnology: Pharmaceutical Preparations
VNDA,Vanda Pharmaceuticals Inc. Common Stock,$4.53,-0.03,-0.658%,273,United States,2006,978925,Health Care,Biotechnology: Pharmaceutical Preparations
BCYC,Bicycle Therapeutics plc American Depositary Shares,$3.81,0.08,2.145%,266,United Kingdom,2019,338698,Health Care,Biotechnology: Pharmaceutical Preparations
IKT,Inhibikase Therapeutics Inc. Common Stock,$1.91,-0.03,-1.546%,266,United States,2020,417273,Health Care,Biotechnology: Biological Products (No Diagnostic Substances)
IPSC,Century Therapeutics Inc. Common Stock,$1.46,0.18,14.063%,264,United States,2021,1525250,Health Care,Biotechnology: Biological Products (No Diagnostic Substances)
LXEO,Lexeo Therapeutics Inc. Common Stock,$3.21,-0.1,-3.021%,263,United States,2023,2546118,Health Care,Biotechnology: Biological Products (No Diagnostic Substances)
SABS,SAB Biotherapeutics Inc. Common Stock,$2.89,0.01,0.347%,262,United States,2021,1135439,Health Care,Biotechnology: Biological Products (No Diagnostic Substances)
LCTX,Lineage Cell Therapeutics Inc. Common Stock,$1.03,0.0824,8.696%,260,United States,,2010150,Health Care,Biotechnology: Biological Products (No Diagnostic Substances)
VOGX,Vogenx Inc Common Stock,$17.49,1.33,8.230%,259,United States,2026,142543,Health Care,Biotechnology: Pharmaceutical Preparations
ACIU,AC Immune SA Common Stock,$2.55,-0.02,-0.778%,259,Switzerland,2016,231864,Health Care,Biotechnology: Pharmaceutical Preparations
FATE,Fate Therapeutics Inc. Common Stock,$2.13,-0.02,-0.930%,255,United States,2013,1475893,Health Care,Biotechnology: Biological Products (No Diagnostic Substances)
STRO,Sutro Biopharma Inc. Common Stock,$15.32,0.66,4.502%,254,United States,2018,500039,Health Care,Biotechnology: Biological Products (No Diagnostic Substances)
AMRN,Amarin Corporation plc,$11.99,-0.03,-0.250%,253,Ireland,,61589,Health Care,Biotechnology: Pharmaceutical Preparations
PALI,Palisade Bio Inc. Common Stock,$1.45,-0.03,-2.027%,252,United States,,2085529,Health Care,Biotechnology: Biological Products (No Diagnostic Substances)
UPB,Upstream Bio Inc. Common Stock,$4.55,-0.06,-1.302%,249,United States,2024,2857203,Health Care,Biotechnology: Pharmaceutical Preparations
LFCR,Lifecore Biomedical Inc. Common Stock,$6.43,-0.01,-0.155%,243,United States,,492070,Health Care,Biotechnology: Pharmaceutical Preparations
IMRX,Immuneering Corporation Class A Common Stock,$3.74,-0.12,-3.109%,241,United States,2021,1922563,Health Care,Biotechnology: Pharmaceutical Preparations
QTTB,Q32 Bio Inc. Common Stock,$8.09,0.1,1.252%,240,United States,2018,860259,Health Care,Biotechnology: Pharmaceutical Preparations
ZNTL,Zentalis Pharmaceuticals Inc. Common Stock,$2.51,-0.04,-1.569%,237,United States,2020,1272461,Health Care,Biotechnology: Pharmaceutical Preparations
PYXS,Pyxis Oncology Inc. Common Stock,$1.99,-0.02,-0.995%,236,United States,2021,1097213,Health Care,Biotechnology: Pharmaceutical Preparations
SIGA,SIGA Technologies Inc. Common Stock,$3.28,0.02,0.613%,235,United States,,676292,Health Care,Biotechnology: Pharmaceutical Preparations
EVMN,Evommune Inc. Common Stock,$6.41,0.19,3.055%,232,United States,2025,691989,Health Care,Biotechnology: Pharmaceutical Preparations
CAMP,CAMP4 Therapeutics Corporation Common Stock,$3.70,-0.14,-3.646%,232,United States,2024,278336,Health Care,Biotechnology: Pharmaceutical Preparations
KROS,Keros Therapeutics Inc. Common Stock,$11.64,0.43,3.836%,230,United States,2020,245670,Health Care,Biotechnology: Pharmaceutical Preparations
SLGL,Sol-Gel Technologies Ltd. Ordinary Shares,$70.34,-1.605,-2.231%,230,Israel,2018,40982,Health Care,Biotechnology: Pharmaceutical Preparations
MGNX,MacroGenics Inc. Common Stock,$3.55,0,0.000%,226,United States,2013,768077,Health Care,Biotechnology: Pharmaceutical Preparations
AKBA,Akebia Therapeutics Inc. Common Stock,$0.81,-0.0586,-6.709%,225,United States,2014,7446949,Health Care,Biotechnology: Pharmaceutical Preparations
ALEC,Alector Inc. Common Stock,$2.02,0.1,5.208%,225,United States,2019,6453342,Health Care,Biotechnology: Biological Products (No Diagnostic Substances)
IFRX,InflaRx N.V. Common Stock,$1.53,-0.03,-1.923%,225,Germany,2017,1141901,Health Care,Biotechnology: Pharmaceutical Preparations
GLSI,Greenwich LifeSciences Inc. Common Stock,$15.14,-0.25,-1.624%,222,United States,2020,129110,Health Care,Biotechnology: Pharmaceutical Preparations
PRQR,ProQR Therapeutics N.V. Ordinary Shares,$1.57,-0.06,-3.681%,221,Netherlands,2014,1163148,Health Care,Biotechnology: Pharmaceutical Preparations
SION,Sionna Therapeutics Inc. Common Stock,$4.90,0.08,1.660%,221,United States,2025,915619,Health Care,Biotechnology: Pharmaceutical Preparations
NATR,Nature's Sunshine Products Inc. Common Stock,$12.57,-0.02,-0.159%,221,United States,,115092,Health Care,Biotechnology: Pharmaceutical Preparations
PLX,Protalix BioTherapeutics Inc. (DE) Common Stock,$2.70,-0.01,-0.369%,217,Israel,,972857,Health Care,Biotechnology: Biological Products (No Diagnostic Substances)
LYEL,Lyell Immunopharma Inc. Common Stock,$8.79,0.23,2.687%,215,United States,2021,194733,Health Care,Biotechnology: Pharmaceutical Preparations
TRDA,Entrada Therapeutics Inc. Common Stock,$5.53,-0.08,-1.426%,215,United States,2021,361513,Health Care,Biotechnology: Pharmaceutical Preparations
IVVD,Invivyd Inc. Common Stock,$0.70,-0.0282,-3.870%,206,United States,2021,10442676,Health Care,Biotechnology: Biological Products (No Diagnostic Substances)
RNAC,Cartesian Therapeutics Inc. Common Stock,$6.82,0.14,2.096%,206,United States,2016,214408,Health Care,Biotechnology: Pharmaceutical Preparations
ADCT,ADC Therapeutics SA Common Shares,$1.59,0.17,11.972%,202,Switzerland,2020,5552558,Health Care,Biotechnology: Pharmaceutical Preparations
CGEN,Compugen Ltd. Ordinary Shares,$2.12,-0.03,-1.395%,200,Israel,2000,243158,Health Care,Biotechnology: Biological Products (No Diagnostic Substances)
WHWK,Whitehawk Therapeutics Inc. Common Stock,$3.47,0.06,1.760%,197,United States,,248608,Health Care,Biotechnology: Pharmaceutical Preparations
ELDN,Eledon Pharmaceuticals Inc. Common Stock,$2.42,0,0.000%,196,United States,2014,834644,Health Care,Biotechnology: Pharmaceutical Preparations
NGEN,NervGen Pharma Corp. Common stock,$1.75,0.01,0.575%,186,Canada,,288987,Health Care,Biotechnology: Pharmaceutical Preparations
YARW,Yarrow Bioscience Inc. Common Stock,$19.87,1.095,5.832%,184,United States,2018,94838,Health Care,Biotechnology: Pharmaceutical Preparations
ADAG,Adagene Inc. American Depositary Shares,$2.78,-0.03,-1.068%,183,China,2021,240474,Health Care,Biotechnology: Pharmaceutical Preparations
DTIL,Precision BioSciences Inc. Common Stock,$6.43,0.18,2.880%,177,United States,2019,332561,Health Care,Biotechnology: Biological Products (No Diagnostic Substances)
CMPX,Compass Therapeutics Inc. Common Stock,$0.98,-0.0366,-3.588%,177,United States,,7042715,Health Care,Biotechnology: Biological Products (No Diagnostic Substances)
ANTX,AN2 Therapeutics Inc. Common Stock,$4.68,-0.17,-3.505%,176,United States,2022,427834,Health Care,Biotechnology: Pharmaceutical Preparations
ALVOW,Alvotech Warrant,$0.45,0,0.000%,175,Luxembourg,,140,Health Care,Biotechnology: Biological Products (No Diagnostic Substances)
ORMP,Oramed Pharmaceuticals Inc. Common Stock,$4.20,-0.17,-3.890%,174,Israel,,166486,Health Care,Biotechnology: Pharmaceutical Preparations
DERM,Journey Medical Corporation Common Stock,$5.95,0,0.000%,167,United States,2021,250101,Health Care,Biotechnology: Pharmaceutical Preparations
CNTN,Canton Strategic Holdings Inc. Common Stock,$2.08,-0.18,-7.965%,165,United States,2022,1351298,Health Care,Biotechnology: Pharmaceutical Preparations
IPHA,Innate Pharma S.A. ADS,$1.48,-0.04,-2.632%,165,France,2019,18379,Health Care,Biotechnology: Biological Products (No Diagnostic Substances)
CHRS,Coherus Oncology Inc. Common Stock,$1.07,0.06,5.941%,165,United States,2014,2141515,Health Care,Biotechnology: Biological Products (No Diagnostic Substances)
PEPG,PepGen Inc. Common Stock,$2.38,-0.02,-0.833%,164,United States,2022,845110,Health Care,Biotechnology: Pharmaceutical Preparations
ORGO,Organogenesis Holdings Inc. Class A Common Stock,$1.28,-0.04,-3.030%,164,United States,2016,750041,Health Care,Biotechnology: Pharmaceutical Preparations
ALXO,ALX Oncology Holdings Inc. Common Stock,$1.18,0.05,4.425%,163,United States,2020,1809801,Health Care,Biotechnology: Pharmaceutical Preparations
CUE,Cue Biopharma Inc. Common Stock,$22.33,-0.18,-0.800%,162,United States,2018,109923,Health Care,Biotechnology: Pharmaceutical Preparations
MENS,Jyong Biotech Ltd. Ordinary Shares,$2.10,0.04,1.942%,159,Taiwan,2025,39253,Health Care,Biotechnology: Pharmaceutical Preparations
NKTX,Nkarta Inc. Common Stock,$2.22,-0.05,-2.203%,159,United States,2020,721162,Health Care,Biotechnology: Pharmaceutical Preparations
NBP,NovaBridge Biosciences American Depositary Shares,$1.37,0,0.000%,158,China,2020,250129,Health Care,Biotechnology: Pharmaceutical Preparations
CRDL,Cardiol Therapeutics Inc. Class A Common Shares,$1.30,-0.02,-1.515%,156,Canada,,926174,Health Care,Biotechnology: Biological Products (No Diagnostic Substances)
TARA,Protara Therapeutics Inc.  Common Stock,$2.65,0.06,2.317%,156,United States,2014,1215471,Health Care,Biotechnology: Biological Products (No Diagnostic Substances)
MSLE,Satellos Bioscience Inc. Common Stock,$7.34,-0.285,-3.735%,155,Canada,,121442,Health Care,Biotechnology: Pharmaceutical Preparations
KRRO,Korro Bio Inc. Common Stock,$10.58,0.09,0.858%,155,United States,2019,167325,Health Care,Biotechnology: Pharmaceutical Preparations
VRXA,Veraxa Biotech AG Ordinary Shares,$1.09,-0.11,-9.167%,154,Switzerland,,212552,Health Care,Biotechnology: Pharmaceutical Preparations
NERV,Minerva Neurosciences Inc Common Stock,$3.22,-0.05,-1.529%,153,United States,2014,143496,Health Care,Biotechnology: Pharmaceutical Preparations
ABOS,Acumen Pharmaceuticals Inc. Common Stock,$2.10,0,0.000%,151,United States,2021,505180,Health Care,Biotechnology: Biological Products (No Diagnostic Substances)
OCSAW,Oculis Holding AG Warrants,$2.40,-0.05,-2.041%,147,Switzerland,,10647,Health Care,Biotechnology: Pharmaceutical Preparations
VYGR,Voyager Therapeutics Inc. Common Stock,$2.37,-0.1,-4.049%,146,United States,2015,932329,Health Care,Biotechnology: Biological Products (No Diagnostic Substances)
TLSA,Tiziana Life Sciences Ltd. Common Shares,$1.13,0.03,2.727%,143,United Kingdom,2018,449963,Health Care,Biotechnology: Pharmaceutical Preparations
ARMP,Armata Pharmaceuticals Inc. Common Stock,$3.86,0.05,1.312%,143,United States,,70292,Health Care,Biotechnology: Biological Products (No Diagnostic Substances)
MOLN,Molecular Partners AG American Depositary Shares,$3.81,0,0.000%,142,Switzerland,2021,137,Health Care,Biotechnology: Biological Products (No Diagnostic Substances)
AVXL,Anavex Life Sciences Corp. Common Stock,$1.54,0.01,0.654%,142,United States,,1467855,Health Care,Biotechnology: Biological Products (No Diagnostic Substances)
RNA,Atrium Therapeutics Inc. Common Stock,$8.26,0.33,4.161%,141,United States,,649330,Health Care,Biotechnology: Pharmaceutical Preparations
OTLK,Outlook Therapeutics Inc. Common Stock,$0.56,-0.026,-4.407%,137,United States,2016,4002295,Health Care,Biotechnology: Biological Products (No Diagnostic Substances)
KZIA,Kazia Therapeutics Limited American Depositary Shares,$8.82,-0.47,-5.059%,137,Australia,,252606,Health Care,Biotechnology: Pharmaceutical Preparations
OGI,Organigram Global Inc. Common Shares,$0.95,-0.0089,-0.927%,134,Canada,,370063,Health Care,Biotechnology: Pharmaceutical Preparations
BGM,BGM Group Ltd. Class A Ordinary Shares,$9.96,0.57,6.070%,133,China,2021,1495,Health Care,Biotechnology: Pharmaceutical Preparations
SPRB,Spruce Biosciences Inc. Common Stock,$45.54,1.14,2.568%,130,United States,2020,50827,Health Care,Biotechnology: Pharmaceutical Preparations
CLLS,Cellectis S.A. American Depositary Shares,$1.25,-0.09,-6.716%,125,France,2015,106836,Health Care,Biotechnology: Pharmaceutical Preparations
NRXP,NRX Pharmaceuticals Inc. Common Stock,$2.89,-0.01,-0.345%,125,United States,2017,651784,Health Care,Biotechnology: Pharmaceutical Preparations
TNXP,Tonix Pharmaceuticals Holding Corp. Common Stock,$7.28,-0.27,-3.576%,124,United States,,1094067,Health Care,Biotechnology: Pharmaceutical Preparations
HUMA,Humacyte Inc. Common Stock,$0.45,-0.0252,-5.336%,124,United States,2020,5485205,Health Care,Biotechnology: Biological Products (No Diagnostic Substances)
HURA,TuHURA Biosciences Inc. Common Stock,$1.93,-0.05,-2.525%,122,United States,,316386,Health Care,Biotechnology: Pharmaceutical Preparations
TNYA,Tenaya Therapeutics Inc. Common Stock,$0.54,0.0108,2.025%,122,United States,2021,3637390,Health Care,Biotechnology: Biological Products (No Diagnostic Substances)
ENGN,enGene Therapeutics Inc. Common Stock,$1.78,0.035,2.006%,119,Canada,,1463069,Health Care,Biotechnology: Biological Products (No Diagnostic Substances)
VTVT,vTv Therapeutics Inc. Class A Common Stock,$30.08,-0.93,-2.999%,118,United States,2015,44340,Health Care,Biotechnology: Pharmaceutical Preparations
FHTX,Foghorn Therapeutics Inc. Common Stock,$1.99,-0.1,-4.785%,118,United States,2020,1228080,Health Care,Biotechnology: Pharmaceutical Preparations
COYA,Coya Therapeutics Inc. Common Stock,$4.99,0.08,1.629%,117,United States,2022,144426,Health Care,Biotechnology: Pharmaceutical Preparations
QUCY,Quantum Cyber N.V. Ordinary Shares,$1.39,-0.04,-2.797%,116,Germany,2021,631159,Health Care,Biotechnology: Pharmaceutical Preparations
UNCY,Unicycive Therapeutics Inc. Common Stock,$4.07,-0.11,-2.632%,113,United States,2021,1176125,Health Care,Biotechnology: Pharmaceutical Preparations
GNLX,Genelux Corporation Common Stock,$2.50,-0.02,-0.794%,113,United States,2023,259125,Health Care,Biotechnology: Pharmaceutical Preparations
INO,Inovio Pharmaceuticals Inc. Common Stock,$1.09,-0.065,-5.628%,112,United States,,3215029,Health Care,Biotechnology: Pharmaceutical Preparations
PMVP,PMV Pharmaceuticals Inc. Common Stock,$1.49,-0.01,-0.667%,112,United States,2020,461399,Health Care,Biotechnology: Pharmaceutical Preparations
LENZ,LENZ Therapeutics Inc. Common Stock,$3.53,-0.09,-2.486%,110,United States,2021,1037073,Health Care,Biotechnology: Biological Products (No Diagnostic Substances)
RANI,Rani Therapeutics Holdings Inc. Class A Common Stock,$0.79,-0.0201,-2.475%,110,United States,2021,453411,Health Care,Biotechnology: Pharmaceutical Preparations
IMDX,Insight Molecular Diagnostics Inc. Common Stock,$3.28,-0.18,-5.202%,107,United States,,227323,Health Care,Biotechnology: In Vitro & In Vivo Diagnostic Substances
CPIX,Cumberland Pharmaceuticals Inc. Common Stock,$6.98,0.09,1.306%,104,United States,2009,50285,Health Care,Biotechnology: Pharmaceutical Preparations
BDTX,Black Diamond Therapeutics Inc. Common Stock,$1.81,-0.02,-1.093%,103,United States,2020,785012,Health Care,Biotechnology: Biological Products (No Diagnostic Substances)
IMUX,Immunic Inc. Common Stock,$7.56,-0.07,-0.917%,103,United States,2014,589770,Health Care,Biotechnology: Pharmaceutical Preparations
AARD,Aardvark Therapeutics Inc. Common Stock,$4.71,-0.25,-5.040%,103,United States,2025,315983,Health Care,Biotechnology: Pharmaceutical Preparations
SDEV,Stablecoin Development Corporation Common Stock,$1.99,-0.79,-28.417%,102,United States,,21136990,Health Care,Biotechnology: Pharmaceutical Preparations
CRBP,Corbus Pharmaceuticals Holdings Inc. Common Stock,$5.27,-0.22,-4.007%,101,United States,,1346039,Health Care,Biotechnology: Pharmaceutical Preparations
ANIX,Anixa Biosciences Inc. Common Stock,$2.91,-0.04,-1.356%,101,United States,,259959,Health Care,Biotechnology: Pharmaceutical Preparations
PLYX,Polaryx Therapeutics Inc. Common Stock,$2.00,-0.09,-4.306%,99,United States,,160706,Health Care,Biotechnology: Pharmaceutical Preparations
BMEA,Biomea Fusion Inc. Common Stock,$1.37,0.05,3.788%,99,United States,2021,1706917,Health Care,Biotechnology: Pharmaceutical Preparations
OKUR,OnKure Therapeutics Inc. Class A Common Stock,$2.30,-0.05,-2.128%,93,United States,2021,519592,Health Care,Biotechnology: Pharmaceutical Preparations
ATRA,Atara Biotherapeutics Inc. Common Stock,$9.23,-0.14,-1.494%,92,United States,2014,28955,Health Care,Biotechnology: Biological Products (No Diagnostic Substances)
EQ,Equillium Inc. Common Stock,$1.44,0.05,3.597%,91,United States,2018,645036,Health Care,Biotechnology: Pharmaceutical Preparations
RLYB,Rallybio Corporation Common Stock,$16.99,0.06,0.354%,90,United States,2021,7888,Health Care,Biotechnology: Pharmaceutical Preparations
NMRA,Neumora Therapeutics Inc. Common Stock,$0.48,0.0115,2.456%,90,United States,2023,1811345,Health Care,Biotechnology: Biological Products (No Diagnostic Substances)
MIST,Milestone Pharmaceuticals Inc. Common Shares,$0.71,-0.0451,-5.956%,88,Canada,2019,1388377,Health Care,Biotechnology: Pharmaceutical Preparations
ICCC,ImmuCell Corporation Common Stock,$9.75,0.06,0.619%,88,United States,1987,5101,Health Care,Biotechnology: In Vitro & In Vivo Diagnostic Substances
CGTX,Cognition Therapeutics Inc. Common Stock,$0.90,-0.0414,-4.420%,85,United States,2021,457960,Health Care,Biotechnology: Biological Products (No Diagnostic Substances)
TELO,Telomir Pharmaceuticals Inc. Common Stock,$1.15,0.03,2.679%,84,United States,2024,131472,Health Care,Biotechnology: Pharmaceutical Preparations
CRDF,Cardiff Oncology Inc. Common Stock,$1.06,-0.03,-2.752%,82,United States,,540989,Health Care,Biotechnology: Biological Products (No Diagnostic Substances)
PMN,ProMIS Neurosciences Inc. Common Shares (ON),$9.15,0.03,0.329%,82,Canada,,35282,Health Care,Biotechnology: Pharmaceutical Preparations
ACRV,Acrivon Therapeutics Inc. Common Stock,$1.87,-0.01,-0.532%,80,United States,2022,419712,Health Care,Biotechnology: Pharmaceutical Preparations
PTHS,Pelthos Therapeutics Inc. Common Stock,$20.50,-0.49,-2.334%,78,,2024,67872,Health Care,Biotechnology: Biological Products (No Diagnostic Substances)
GRML,Greenland Mines Ltd. Common Stock,$5.88,0.05,0.858%,78,United States,2022,1837165,Health Care,Biotechnology: Biological Products (No Diagnostic Substances)
CTOR,Citius Oncology Inc. Common Stock,$0.83,-0.016,-1.880%,77,United States,2022,56583,Health Care,Biotechnology: Pharmaceutical Preparations
RFL,Rafael Holdings Inc. Class B Common Stock,$1.48,0,0.000%,76,United States,2018,148622,Health Care,Biotechnology: Pharmaceutical Preparations
MNOV,Medicinova Inc Common Stock,$1.54,-0.07,-4.348%,75,United States,,109396,Health Care,Biotechnology: Pharmaceutical Preparations
INCR,Intercure Ltd. Ordinary Shares,$5.03,-0.1,-1.949%,75,Israel,,3273,Health Care,Biotechnology: Pharmaceutical Preparations
LFVN,Lifevantage Corporation Common Stock (Delaware),$5.99,-0.01,-0.167%,75,United States,,32415,Health Care,Biotechnology: Pharmaceutical Preparations
NTHI,NeOnc Technologies Holdings Inc. Common Stock,$2.53,-0.18,-6.642%,75,United States,,255580,Health Care,Biotechnology: Pharmaceutical Preparations
OSTX,OS Therapies Incorporated Common Stock,$1.62,0.07,4.516%,75,,2024,664829,Health Care,Biotechnology: Pharmaceutical Preparations
PDSB,PDS Biotechnology Corporation Common Stock,$1.02,-0.045,-4.225%,73,United States,2015,4875834,Health Care,Biotechnology: Pharmaceutical Preparations
OKYO,OKYO Pharma Limited Ordinary Shares,$1.39,-0.02,-1.418%,72,Guernsey,2022,27559,Health Care,Biotechnology: Biological Products (No Diagnostic Substances)
VRCA,Verrica Pharmaceuticals Inc. Common Stock,$4.18,0.04,0.966%,71,United States,2018,37197,Health Care,Biotechnology: Pharmaceutical Preparations
ONCY,Oncolytics Biotech Inc. Common Stock,$0.54,-0.0514,-8.627%,71,Canada,,1122194,Health Care,Biotechnology: Pharmaceutical Preparations
MAIA,MAIA Biotechnology Inc. Common Stock,$1.15,-0.03,-2.542%,71,,2022,677154,Health Care,Biotechnology: Pharmaceutical Preparations
CING,Cingulate Inc. Common Stock,$4.88,0.01,0.205%,70,United States,2021,75740,Health Care,Biotechnology: Pharmaceutical Preparations
GANX,Gain Therapeutics Inc. Common Stock,$1.61,-0.055,-3.293%,70,United States,2021,361876,Health Care,Biotechnology: Pharmaceutical Preparations
FBIO,Fortress Biotech Inc. Common Stock,$2.09,0.05,2.451%,69,United States,,265773,Health Care,Biotechnology: Pharmaceutical Preparations
TENX,Tenax Therapeutics Inc. Common Stock,$1.86,-0.05,-2.618%,69,United States,,2405258,Health Care,Biotechnology: Pharmaceutical Preparations
CSBR,Champions Oncology Inc. Common Stock,$4.98,0.1,2.049%,69,United States,,2832,Health Care,Biotechnology: Biological Products (No Diagnostic Substances)
NMAD,Nomad Power Solutions Inc. Common Stock,$4.27,0.02,0.471%,68,United States,,71851,Health Care,Biotechnology: Pharmaceutical Preparations
HRTX,Heron Therapeutics Inc. Common Stock,$0.36,-0.0261,-6.792%,68,United States,,1892575,Health Care,Biotechnology: Pharmaceutical Preparations
HYFT,MindWalk Holdings Corp. Common Stock,$1.43,-0.07,-4.667%,67,Canada,,402465,Health Care,Biotechnology: Pharmaceutical Preparations
XBIT,XBiotech Inc. Common Stock,$2.20,0.01,0.457%,67,United States,2015,13032,Health Care,Biotechnology: Pharmaceutical Preparations
SPRO,Spero Therapeutics Inc. Common Stock,$1.14,-0.03,-2.564%,66,United States,2017,719792,Health Care,Biotechnology: Pharmaceutical Preparations
RNTX,Rein Therapeutics Inc. Common Stock,$0.77,-0.0194,-2.460%,66,United States,2017,477620,Health Care,Biotechnology: Pharmaceutical Preparations
APLM,Apollomics Inc. Class A Ordinary Shares,$21.78,0.28,1.302%,63,United States,,6606,Health Care,Biotechnology: Pharmaceutical Preparations
PLRX,Pliant Therapeutics Inc. Common Stock,$1.00,0.01,1.010%,61,United States,2020,568054,Health Care,Biotechnology: Pharmaceutical Preparations
ELOX,Eloxx Pharmaceuticals Inc. Common Stock,$15.18,0.3,2.016%,61,United States,,10558,Health Care,Biotechnology: Biological Products (No Diagnostic Substances)
GOSS,Gossamer Bio Inc. Common Stock,$9.88,-0.3,-2.947%,60,United States,2019,197471,Health Care,Biotechnology: Pharmaceutical Preparations
RNXT,RenovoRx Inc. Common Stock,$1.33,-0.04,-2.920%,60,United States,2021,438657,Health Care,Biotechnology: Pharmaceutical Preparations
MREO,Mereo BioPharma Group plc American Depositary Shares,$0.38,0.0224,6.349%,59,United Kingdom,,1063894,Health Care,Biotechnology: Pharmaceutical Preparations
KLRS,Kalaris Therapeutics Inc. Common Stock,$2.50,-0.06,-2.344%,59,United States,2020,109966,Health Care,Biotechnology: Biological Products (No Diagnostic Substances)
XLO,Xilio Therapeutics Inc. Common Stock,$9.01,0,0.000%,59,United States,2021,20791,Health Care,Biotechnology: Pharmaceutical Preparations
IBIO,iBio Inc. Common Stock,$0.92,-0.09,-8.911%,59,United States,,685150,Health Care,Biotechnology: Pharmaceutical Preparations
BOLD,Boundless Bio Inc. Common Stock,$2.58,-0.06,-2.273%,58,United States,2024,334171,Health Care,Biotechnology: Pharmaceutical Preparations
ALDX,Aldeyra Therapeutics Inc. Common Stock,$0.95,-0.0109,-1.137%,57,United States,2014,1178553,Health Care,Biotechnology: Pharmaceutical Preparations
INKT,MiNK Therapeutics Inc. Common Stock,$11.00,-0.42,-3.678%,56,United States,2021,10645,Health Care,Biotechnology: Biological Products (No Diagnostic Substances)
TLPH,Talphera Inc. Common Stock,$1.08,0.03,2.857%,56,United States,2011,242883,Health Care,Biotechnology: Pharmaceutical Preparations
ATHE,Alterity Therapeutics Limited American Depositary Shares,$3.07,-0.25,-7.530%,55,Australia,,34381,Health Care,Biotechnology: Pharmaceutical Preparations
CNTB,Connect Biopharma Holdings Limited Ordinary Shares,$0.88,-0.064,-6.775%,55,China,2021,1212742,Health Care,Biotechnology: Pharmaceutical Preparations
CLNN,Clene Inc. Common Stock,$3.88,-0.04,-1.020%,55,United States,,82340,Health Care,Biotechnology: Pharmaceutical Preparations
ZYBT,Zhengye Biotechnology Holding Limited Class A Ordinary Shares,$1.15,-0.0101,-0.871%,54,China,2025,10577,Health Care,Biotechnology: Pharmaceutical Preparations
LONA,LeonaBio Inc. Common Stock,$5.75,-0.08,-1.372%,54,United States,2020,134613,Health Care,Biotechnology: Biological Products (No Diagnostic Substances)
ACET,Adicet Bio Inc. Common Stock,$5.74,-0.44,-7.120%,53,United States,2018,487878,Health Care,Biotechnology: Pharmaceutical Preparations
HYPD,Hyperion DeFi Inc. Common Stock,$3.37,-0.225,-6.267%,51,United States,2018,310053,Health Care,Biotechnology: Pharmaceutical Preparations
CRBU,Caribou Biosciences Inc. Common Stock,$0.48,-0.1362,-22.060%,51,United States,2021,19344143,Health Care,Biotechnology: Biological Products (No Diagnostic Substances)
SER,Serina Therapeutics Inc. Common Stock,$2.01,0,0.000%,51,United States,2018,59292,Health Care,Biotechnology: Pharmaceutical Preparations
INMB,INmune Bio Inc. Common stock,$1.83,-0.03,-1.613%,50,United States,2019,379172,Health Care,Biotechnology: Biological Products (No Diagnostic Substances)
ANVS,Annovis Bio Inc. Common Stock,$1.17,-0.04,-3.306%,49,United States,2020,815395,Health Care,Biotechnology: Pharmaceutical Preparations
CRVO,CervoMed Inc. Common Stock,$3.28,0.1,3.145%,49,United States,,341962,Health Care,Biotechnology: Pharmaceutical Preparations
EDSA,Edesa Biotech Inc. Common Shares,$3.66,-0.235,-6.033%,49,United States,,51936,Health Care,Biotechnology: Pharmaceutical Preparations
BSEM,BioStem Technologies Inc. Common Stock,$2.64,0.25,10.460%,49,United States,,258026,Health Care,Biotechnology: Biological Products (No Diagnostic Substances)
EXOZ,eXoZymes Inc. Common Stock,$5.27,-0.27,-4.874%,49,United States,2024,22338,Health Care,Biotechnology: Biological Products (No Diagnostic Substances)
IMA,ImageneBio Inc. Common Stock,$4.26,-0.35,-7.592%,48,United States,2021,30088,Health Care,Biotechnology: Biological Products (No Diagnostic Substances)
DWTX,Dogwood Therapeutics Inc. Common Stock,$1.41,-0.02,-1.399%,47,United States,2020,62628,Health Care,Biotechnology: Pharmaceutical Preparations
ELTX,Elicio Therapeutics Inc. Common Stock,$1.81,-0.04,-2.162%,47,United States,2021,267292,Health Care,Biotechnology: Pharmaceutical Preparations
CELU,Celularity Inc. Class A Common Stock,$1.46,-0.01,-0.680%,47,United States,2019,103718,Health Care,Biotechnology: Pharmaceutical Preparations
TVGN,Tevogen Inc. Common Stock,$7.06,0.57,8.783%,45,United States,2022,30182,Health Care,Biotechnology: Biological Products (No Diagnostic Substances)
TIL,Instil Bio Inc. Common Stock,$6.56,-0.34,-4.928%,44,United States,2021,54501,Health Care,Biotechnology: Biological Products (No Diagnostic Substances)
HOWL,Werewolf Therapeutics Inc. Common Stock,$0.91,-0.0101,-1.098%,44,United States,2021,631379,Health Care,Biotechnology: Pharmaceutical Preparations
GRCE,Grace Therapeutics Inc. Common Stock,$2.04,-0.06,-2.857%,42,Canada,,52601,Health Care,Biotechnology: Pharmaceutical Preparations
NSRX,Nasus Pharma Ltd. Ordinary Shares,$3.63,-0.145,-3.841%,42,,2025,14040,Health Care,Biotechnology: Pharmaceutical Preparations
SCYX,SCYNEXIS Inc. Common Stock,$4.22,-0.56,-11.715%,41,United States,2014,344373,Health Care,Biotechnology: Pharmaceutical Preparations
CPHI,China Pharma Holdings Inc. Common Stock,$0.96,0.11,12.941%,41,China,,20042872,Health Care,Biotechnology: Pharmaceutical Preparations
VERU,Veru Inc. Common Stock,$2.42,-0.04,-1.626%,41,United States,,147646,Health Care,Biotechnology: Pharmaceutical Preparations
IXHL,Incannex Healthcare Inc. Common Stock,$3.20,0.02,0.629%,40,Australia,,47734,Health Care,Biotechnology: Pharmaceutical Preparations
FLNA,Filana Therapeutics Inc. Common Stock,$0.81,-0.0021,-0.257%,39,United States,,612449,Health Care,Biotechnology: Pharmaceutical Preparations
MGX,Metagenomi Therapeutics Inc. Common Stock,$0.99,0.0085,0.863%,37,United States,2024,354869,Health Care,Biotechnology: Biological Products (No Diagnostic Substances)
LITS,Lite Strategy Inc. Common Stock,$1.22,-0.05,-3.937%,37,United States,2003,982823,Health Care,Biotechnology: Pharmaceutical Preparations
ELUT,Elutia Inc. Class A Common Stock,$0.83,0.0072,0.878%,36,United States,2020,117520,Health Care,Biotechnology: Biological Products (No Diagnostic Substances)
IBO,Impact BioMedical Inc. Common Stock,$4.11,-0.37,-8.259%,35,,2024,17564,Health Care,Biotechnology: Pharmaceutical Preparations
CVM,Cel-Sci Corporation Common Stock,$1.95,-0.18,-8.451%,34,United States,1997,390896,Health Care,Biotechnology: Biological Products (No Diagnostic Substances)
GNTA,Genenta Science S.p.A. American Depositary Shares,$0.71,-0.0449,-5.947%,34,Italy,2021,53735,Health Care,Biotechnology: Biological Products (No Diagnostic Substances)
GRDX,GridAI Technologies Corp. Common Stock,$4.80,0.68,16.505%,34,United States,2016,207578,Health Care,Biotechnology: Pharmaceutical Preparations
BCTX,BriaCell Therapeutics Corp. Common Shares,$3.92,-0.08,-2.000%,34,Canada,,48712,Health Care,Biotechnology: Pharmaceutical Preparations
ATNM,Actinium Pharmaceuticals Inc. (Delaware) Common Stock,$1.08,0.01,0.935%,33,United States,,104880,Health Care,Biotechnology: Pharmaceutical Preparations
NNVC,NanoViricides Inc. Common Stock,$1.31,-0.13,-9.028%,33,United States,,299642,Health Care,Biotechnology: Pharmaceutical Preparations
ALGS,Aligos Therapeutics Inc. Common Stock,$5.31,-0.01,-0.188%,33,United States,2020,37373,Health Care,Biotechnology: Biological Products (No Diagnostic Substances)
RMTI,Rockwell Medical Inc. Common Stock,$8.02,-0.2,-2.433%,32,United States,1998,10955,Health Care,Biotechnology: Pharmaceutical Preparations
NXTC,NextCure Inc. Common Stock,$6.78,0.22,3.354%,31,United States,2019,82611,Health Care,Biotechnology: Pharmaceutical Preparations
QNCX,Quince Therapeutics Inc. Common Stock,$29.36,2.64,9.880%,29,United States,2019,31893,Health Care,Biotechnology: Biological Products (No Diagnostic Substances)
MIRA,MIRA Pharmaceuticals Inc. Common Stock,$0.70,-0.007,-0.986%,29,United States,2023,142668,Health Care,Biotechnology: Pharmaceutical Preparations
IGC,IGC Pharma Inc. Common Stock,$0.28,0.0049,1.750%,29,United States,,626447,Health Care,Biotechnology: Pharmaceutical Preparations
RNAZ,TransCode Therapeutics Inc. Common Stock,$1.71,-0.05,-2.841%,28,United States,2021,27841,Health Care,Biotechnology: Pharmaceutical Preparations
IMMP,Immutep Limited American Depositary Shares,$3.84,-0.22,-5.419%,28,Australia,,14915,Health Care,Biotechnology: Pharmaceutical Preparations
EVAX,Evaxion A/S American Depositary Share,$3.05,-0.11,-3.481%,27,Denmark,2021,63973,Health Care,Biotechnology: Biological Products (No Diagnostic Substances)
CNTX,Context Therapeutics Inc. Common Stock,$0.30,-0.0136,-4.351%,27,United States,2021,917670,Health Care,Biotechnology: Pharmaceutical Preparations
SHPH,Shuttle Pharmaceuticals Holdings Inc. Common Stock,$5.55,0.84,17.834%,26,United States,2022,282544,Health Care,Biotechnology: Pharmaceutical Preparations
MCRB,Seres Therapeutics Inc. Common Stock,$2.63,-0.09,-3.309%,26,United States,2015,213369,Health Care,Biotechnology: Pharmaceutical Preparations
ABVC,ABVC BioPharma Inc. Common Stock,$0.98,-0.02,-2.000%,26,United States,,45320,Health Care,Biotechnology: Pharmaceutical Preparations
QNTM,Quantum Biopharma Ltd. Class B Subordinate Voting Shares,$3.11,-0.035,-1.113%,25,Canada,,78783,Health Care,Biotechnology: Pharmaceutical Preparations
SCLX,Scilex Holding Company Common Stock,$2.96,-0.53,-15.186%,25,United States,2021,141001,Health Care,Biotechnology: Biological Products (No Diagnostic Substances)
BYSI,BeyondSpring Inc. Ordinary Shares,$0.61,-0.0355,-5.508%,25,United States,2017,60225,Health Care,Biotechnology: Pharmaceutical Preparations
ATYR,aTyr Pharma Inc. Common Stock,$0.26,-0.023,-8.264%,25,United States,2015,2752582,Health Care,Biotechnology: Biological Products (No Diagnostic Substances)
ATOS,Atossa Therapeutics Inc. Common Stock,$2.42,-0.04,-1.626%,24,United States,2012,101023,Health Care,Biotechnology: Pharmaceutical Preparations
KYNB,Kyntra Bio Inc. Common Stock,$5.96,-0.17,-2.773%,24,United States,2014,14968,Health Care,Biotechnology: Pharmaceutical Preparations
OPTH,Optimi Health Corp. Common Shares,$4.08,0.045,1.114%,23,Canada,,16306,Health Care,Biotechnology: Pharmaceutical Preparations
TXMD,TherapeuticsMD Inc. Common Stock,$2.01,0.01,0.500%,23,United States,,13814,Health Care,Biotechnology: Pharmaceutical Preparations
AYTU,Aytu BioPharma Inc.  Common Stock,$2.05,0,0.000%,22,United States,,5634,Health Care,Biotechnology: Pharmaceutical Preparations
QNRX,Quoin Pharmaceuticals Ltd. American Depositary Shares,$4.55,-0.15,-3.191%,21,Israel,2016,49904,Health Care,Biotechnology: Pharmaceutical Preparations
UPC,Universe Pharmaceuticals Inc. Class A Ordinary Shares,$4.18,-0.125,-2.904%,21,China,2021,12647,Health Care,Biotechnology: Pharmaceutical Preparations
COCP,Cocrystal Pharma Inc. Common Stock,$1.07,0.01,0.943%,20,United States,,29035,Health Care,Biotechnology: Pharmaceutical Preparations
PBM,Psyence Biomedical Ltd. Common Shares,$5.12,0.24,4.918%,19,Canada,,67205,Health Care,Biotechnology: Pharmaceutical Preparations
JSPR,Jasper Therapeutics Inc. Common Stock,$0.56,-0.0097,-1.703%,18,United States,2020,362721,Health Care,Biotechnology: Biological Products (No Diagnostic Substances)
AKTX,Akari Therapeutics plc ADS,$8.13,-0.495,-5.739%,18,United Kingdom,,61880,Health Care,Biotechnology: Pharmaceutical Preparations
ESLA,Estrella Immunopharma Inc. Common Stock,$0.42,-0.0018,-0.429%,18,United States,2021,71101,Health Care,Biotechnology: Biological Products (No Diagnostic Substances)
NEUP,Neuphoria Therapeutics Inc. Common Stock,$3.35,-0.07,-2.047%,18,United States,2021,16535,Health Care,Biotechnology: Pharmaceutical Preparations
NCEL,NewcelX Ltd. Ordinary Shares,$3.11,0.075,2.471%,17,Switzerland,2021,7306,Health Care,Biotechnology: Pharmaceutical Preparations
DYAI,Dyadic International Inc. Common Stock,$0.44,-0.0121,-2.651%,17,United States,,120860,Health Care,Biotechnology: Biological Products (No Diagnostic Substances)
ACTU,Actuate Therapeutics Inc. Common stock,$0.68,-0.0452,-6.241%,16,United States,2024,324492,Health Care,Biotechnology: Pharmaceutical Preparations
RKTO,Rocket One Inc. Common Stock,$0.65,-0.0239,-3.567%,16,United States,2019,262328,Health Care,Biotechnology: Pharmaceutical Preparations
RADX,Radiopharm Theranostics Limited American Depositary Shares,$1.11,-0.04,-3.478%,16,Australia,,26741,Health Care,Biotechnology: Pharmaceutical Preparations
BCDA,BioCardia Inc. Common Stock,$1.06,-0.03,-2.752%,16,United States,,162410,Health Care,Biotechnology: Biological Products (No Diagnostic Substances)
PTN,Palatin Technologies Inc. Common Stock,$9.01,-0.51,-5.357%,16,United States,,32477,Health Care,Biotechnology: Pharmaceutical Preparations
LPCN,Lipocine Inc. Common Stock,$1.93,-0.27,-12.273%,15,United States,,2322306,Health Care,Biotechnology: Pharmaceutical Preparations
MRKR,Marker Therapeutics Inc. Common Stock,$0.95,-0.09,-8.654%,15,United States,,102308,Health Care,Biotechnology: Pharmaceutical Preparations
ALLR,Allarity Therapeutics Inc. Common Stock,$0.98,-0.0021,-0.213%,15,United States,,63791,Health Care,Biotechnology: Pharmaceutical Preparations
AEON,AEON Biopharma Inc. Class A Common Stock,$0.31,-0.0013,-0.418%,15,United States,,1134043,Health Care,Biotechnology: Pharmaceutical Preparations
DARE,Dare Bioscience Inc. Common Stock,$0.77,-0.0178,-2.253%,15,United States,2014,170796,Health Care,Biotechnology: Pharmaceutical Preparations
KTTA,Pasithea Therapeutics Corp. Common Stock,$0.44,-0.0025,-0.564%,14,United States,2021,56167,Health Care,Biotechnology: Pharmaceutical Preparations
TCRX,TScan Therapeutics Inc. Common Stock,$0.23,-0.0487,-17.588%,14,United States,2021,1534648,Health Care,Biotechnology: Biological Products (No Diagnostic Substances)
TVRD,Tvardi Therapeutics Inc. Common Stock,$1.08,-0.02,-1.818%,14,United States,2014,160040,Health Care,Biotechnology: Pharmaceutical Preparations
HIND,Vyome Holdings Inc. Common Stock,$2.03,-0.01,-0.490%,14,United States,2016,8009,Health Care,Biotechnology: Pharmaceutical Preparations
LTRN,Lantern Pharma Inc. Common Stock,$0.83,-0.08,-8.791%,14,United States,2020,250754,Health Care,Biotechnology: Pharmaceutical Preparations
BFRI,Biofrontera Inc. Common Stock,$0.92,-0.0166,-1.775%,13,United States,2021,231659,Health Care,Biotechnology: Pharmaceutical Preparations
KPTI,Karyopharm Therapeutics Inc. Common Stock,$0.60,-0.045,-6.977%,13,United States,2013,870987,Health Care,Biotechnology: Pharmaceutical Preparations
INAB,IN8bio Inc. Common Stock,$1.38,-0.02,-1.429%,13,United States,2021,22324,Health Care,Biotechnology: Biological Products (No Diagnostic Substances)
CTXR,Citius Pharmaceuticals Inc. Common Stock,$0.49,-0.0124,-2.475%,13,United States,,132554,Health Care,Biotechnology: Pharmaceutical Preparations
CLRB,Cellectar Biosciences Inc.  Common Stock,$1.40,-0.11,-7.285%,13,United States,,169702,Health Care,Biotechnology: Pharmaceutical Preparations
LSTA,Lisata Therapeutics Inc. Common Stock,$1.20,0.03,2.564%,12,United States,,704830,Health Care,Biotechnology: Pharmaceutical Preparations
BFRG,Bullfrog AI Holdings Inc. Common Stock,$0.69,-0.0162,-2.286%,12,United States,2023,1370792,Health Care,Biotechnology: Pharmaceutical Preparations
TPST,Tempest Therapeutics Inc. Common Stock,$0.77,-0.0214,-2.704%,12,United States,,147712,Health Care,Biotechnology: Pharmaceutical Preparations
PLUR,Pluri Inc. Common Stock,$1.00,-0.04,-3.846%,12,Israel,,6055,Health Care,Biotechnology: Biological Products (No Diagnostic Substances)
GTBP,GT Biopharma Inc. Common Stock,$5.96,-0.24,-3.871%,12,United States,,31776,Health Care,Biotechnology: Pharmaceutical Preparations
PASG,Passage Bio Inc. Common Stock,$3.78,-0.075,-1.946%,12,United States,2020,15797,Health Care,Biotechnology: Biological Products (No Diagnostic Substances)
INTS,Intensity Therapeutics Inc. Common stock,$3.68,-0.12,-3.158%,12,United States,2023,19248,Health Care,Biotechnology: Biological Products (No Diagnostic Substances)
ASBP,Aspire-Lakewood Holdings Inc. Common Stock,$8.30,-0.33,-3.824%,11,United States,2022,78539,Health Care,Biotechnology: Pharmaceutical Preparations
PHIO,Phio Pharmaceuticals Corp. Common Stock,$0.97,-0.0264,-2.641%,11,United States,,66259,Health Care,Biotechnology: Pharmaceutical Preparations
KPRX,Kiora Pharmaceuticals Inc.  Common Stock,$2.53,0,0.000%,11,United States,,24288,Health Care,Biotechnology: Pharmaceutical Preparations
GDTC,CytoMed Therapeutics Limited Ordinary Shares,$0.94,-0.0351,-3.582%,11,Singapore,2023,23216,Health Care,Biotechnology: Pharmaceutical Preparations
BIVI,BioVie Inc. Class A Common Stock,$1.28,-0.12,-8.571%,11,United States,,362163,Health Care,Biotechnology: Pharmaceutical Preparations
BLRX,BioLineRx Ltd. American Depositary Shares,$2.21,0.005,0.227%,11,Israel,,18378,Health Care,Biotechnology: Pharmaceutical Preparations
VTGN,Vistagen Therapeutics Inc. Common Stock,$0.25,-0.0009,-0.364%,10,United States,,959304,Health Care,Biotechnology: Pharmaceutical Preparations
ADIL,Adial Pharmaceuticals Inc Common Stock,$3.97,-0.02,-0.501%,10,United States,2018,4952,Health Care,Biotechnology: Pharmaceutical Preparations
TOVX,Theriva Biologics Inc. Common Stock,$0.23,-0.0069,-2.949%,10,United States,,526781,Health Care,Biotechnology: Pharmaceutical Preparations
CMMB,Chemomab Therapeutics Ltd. American Depositary Share,$1.39,0.02,1.460%,10,Israel,2019,20604,Health Care,Biotechnology: Pharmaceutical Preparations
SNTI,Senti Biosciences Holdings Inc. Common Stock,$0.32,-0.0083,-2.515%,10,United States,2021,248721,Health Care,Biotechnology: Biological Products (No Diagnostic Substances)
BCTXL,BriaCell Therapeutics Corp. Warrant expiring 2031,$1.11,-0.05,-4.310%,9,Canada,,14416,Health Care,Biotechnology: Pharmaceutical Preparations
IMRN,Immuron Limited American Depositary Shares,$1.11,0.02,1.835%,8,Australia,2017,34205,Health Care,Biotechnology: Pharmaceutical Preparations
ENSC,Ensysce Biosciences Inc. Common Stock,$0.46,0.0286,6.660%,8,United States,,1263466,Health Care,Biotechnology: Pharmaceutical Preparations
CALC,CalciMedica Inc. Common Stock,$1.30,-0.18,-12.162%,8,United States,2023,221624,Health Care,Biotechnology: Pharmaceutical Preparations
MTVA,MetaVia Inc. Common Stock,$1.34,-0.12,-8.219%,8,United States,2016,113988,Health Care,Biotechnology: Pharmaceutical Preparations
BMRA,Biomerica Inc. Common Stock,$1.89,-0.02,-1.047%,8,United States,,6622,Health Care,Biotechnology: In Vitro & In Vivo Diagnostic Substances
MBRX,Moleculin Biotech Inc. Common Stock,$0.42,-0.0149,-3.395%,8,United States,2016,268080,Health Care,Biotechnology: Pharmaceutical Preparations
APUS,Apimeds Pharmaceuticals US Inc. Common Stock,$5.51,-1.54,-21.844%,8,,2025,1112894,Health Care,Biotechnology: Pharmaceutical Preparations
AZTR,Azitra Inc Common Stock,$0.13,0,0.000%,7,,2023,287147,Health Care,Biotechnology: Pharmaceutical Preparations
CNSP,CNS Pharmaceuticals Inc. Common Stock,$5.35,-0.08,-1.473%,7,United States,2019,1784,Health Care,Biotechnology: Pharmaceutical Preparations
LGVN,Longeveron Inc. Class A Common Stock,$2.37,-0.07,-2.869%,7,United States,2021,77307,Health Care,Biotechnology: Pharmaceutical Preparations
SNGX,Soligenix Inc. Common Stock,$0.35,-0.0069,-1.952%,7,United States,,120485,Health Care,Biotechnology: Pharmaceutical Preparations
CURX,Curanex Pharmaceuticals Inc Common Stock,$4.76,-0.01,-0.210%,7,United States,2025,14425,Health Care,Biotechnology: Pharmaceutical Preparations
SKYE,Skye Bioscience Inc. Common Stock,$1.68,0.03,1.818%,7,United States,,23708,Health Care,Biotechnology: Pharmaceutical Preparations
FBLG,FibroBiologics Inc. Common Stock,$1.11,-0.03,-2.632%,7,United States,,71872,Health Care,Biotechnology: Pharmaceutical Preparations
TRAW,Traws Pharma Inc. Common Stock,$0.48,0.0013,0.271%,7,United States,2013,199723,Health Care,Biotechnology: Pharmaceutical Preparations
MDCX,Medicus Pharma Ltd. Common Stock  ,$0.10,-0.0583,-36.392%,7,Canada,,14560716,Health Care,Biotechnology: Pharmaceutical Preparations
INM,InMed Pharmaceuticals Inc. Common Shares,$1.33,0,0.000%,7,Canada,,28003,Health Care,Biotechnology: Pharmaceutical Preparations
AIM,AIM ImmunoTech Inc. Common Stock,$0.18,-0.0032,-1.751%,7,,,483774,Health Care,Biotechnology: Biological Products (No Diagnostic Substances)
BOLT,Bolt Biotherapeutics Inc. Common Stock,$3.65,0.05,1.389%,7,United States,2021,10489,Health Care,Biotechnology: Pharmaceutical Preparations
APRE,Aprea Therapeutics Inc. Common stock,$0.56,-0.0468,-7.736%,7,United States,2019,239492,Health Care,Biotechnology: Pharmaceutical Preparations
ACXP,Acurx Pharmaceuticals Inc. Common Stock,$1.25,-0.05,-3.846%,6,United States,2021,74940,Health Care,Biotechnology: Pharmaceutical Preparations
ENVB,Enveric Biosciences Inc. Common Stock,$1.52,0.025,1.672%,6,United States,,64871,Health Care,Biotechnology: Pharmaceutical Preparations
NRSN,NeuroSense Therapeutics Ltd. Ordinary Shares,$3.58,-0.24,-6.283%,6,Israel,2021,15853,Health Care,Biotechnology: Pharmaceutical Preparations
BTTC,Black Titan Corporation Ordinary Shares,$0.49,-0.018,-3.509%,6,Malaysia,,374609,Health Care,Biotechnology: Biological Products (No Diagnostic Substances)
LEXX,Lexaria Bioscience Corp. Common Stock,$3.20,-0.26,-7.514%,6,Canada,,26510,Health Care,Biotechnology: Pharmaceutical Preparations
VNRX,VolitionRX Limited Common Stock,$0.22,-0.0066,-2.920%,6,Singapore,2015,825477,Health Care,Biotechnology: In Vitro & In Vivo Diagnostic Substances
XCUR,Exicure Inc. Common Stock,$1.00,-0.02,-1.961%,6,United States,,14846,Health Care,Biotechnology: Pharmaceutical Preparations
CELZ,Creative Medical Technology Holdings Inc. Common Stock,$0.86,-0.0286,-3.217%,6,United States,,38974,Health Care,Biotechnology: Biological Products (No Diagnostic Substances)
ALZN,Alzamend Neuro Inc. Common Stock,$1.34,-0.03,-2.190%,6,United States,2021,6971,Health Care,Biotechnology: Pharmaceutical Preparations
SCNX,Scienture Holdings Inc. Common Stock,$3.86,-0.27,-6.538%,6,United States,,70983,Health Care,Biotechnology: Pharmaceutical Preparations
CANF,Can-Fite Biopharma Ltd American Depositary Shares each representing two (2) Ordinary Shares,$2.00,-0.1,-4.762%,6,Israel,,68408,Health Care,Biotechnology: Pharmaceutical Preparations
IMNN,Imunon Inc. Common Stock,$1.07,-0.07,-6.140%,6,United States,,135368,Health Care,Biotechnology: Pharmaceutical Preparations
GELS,Gelteq Limited Ordinary Shares,$0.55,-0.0113,-2.017%,5,Australia,2024,18622,Health Care,Biotechnology: Pharmaceutical Preparations
JAGX,Jaguar Health Inc. Common Stock,$4.53,-0.47,-9.400%,5,United States,2015,590376,Health Care,Biotechnology: Pharmaceutical Preparations
KALA,KALA BIO Inc. Common Stock,$0.30,-0.0634,-17.611%,5,United States,2017,662504,Health Care,Biotechnology: Pharmaceutical Preparations
PULM,Pulmatrix Inc. Common Stock,$1.53,0.0371,2.490%,5,United States,2014,13143,Health Care,Biotechnology: Pharmaceutical Preparations
ENLV,Enlivex Ltd. Ordinary Shares,$0.28,-0.0294,-9.595%,5,Israel,2014,32680792,Health Care,Biotechnology: Pharmaceutical Preparations
CDIO,Cardio Diagnostics Holdings Inc. Common stock,$1.86,-0.1,-5.102%,5,United States,2022,57875,Health Care,Biotechnology: In Vitro & In Vivo Diagnostic Substances
BGMS,Bio Green Med Solution Inc. Common Stock,$0.82,-0.029,-3.412%,5,United States,,16982,Health Care,Biotechnology: Pharmaceutical Preparations
ADXN,Addex Therapeutics Ltd American Depositary Shares,$3.18,0.05,1.597%,5,Switzerland,,11679,Health Care,Biotechnology: Pharmaceutical Preparations
GRMLW,Greenland Mines Ltd Warrant,$0.40,-0.0748,-15.751%,5,United States,2022,82557,Health Care,Biotechnology: Biological Products (No Diagnostic Substances)
DRMA,Dermata Therapeutics Inc. Common Stock,$1.07,-0.05,-4.464%,5,United States,2021,7107,Health Care,Biotechnology: Pharmaceutical Preparations
QCLS,Q/C Technologies Inc. Common Stock,$0.64,0.0047,0.744%,5,United States,2014,270687,Health Care,Biotechnology: In Vitro & In Vivo Diagnostic Substances
LNAI,Lunai Bioworks Inc. Common Stock,$1.12,0.03,2.752%,5,United States,,14857,Health Care,Biotechnology: Pharmaceutical Preparations
XBIO,Xenetic Biosciences Inc. Common Stock,$2.12,-0.09,-4.072%,4,United States,,13560,Health Care,Biotechnology: Pharmaceutical Preparations
LIMN,Liminatus Pharma Inc. Class A Common Stock,$3.69,-0.19,-4.897%,4,United States,,38577,Health Care,Biotechnology: Biological Products (No Diagnostic Substances)
TRIB,Trinity Biotech plc American Depositary Shares,$6.04,-0.71,-10.519%,4,Ireland,1992,13067,Health Care,Biotechnology: In Vitro & In Vivo Diagnostic Substances
XTLB,XTL Biopharmaceuticals Ltd. American Depositary Shares,$1.99,0.01,0.505%,4,Israel,,13732,Health Care,Biotechnology: Pharmaceutical Preparations
NCNA,NuCana plc American Depositary Share,$1.13,-0.01,-0.877%,4,United Kingdom,2017,35369,Health Care,Biotechnology: Pharmaceutical Preparations
PPCB,Propanc Biopharma Inc. Common Stock,$0.47,-0.0277,-5.554%,4,Australia,,195126,Health Care,Biotechnology: Pharmaceutical Preparations
PMCB,PharmaCyte  Biotech Inc. Common Stock,$0.40,-0.0082,-2.022%,4,United States,,214133,Health Care,Biotechnology: Biological Products (No Diagnostic Substances)
ERNA,Ernexa Therapeutics Inc. Common Stock,$2.49,0.1,4.184%,4,United States,,214750,Health Care,Biotechnology: Pharmaceutical Preparations
CLDI,Calidi Biotherapeutics Inc. Common Stock,$1.04,0.03,2.970%,3,,2021,18254,Health Care,Biotechnology: Biological Products (No Diagnostic Substances)
PCSA,Processa Pharmaceuticals Inc. Common Stock,$1.35,-0.07,-4.930%,3,United States,,12807,Health Care,Biotechnology: Pharmaceutical Preparations
EOCN,Eocene Ltd. Ordinary Shares,$3.62,0.1622,4.691%,3,Israel,2014,14799,Health Care,Biotechnology: Pharmaceutical Preparations
CAPS,Capstone Holding Corp. Common Stock,$0.14,0.0008,0.571%,3,United States,,668496,Health Care,Biotechnology: Pharmaceutical Preparations
GRI,GRI Bio Inc. Common Stock,$1.68,-0.17,-9.189%,3,United States,2021,54504,Health Care,Biotechnology: Pharmaceutical Preparations
JUNS,Jupiter Neurosciences Inc. Common Stock,$2.77,-0.07,-2.465%,3,United States,2024,36903,Health Care,Biotechnology: Pharmaceutical Preparations
DCOY,Decoy Therapeutics Inc. Common Stock,$1.52,-0.09,-5.590%,3,United States,2015,122612,Health Care,Biotechnology: Pharmaceutical Preparations
RDHL,Redhill Biopharma Ltd. American Depositary Shares,$0.58,0.104,21.941%,3,Israel,,15754302,Health Care,Biotechnology: Pharmaceutical Preparations
ONCO,Onconetix Inc. Common Stock,$0.65,0.0571,9.561%,3,United States,2022,46898647,Health Care,Biotechnology: Pharmaceutical Preparations
HCWB,HCW Biologics Inc. Common Stock,$1.53,-0.03,-1.923%,3,United States,2021,46383,Health Care,Biotechnology: Pharmaceutical Preparations
SXTP,60 Degrees Pharmaceuticals Inc. Common Stock,$0.97,-0.1275,-11.591%,3,United States,2023,93151,Health Care,Biotechnology: Pharmaceutical Preparations
SLXN,Silexion Therapeutics Corp Ordinary Shares,$0.23,-0.0187,-7.374%,3,Israel,,1512512,Health Care,Biotechnology: Biological Products (No Diagnostic Substances)
XRTX,XORTX Therapeutics Inc. Common Shares,$1.85,0.105,6.017%,3,Canada,,10675187,Health Care,Biotechnology: Pharmaceutical Preparations
CMND,Clearmind Medicine Inc. Common Shares,$6.60,0,0.000%,3,Canada,,41169,Health Care,Biotechnology: Pharmaceutical Preparations
CVKD,Cadrenal Therapeutics Inc. Common Stock,$0.93,-0.0427,-4.392%,3,United States,2023,311212,Health Care,Biotechnology: Pharmaceutical Preparations
KAPA,Kairos Pharma Ltd. Common Stock,$0.96,0.0895,10.287%,3,,2024,5820808,Health Care,Biotechnology: Pharmaceutical Preparations
APVO,Aptevo Therapeutics Inc. Common Stock,$1.80,-0.04,-2.174%,3,United States,,26907,Health Care,Biotechnology: Pharmaceutical Preparations
MBIO,Mustang Bio Inc. Common Stock,$0.42,-0.0332,-7.375%,3,United States,,101125,Health Care,Biotechnology: Pharmaceutical Preparations
REVB,Revelation Biosciences Inc. Common Stock,$0.77,-0.0542,-6.545%,3,United States,2020,66581,Health Care,Biotechnology: Pharmaceutical Preparations
PRFX,PRF Technologies Ltd. Ordinary Shares,$0.86,-0.019,-2.165%,3,Israel,2020,20501,Health Care,Biotechnology: Pharmaceutical Preparations
VIVS,VivoSim Labs Inc. Common Stock,$0.18,-0.0143,-7.467%,2,United States,,872728,Health Care,Biotechnology: Biological Products (No Diagnostic Substances)
GOVX,GeoVax Labs Inc. Common Stock,$0.29,-0.0028,-0.968%,2,United States,,318814,Health Care,Biotechnology: Pharmaceutical Preparations
MTNB,Matinas Biopharma Holdings Inc. Common Stock,$2.83,0.06,2.166%,2,United States,2017,141895,Health Care,Biotechnology: Pharmaceutical Preparations
VRAX,Virax Biolabs Group Limited Ordinary Shares,$1.99,-0.12,-5.687%,2,United Kingdom,2022,50796,Health Care,Biotechnology: In Vitro & In Vivo Diagnostic Substances
HLSQ,Tessera Defense and Homeland Security Inc. Common Stock,$0.29,-0.0177,-5.724%,2,,2019,630665,Health Care,Biotechnology: Biological Products (No Diagnostic Substances)
SPRC,SciSparc Ltd. Ordinary Shares,$4.43,-0.21,-4.526%,2,Israel,,6009,Health Care,Biotechnology: Pharmaceutical Preparations
SILO,Silo Pharma Inc. Common Stock,$1.45,0.01,0.694%,2,United States,,14338,Health Care,Biotechnology: Pharmaceutical Preparations
ELAB,PMGC Holdings Inc. Common Stock,$3.12,-0.015,-0.478%,2,United States,2023,16568,Health Care,Biotechnology: Pharmaceutical Preparations
BIVIW,BioVie Inc. Warrant,$0.27,-0.01,-3.571%,2,United States,,24862,Health Care,Biotechnology: Pharmaceutical Preparations
PPBT,Purple Biotech Ltd. American Depositary Shares,$1.44,-0.02,-1.370%,2,Israel,2015,9595,Health Care,Biotechnology: Pharmaceutical Preparations
GNPX,Genprex Inc. Common Stock,$2.75,0.13,4.962%,2,United States,2018,252446,Health Care,Biotechnology: Pharmaceutical Preparations
BFRGW,Bullfrog AI Holdings Inc. Warrants,$0.12,-0.0386,-24.338%,2,United States,2023,17758,Health Care,Biotechnology: Pharmaceutical Preparations
BDRX,Biodexa Pharmaceuticals plc American Depositary Shs,$0.52,-0.0401,-7.112%,2,United Kingdom,,113437,Health Care,Biotechnology: Pharmaceutical Preparations
BCTXZ,BriaCell Therapeutics Corp. Warrant expiring 2030,$0.25,0.0011,0.442%,2,Canada,,100,Health Care,Biotechnology: Pharmaceutical Preparations
OGEN,Oragenics Inc. Common Stock,$0.46,-0.0369,-7.381%,2,United States,,45861,Health Care,Biotechnology: Pharmaceutical Preparations
TCRT,Alaunos Therapeutics Inc. Common Stock,$0.78,-0.0571,-6.813%,1,United States,,89973,Health Care,Biotechnology: Pharmaceutical Preparations
LABT,Lakewood-Amedex Biotherapeutics Inc. Common Stock,$0.79,-0.0578,-6.802%,1,United States,,225467,Health Care,Biotechnology: Pharmaceutical Preparations
SBFM,Sunshine Biopharma Inc. Common Stock,$0.43,-0.27,-38.571%,1,Canada,,118465419,Health Care,Biotechnology: Pharmaceutical Preparations
ARTL,Artelo Biosciences Inc. Common Stock,$3.37,-0.04,-1.173%,1,United States,,27368,Health Care,Biotechnology: Pharmaceutical Preparations
SCNI,Scinai Immunotherapeutics Ltd. American Depositary Shares,$1.21,0.08,7.080%,1,Israel,2015,90574,Health Care,Biotechnology: Biological Products (No Diagnostic Substances)
CRIS,Curis Inc. Common Stock,$0.71,-0.0272,-3.693%,1,United States,,427061,Health Care,Biotechnology: Biological Products (No Diagnostic Substances)
CDT,CDT Equity Inc. Common Stock,$0.80,-0.036,-4.306%,0,United States,2022,264697,Health Care,Biotechnology: Pharmaceutical Preparations
SABSW,SAB Biotherapeutics Inc. Warrant,$0.01,-0.0034,-27.869%,0,United States,2021,228084,Health Care,Biotechnology: Biological Products (No Diagnostic Substances)
SCLXW,Scilex Holding Company Warrant,$0.09,-0.0101,-10.100%,0,United States,2021,1376,Health Care,Biotechnology: Biological Products (No Diagnostic Substances)
TVGNW,Tevogen Inc. Warrant,$0.07,0.0019,2.730%,0,United States,2022,447546,Health Care,Biotechnology: Biological Products (No Diagnostic Substances)
SXTC,China SXT Pharmaceuticals Inc. Class A Ordinary Shares,$0.34,-2.4865,-87.862%,0,China,2019,64912369,Health Care,Biotechnology: Pharmaceutical Preparations
SBFMW,Sunshine Biopharma Inc. Warrant,$0.03,-0.009,-23.077%,0,Canada,,21249,Health Care,Biotechnology: Pharmaceutical Preparations
BFRIW,Biofrontera Inc. Warrants,$0.01,-0.0039,-35.780%,0,United States,2021,2006,Health Care,Biotechnology: Pharmaceutical Preparations
SXTPW,60 Degrees Pharmaceuticals Inc. Warrant,$0.02,0.001,4.237%,0,United States,2023,3334,Health Care,Biotechnology: Pharmaceutical Preparations
SLXNW,Silexion Therapeutics Corp Warrant,$0.01,-0.0001,-1.667%,0,Israel,,2193,Health Care,Biotechnology: Biological Products (No Diagnostic Substances)
LIMNW,Liminatus Pharma Inc. Warrants,$0.05,0.0127,34.324%,0,United States,,800,Health Care,Biotechnology: Biological Products (No Diagnostic Substances)
PBMWW,Psyence Biomedical Ltd. Warrant,$0.02,-0.0014,-8.485%,0,Canada,,18855,Health Care,Biotechnology: Pharmaceutical Preparations
ERNAW,Ernexa Therapeutics Inc. Warrants,$0.03,-0.003,-8.596%,0,United States,,11697,Health Care,Biotechnology: Pharmaceutical Preparations
NRSNW,NeuroSense Therapeutics Ltd. Warrant,$0.01,0,0.000%,0,Israel,2021,6,Health Care,Biotechnology: Pharmaceutical Preparations
CDIOW,Cardio Diagnostics Holdings Inc Warrant,$0.01,-0.0002,-2.128%,0,United States,2022,10196,Health Care,Biotechnology: In Vitro & In Vivo Diagnostic Substances
CDTTW,CDT Equity Inc. Warrant,$0.01,-0.0013,-12.500%,0,United States,2022,32192,Health Care,Biotechnology: Pharmaceutical Preparations
BKHA,Black Hawk Acquisition Corporation Class A Ordinary Shares,$12.33,-0.67,-5.154%,0,United States,2024,140392,Health Care,Biotechnology: Biological Products (No Diagnostic Substances)
BKHAR,Black Hawk Acquisition Corporation Rights,$1.85,0.21,12.805%,0,United States,2024,2679,Health Care,Biotechnology: Biological Products (No Diagnostic Substances)
EMIS,Emmis Acquisition Corp. Class A Ordinary Shares,$10.27,0,0.000%,0,United States,2025,6,Health Care,Biotechnology: Pharmaceutical Preparations
