Symbol,Name,Last Sale,Net Change,% Change,Market Cap,Country,IPO Year,Volume,Sector,Industry
LLY,Eli Lilly and Company Common Stock,$1142.85,-7,-0.609%,1075829,United States,,2054887,Health Care,Biotechnology: Pharmaceutical Preparations
JNJ,Johnson & Johnson Common Stock,$256.03,-2.63,-1.017%,617006,United States,,10942152,Health Care,Biotechnology: Pharmaceutical Preparations
ABBV,AbbVie Inc. Common Stock,$262.82,2.89,1.112%,464433,United States,2012,5863074,Health Care,Biotechnology: Pharmaceutical Preparations
MRK,Merck & Company Inc. Common Stock (new),$144.30,0.49,0.341%,356012,United States,,9661874,Health Care,Biotechnology: Pharmaceutical Preparations
NVS,Novartis AG Common Stock,$141.00,-0.05,-0.035%,269049,Switzerland,,2246669,Health Care,Biotechnology: Pharmaceutical Preparations
AZN,AstraZeneca PLC Ordinary Shares,$156.90,-0.8,-0.507%,243308,United Kingdom,2026,3035563,Health Care,Biotechnology: Pharmaceutical Preparations
AMGN,Amgen Inc. Common Stock,$403.04,-4.23,-1.039%,217896,United States,1983,3510313,Health Care,Biotechnology: Biological Products (No Diagnostic Substances)
GILD,Gilead Sciences Inc. Common Stock,$144.74,-2.76,-1.871%,179471,United States,1992,5044224,Health Care,Biotechnology: Biological Products (No Diagnostic Substances)
ABT,Abbott Laboratories Common Stock,$97.50,0.81,0.838%,168712,United States,,8709937,Health Care,Biotechnology: Pharmaceutical Preparations
NVO,Novo Nordisk A/S Common Stock,$37.32,-0.08,-0.214%,165250,Denmark,,10261233,Health Care,Biotechnology: Pharmaceutical Preparations
PFE,Pfizer Inc. Common Stock,$27.80,-0.32,-1.138%,158450,United States,,35007924,Health Care,Biotechnology: Pharmaceutical Preparations
VRTX,Vertex Pharmaceuticals Incorporated Common Stock,$504.73,-2.01,-0.397%,127929,United States,1991,939659,Health Care,Biotechnology: Pharmaceutical Preparations
BMY,Bristol-Myers Squibb Company Common Stock,$61.15,-0.31,-0.504%,124912,United States,,9935530,Health Care,Biotechnology: Pharmaceutical Preparations
SNY,Sanofi ADS,$39.92,-0.75,-1.844%,97359,France,,4335097,Health Care,Biotechnology: Pharmaceutical Preparations
GSK,GSK plc American Depositary Shares (Each representing two Ordinary Shares),$47.03,-0.15,-0.318%,95127,United Kingdom,2022,5386362,Health Care,Biotechnology: Pharmaceutical Preparations
MRNA,Moderna Inc. Common Stock,$190.01,1.07,0.566%,75858,United States,2018,10289472,Health Care,Biotechnology: Biological Products (No Diagnostic Substances)
REGN,Regeneron Pharmaceuticals Inc. Common Stock,$735.20,0.39,0.053%,75692,United States,1991,613950,Health Care,Biotechnology: Pharmaceutical Preparations
ARGX,argenx SE American Depositary Shares,$919.21,-16.79,-1.794%,57048,Netherlands,2017,334086,Health Care,Biotechnology: Biological Products (No Diagnostic Substances)
TAK,Takeda Pharmaceutical Company Limited American Depositary Shares (each representing 1/2 of a share of Common Stock),$17.86,0,0.000%,56434,Japan,2018,2132839,Health Care,Biotechnology: Pharmaceutical Preparations
TEVA,Teva Pharmaceutical Industries Limited Ordinary Shares,$39.53,0.22,0.560%,46064,Israel,,4774990,Health Care,Biotechnology: Pharmaceutical Preparations
RVMD,Revolution Medicines Inc. Common Stock,$206.64,0.75,0.364%,44290,United States,2020,1570772,Health Care,Biotechnology: Biological Products (No Diagnostic Substances)
IDXX,IDEXX Laboratories Inc. Common Stock,$518.39,0.64,0.124%,40839,United States,1991,288817,Health Care,Biotechnology: In Vitro & In Vivo Diagnostic Substances
ONC,BeOne Medicines Ltd. American Depositary Shares,$358.07,-0.7,-0.195%,40713,Cayman Islands,2016,505174,Health Care,Biotechnology: Pharmaceutical Preparations
RPRX,Royalty Pharma plc Class A Ordinary Shares ,$57.16,-0.47,-0.816%,32867,United States,2020,2229652,Health Care,Biotechnology: Pharmaceutical Preparations
BIIB,Biogen Inc. Common Stock,$219.88,-2.94,-1.319%,32488,United States,,780430,Health Care,Biotechnology: Biological Products (No Diagnostic Substances)
ALNY,Alnylam Pharmaceuticals Inc. Common Stock,$219.72,-11.46,-4.957%,29400,United States,2004,1661856,Health Care,Biotechnology: Pharmaceutical Preparations
ZTS,Zoetis Inc. Class A Common Stock,$69.69,0.59,0.854%,28797,United States,2013,5260393,Health Care,Biotechnology: Pharmaceutical Preparations
ROIV,Roivant Sciences Ltd. Common Shares,$35.72,0.22,0.620%,25801,United Kingdom,,4365827,Health Care,Biotechnology: Pharmaceutical Preparations
BNTX,BioNTech SE American Depositary Share,$96.90,0.05,0.052%,24341,Germany,2019,696033,Health Care,Biotechnology: Biological Products (No Diagnostic Substances)
INSM,Insmed Incorporated Common Stock,$111.12,2.53,2.330%,24266,United States,,4136267,Health Care,Biotechnology: Pharmaceutical Preparations
UTHR,United Therapeutics Corporation Common Stock,$541.70,-29.68,-5.194%,23233,United States,1999,1117876,Health Care,Biotechnology: Pharmaceutical Preparations
VTRS,Viatris Inc. Common Stock,$17.60,0.14,0.802%,20215,United States,,7526518,Health Care,Biotechnology: Pharmaceutical Preparations
JAZZ,Jazz Pharmaceuticals plc Common Stock (Ireland),$235.67,2.66,1.142%,15298,Ireland,2007,636629,Health Care,Biotechnology: Pharmaceutical Preparations
ASND,Ascendis Pharma A/S Ordinary Share,$227.87,0.56,0.246%,15013,Denmark,2015,641529,Health Care,Biotechnology: Pharmaceutical Preparations
NBIX,Neurocrine Biosciences Inc. Common Stock,$143.18,2.47,1.755%,14554,United States,1996,1648264,Health Care,Biotechnology: Biological Products (No Diagnostic Substances)
EXEL,Exelixis Inc. Common Stock,$58.39,0.45,0.777%,14467,United States,2000,1969281,Health Care,Biotechnology: Biological Products (No Diagnostic Substances)
SMMT,Summit Therapeutics Inc. Common Stock ,$16.75,0.065,0.389%,13366,United States,2015,5196320,Health Care,Biotechnology: Pharmaceutical Preparations
BBIO,BridgeBio Pharma Inc. Common Stock,$67.25,0.34,0.508%,13146,United States,2019,2646363,Health Care,Biotechnology: Pharmaceutical Preparations
CORT,Corcept Therapeutics Incorporated Common Stock,$116.23,2.205,1.934%,12564,United States,2004,960161,Health Care,Biotechnology: Pharmaceutical Preparations
TWST,Twist Bioscience Corporation Common Stock,$188.67,0.62,0.330%,12509,United States,2018,2082086,Health Care,Biotechnology: Biological Products (No Diagnostic Substances)
HALO,Halozyme Therapeutics Inc. Common Stock,$109.86,2.92,2.731%,12468,United States,,2599778,Health Care,Biotechnology: Biological Products (No Diagnostic Substances)
MDGL,Madrigal Pharmaceuticals Inc. Common Stock,$499.40,-0.31,-0.062%,11538,United States,2007,289234,Health Care,Biotechnology: Pharmaceutical Preparations
TECH,Bio-Techne Corp Common Stock,$72.40,0,0.000%,11353,United States,,1866778,Health Care,Biotechnology: Biological Products (No Diagnostic Substances)
BMRN,BioMarin Pharmaceutical Inc. Common Stock,$57.18,-1.26,-2.156%,11068,United States,1999,2192506,Health Care,Biotechnology: Pharmaceutical Preparations
ELAN,Elanco Animal Health Incorporated Common Stock,$22.14,0.37,1.700%,11061,United States,2018,5000718,Health Care,Biotechnology: Pharmaceutical Preparations
IBRX,ImmunityBio Inc. Common Stock,$10.29,1.005,10.830%,10900,United States,2015,31251557,Health Care,Biotechnology: Biological Products (No Diagnostic Substances)
RDY,Dr. Reddy's Laboratories Ltd Common Stock,$12.25,0,0.000%,10224,India,,3801167,Health Care,Biotechnology: Pharmaceutical Preparations
KRYS,Krystal Biotech Inc. Common Stock,$322.28,-3.03,-0.931%,9539,United States,2017,425675,Health Care,Biotechnology: Biological Products (No Diagnostic Substances)
AXSM,Axsome Therapeutics Inc. Common Stock,$179.25,-2.82,-1.549%,9389,United States,2015,981380,Health Care,Biotechnology: Pharmaceutical Preparations
QGEN,Qiagen N.V. Common Shares,$44.75,2.71,6.446%,9221,Netherlands,2026,4557561,Health Care,Biotechnology: Biological Products (No Diagnostic Substances)
CYTK,Cytokinetics Incorporated Common Stock,$65.60,-0.02,-0.030%,9119,United States,2004,2649873,Health Care,Biotechnology: Pharmaceutical Preparations
ARWR,Arrowhead Pharmaceuticals Inc. Common Stock,$64.19,-0.6,-0.926%,9067,United States,,1487641,Health Care,Biotechnology: Pharmaceutical Preparations
PTGX,Protagonist Therapeutics Inc. Common Stock,$140.06,0.87,0.625%,9063,United States,2016,760304,Health Care,Biotechnology: Pharmaceutical Preparations
KYMR,Kymera Therapeutics Inc. Common Stock,$107.39,-2.73,-2.479%,8929,United States,2020,870207,Health Care,Biotechnology: Biological Products (No Diagnostic Substances)
RGEN,Repligen Corporation Common Stock,$181.70,4.47,2.522%,8889,United States,1986,1460567,Health Care,Biotechnology: Biological Products (No Diagnostic Substances)
PCVX,Vaxcyte Inc. Common Stock,$56.48,0.43,0.767%,8404,United States,2020,2399639,Health Care,Biotechnology: Biological Products (No Diagnostic Substances)
TGTX,TG Therapeutics Inc. Common Stock,$54.29,0.67,1.250%,8310,United States,,1650461,Health Care,Biotechnology: Pharmaceutical Preparations
PRAX,Praxis Precision Medicines Inc. Common Stock,$295.51,8.6,2.997%,8250,United States,2020,456101,Health Care,Biotechnology: Pharmaceutical Preparations
SYRE,Spyre Therapeutics Inc. Common Stock,$93.19,3.26,3.625%,8216,United States,2016,1235021,Health Care,Biotechnology: Pharmaceutical Preparations
ABVX,Abivax SA American Depositary Shares,$92.88,-2.22,-2.334%,8104,France,2023,644415,Health Care,Biotechnology: Pharmaceutical Preparations
IONS,Ionis Pharmaceuticals Inc. Common Stock,$43.54,-0.46,-1.045%,7235,United States,,2312086,Health Care,Biotechnology: Pharmaceutical Preparations
AMRX,Amneal Pharmaceuticals Inc. Class A Common Stock,$20.30,0.23,1.146%,7070,United States,,2815677,Health Care,Biotechnology: Pharmaceutical Preparations
ALKS,Alkermes plc Ordinary Shares,$41.75,1.21,2.985%,7004,Ireland,1991,2423456,Health Care,Biotechnology: Pharmaceutical Preparations
IMVT,Immunovant Inc. Common Stock,$33.62,-0.03,-0.089%,6944,United States,2019,1022192,Health Care,Biotechnology: Biological Products (No Diagnostic Substances)
LNTH,Lantheus Holdings Inc. Common Stock,$99.96,0.31,0.311%,6524,United States,2015,714686,Health Care,Biotechnology: In Vitro & In Vivo Diagnostic Substances
IOVA,Iovance Biotherapeutics Inc. Common Stock,$14.21,-0.015,-0.105%,6438,United States,,11922403,Health Care,Biotechnology: Biological Products (No Diagnostic Substances)
BLTE,Belite Bio Inc American Depositary Shares,$159.56,-3.42,-2.098%,6425,United States,2022,184788,Health Care,Biotechnology: Pharmaceutical Preparations
RYTM,Rhythm Pharmaceuticals Inc. Common Stock,$92.83,-0.58,-0.621%,6391,United States,2017,503543,Health Care,Biotechnology: Pharmaceutical Preparations
LGND,Ligand Pharmaceuticals Incorporated Common Stock,$302.96,0.22,0.073%,6039,United States,,179278,Health Care,Biotechnology: Pharmaceutical Preparations
CGON,CG Oncology Inc. Common stock,$67.38,-0.97,-1.419%,5972,United States,2024,1541095,Health Care,Biotechnology: Biological Products (No Diagnostic Substances)
KOD,Kodiak Sciences Inc Common Stock,$94.45,-4.01,-4.073%,5936,United States,2018,2677264,Health Care,Biotechnology: Biological Products (No Diagnostic Substances)
KNSA,Kiniksa Pharmaceuticals International plc Class A Ordinary Shares,$75.79,0.57,0.758%,5913,United States,2018,376355,Health Care,Biotechnology: Pharmaceutical Preparations
SRRK,Scholar Rock Holding Corporation Common Stock,$46.81,0.65,1.408%,5700,United States,2018,1238587,Health Care,Biotechnology: Biological Products (No Diagnostic Substances)
ORKA,Oruka Therapeutics Inc. Common Stock,$84.52,1.1,1.319%,5596,United States,,581498,Health Care,Biotechnology: In Vitro & In Vivo Diagnostic Substances
MIRM,Mirum Pharmaceuticals Inc. Common Stock,$82.93,-0.99,-1.180%,5384,United States,2019,1134104,Health Care,Biotechnology: Pharmaceutical Preparations
COGT,Cogent Biosciences Inc. Common Stock,$31.02,-0.57,-1.804%,5382,United States,2018,1172135,Health Care,Biotechnology: Pharmaceutical Preparations
TVTX,Travere Therapeutics Inc. Common Stock,$56.93,0.08,0.141%,5366,United States,,1722068,Health Care,Biotechnology: Pharmaceutical Preparations
CRSP,CRISPR Therapeutics AG Common Shares,$55.43,-0.01,-0.018%,5359,Switzerland,2016,1131222,Health Care,Biotechnology: Biological Products (No Diagnostic Substances)
PTCT,PTC Therapeutics Inc. Common Stock,$63.46,-0.67,-1.045%,5296,United States,2013,895555,Health Care,Biotechnology: Pharmaceutical Preparations
ERAS,Erasca Inc. Common Stock,$14.74,0.16,1.097%,5155,United States,2021,3837108,Health Care,Biotechnology: Pharmaceutical Preparations
GRFS,Grifols S.A. American Depositary Shares,$7.31,0.01,0.137%,5026,Spain,,390355,Health Care,Biotechnology: Pharmaceutical Preparations
DNTH,Dianthus Therapeutics Inc. Common Stock,$88.21,-0.11,-0.125%,4933,United States,2018,751387,Health Care,Biotechnology: Pharmaceutical Preparations
MANE,Veradermics Incorporated Common Stock,$116.76,-0.46,-0.392%,4878,United States,2026,598417,Health Care,Biotechnology: Pharmaceutical Preparations
ADPT,Adaptive Biotechnologies Corporation Common Stock,$28.35,0.98,3.581%,4524,United States,2019,1575513,Health Care,Biotechnology: Biological Products (No Diagnostic Substances)
EWTX,Edgewise Therapeutics Inc. Common Stock,$41.40,0.92,2.273%,4496,United States,2021,1459616,Health Care,Biotechnology: Pharmaceutical Preparations
GMAB,Genmab A/S ADS,$34.75,0.2,0.579%,4464,Denmark,2019,5436543,Health Care,Biotechnology: Pharmaceutical Preparations
ABCL,AbCellera Biologics Inc. Common Shares,$13.74,-0.17,-1.222%,4450,Canada,2020,3714602,Health Care,Biotechnology: Pharmaceutical Preparations
INDV,Indivior Pharmaceuticals Inc. Common Stock,$35.71,0.33,0.933%,4214,United Kingdom,,1669289,Health Care,Biotechnology: Pharmaceutical Preparations
RLAY,Relay Therapeutics Inc. Common Stock,$18.96,0.47,2.542%,4154,United States,2020,2770999,Health Care,Biotechnology: Biological Products (No Diagnostic Substances)
TNGX,Tango Therapeutics Inc.,$23.24,-1.21,-4.949%,3918,United States,2020,5254008,Health Care,Biotechnology: Pharmaceutical Preparations
VKTX,Viking Therapeutics Inc. Common Stock,$29.94,-0.57,-1.868%,3763,United States,2015,6367092,Health Care,Biotechnology: Pharmaceutical Preparations
PBLS,Parabilis Medicines Inc. Common Stock,$30.28,-0.16,-0.526%,3692,United States,2026,881259,Health Care,Biotechnology: Pharmaceutical Preparations
XENE,Xenon Pharmaceuticals Inc. Common Shares,$38.02,-0.91,-2.338%,3681,Canada,2014,1939071,Health Care,Biotechnology: Pharmaceutical Preparations
LEGN,Legend Biotech Corporation American Depositary Shares,$18.57,-0.75,-3.882%,3611,United States,2020,2529632,Health Care,Biotechnology: Pharmaceutical Preparations
IDYA,IDEAYA Biosciences Inc. Common Stock,$37.36,-0.45,-1.190%,3604,United States,2019,579048,Health Care,Biotechnology: Pharmaceutical Preparations
OGN,Organon & Co. Common Stock ,$13.72,0.01,0.073%,3603,United States,2021,1921271,Health Care,Biotechnology: Pharmaceutical Preparations
TLX,Telix Pharmaceuticals Limited American Depositary Shares,$10.55,-0.17,-1.586%,3574,Australia,,299635,Health Care,Biotechnology: Pharmaceutical Preparations
AMLX,Amylyx Pharmaceuticals Inc. Common Stock,$27.79,-0.29,-1.033%,3486,United States,2022,912435,Health Care,Biotechnology: Pharmaceutical Preparations
ELVN,Enliven Therapeutics Inc. Common Stock,$46.97,0.76,1.645%,3441,United States,2020,1123209,Health Care,Biotechnology: Pharmaceutical Preparations
ACAD,ACADIA Pharmaceuticals Inc. Common Stock,$19.95,0.06,0.302%,3437,United States,1985,2564593,Health Care,Biotechnology: Pharmaceutical Preparations
TARS,Tarsus Pharmaceuticals Inc. Common Stock,$73.00,-2.46,-3.260%,3415,United States,2020,1205454,Health Care,Biotechnology: Biological Products (No Diagnostic Substances)
DNLI,Denali Therapeutics Inc. Common Stock,$20.00,-0.53,-2.582%,3196,United States,2017,1629511,Health Care,Biotechnology: Biological Products (No Diagnostic Substances)
ARQT,Arcutis Biotherapeutics Inc. Common Stock,$25.16,-0.13,-0.514%,3162,United States,2020,1778473,Health Care,Biotechnology: Pharmaceutical Preparations
RCUS,Arcus Biosciences Inc. Common Stock,$24.44,-0.79,-3.131%,3112,United States,2018,1041936,Health Care,Biotechnology: Pharmaceutical Preparations
PGEN,Precigen Inc. Common Stock,$8.54,0.33,4.019%,3057,United States,,6363418,Health Care,Biotechnology: Pharmaceutical Preparations
DYN,Dyne Therapeutics Inc. Common Stock,$15.20,-0.62,-3.919%,2838,United States,2020,2534184,Health Care,Biotechnology: Pharmaceutical Preparations
MBX,MBX Biosciences Inc. Common Stock,$58.51,1.96,3.466%,2817,United States,2024,637414,Health Care,Biotechnology: Pharmaceutical Preparations
NAMS,NewAmsterdam Pharma Company N.V. Ordinary Shares,$23.20,-0.96,-3.974%,2773,Netherlands,,1548926,Health Care,Biotechnology: Pharmaceutical Preparations
ZLAB,Zai Lab Limited American Depositary Shares,$24.33,-1.17,-4.588%,2731,China,2017,951873,Health Care,Biotechnology: Pharmaceutical Preparations
NEOG,Neogen Corporation Common Stock,$12.15,-0.09,-0.735%,2649,United States,1989,2877928,Health Care,Biotechnology: In Vitro & In Vivo Diagnostic Substances
VCRE,Vicore Pharma Holding AB American Depositary Shares,$9.33,-0.1,-1.060%,2626,Sweden,,27552,Health Care,Biotechnology: Pharmaceutical Preparations
LQDA,Liquidia Corporation Common Stock,$28.64,0.65,2.322%,2563,United States,2018,8404402,Health Care,Biotechnology: Pharmaceutical Preparations
BEAM,Beam Therapeutics Inc. Common Stock,$24.50,0.11,0.451%,2530,United States,2020,1498577,Health Care,Biotechnology: Biological Products (No Diagnostic Substances)
CLDX,Celldex Therapeutics Inc.,$31.65,-0.53,-1.647%,2485,United States,,2405741,Health Care,Biotechnology: In Vitro & In Vivo Diagnostic Substances
HCM,HUTCHMED (China) Limited American Depositary Shares,$14.20,-0.37,-2.539%,2477,Hong Kong,2016,45745,Health Care,Biotechnology: Pharmaceutical Preparations
IRON,Disc Medicine Inc. Common Stock,$64.51,0.9,1.415%,2476,United States,,684741,Health Care,Biotechnology: Pharmaceutical Preparations
SUPN,Supernus Pharmaceuticals Inc. Common Stock,$42.38,0.2,0.474%,2463,United States,2012,739836,Health Care,Biotechnology: Pharmaceutical Preparations
RVMDW,Revolution Medicines Inc. Warrant,$11.41,-0.19,-1.638%,2445,United States,,13699,Health Care,Biotechnology: Biological Products (No Diagnostic Substances)
NRIX,Nurix Therapeutics Inc. Common stock,$22.99,-0.35,-1.500%,2385,United States,2020,815524,Health Care,Biotechnology: Pharmaceutical Preparations
IMNM,Immunome Inc. Common Stock,$20.90,0.01,0.048%,2373,United States,2020,1171626,Health Care,Biotechnology: Pharmaceutical Preparations
SLS,SELLAS Life Sciences Group Inc. Common Stock,$11.74,0.41,3.619%,2370,United States,,3846240,Health Care,Biotechnology: Pharmaceutical Preparations
HRMY,Harmony Biosciences Holdings Inc. Common Stock,$39.64,0.07,0.177%,2308,United States,2020,916734,Health Care,Biotechnology: Pharmaceutical Preparations
SDGR,Schrodinger Inc. Common Stock,$30.31,-0.15,-0.492%,2267,United States,2020,3052920,Health Care,Biotechnology: Pharmaceutical Preparations
RXRX,Recursion Pharmaceuticals Inc. Class A Common Stock,$4.12,0.05,1.229%,2205,United States,2021,18840180,Health Care,Biotechnology: Biological Products (No Diagnostic Substances)
VRDN,Viridian Therapeutics Inc. Common Stock,$19.40,0.41,2.159%,2197,United States,2014,1515428,Health Care,Biotechnology: Pharmaceutical Preparations
VERA,Vera Therapeutics Inc. Class A Common Stock,$30.42,-0.57,-1.839%,2192,United States,2021,1614862,Health Care,Biotechnology: Pharmaceutical Preparations
ADMA,ADMA Biologics Inc Common Stock,$9.72,-0.21,-2.115%,2177,United States,,2793459,Health Care,Biotechnology: Biological Products (No Diagnostic Substances)
PHVS,Pharvaris N.V. Ordinary Shares,$31.19,0.18,0.580%,2172,Netherlands,2021,591719,Health Care,Biotechnology: Pharmaceutical Preparations
BHC,Bausch Health Companies Inc. Common Stock,$5.80,0.07,1.222%,2169,Canada,,3281361,Health Care,Biotechnology: Pharmaceutical Preparations
PBH,Prestige Consumer Healthcare Inc. Common Stock,$45.26,0.49,1.094%,2144,United States,2005,543300,Health Care,Biotechnology: Pharmaceutical Preparations
ALVO,Alvotech Ordinary Shares,$5.45,-0.17,-3.025%,2127,Luxembourg,,750994,Health Care,Biotechnology: Biological Products (No Diagnostic Substances)
AUPH,Aurinia Pharmaceuticals Inc Ordinary Shares,$15.83,-0.12,-0.752%,2106,Canada,,813427,Health Care,Biotechnology: Pharmaceutical Preparations
MLYS,Mineralys Therapeutics Inc. Common Stock,$23.63,-0.09,-0.379%,2089,United States,2023,928300,Health Care,Biotechnology: Pharmaceutical Preparations
BCRX,BioCryst Pharmaceuticals Inc. Common Stock,$8.17,0.05,0.616%,2087,United States,1994,6149023,Health Care,Biotechnology: Biological Products (No Diagnostic Substances)
VCEL,Vericel Corporation Common Stock,$40.15,0.71,1.800%,2055,United States,,479214,Health Care,Biotechnology: Biological Products (No Diagnostic Substances)
MRVI,Maravai LifeSciences Holdings Inc. Class A Common Stock,$7.90,0.4,5.333%,2051,United States,2020,1913861,Health Care,Biotechnology: Pharmaceutical Preparations
URGN,UroGen Pharma Ltd. Ordinary Shares,$41.40,0.85,2.096%,2023,Israel,2017,604963,Health Care,Biotechnology: Pharmaceutical Preparations
TRVI,Trevi Therapeutics Inc. Common Stock,$13.91,-0.27,-1.904%,1981,United States,2019,2080298,Health Care,Biotechnology: Pharmaceutical Preparations
PRGO,Perrigo Company plc Ordinary Shares,$14.26,0.24,1.712%,1978,United States,,2168995,Health Care,Biotechnology: Pharmaceutical Preparations
GPCR,Structure Therapeutics Inc. American Depositary Shares,$27.67,-1.31,-4.520%,1973,United States,2023,1715037,Health Care,Biotechnology: Pharmaceutical Preparations
ADRX,ADARx Pharmaceuticals Inc. Common Stock,$18.25,-1.29,-6.602%,1949,United States,2026,937092,Health Care,Biotechnology: Pharmaceutical Preparations
BHVN,Biohaven Ltd. Common Shares ,$12.87,-0.27,-2.055%,1943,United States,2022,1735504,Health Care,Biotechnology: Pharmaceutical Preparations
LKFT,Lakefront Biotherapeutics American Depositary Shares,$29.37,0.51,1.767%,1935,Belgium,2015,270240,Health Care,Biotechnology: Pharmaceutical Preparations
BRVE,Braveheart Bio Inc. Common Stock,$21.27,-0.14,-0.654%,1915,United States,2026,462802,Health Care,Biotechnology: Pharmaceutical Preparations
PVLA,Palvella Therapeutics Inc. Common Stock,$132.47,-0.26,-0.196%,1908,United States,,348145,Health Care,Biotechnology: Pharmaceutical Preparations
AGIO,Agios Pharmaceuticals Inc. Common Stock,$31.80,-0.68,-2.094%,1898,United States,2013,569934,Health Care,Biotechnology: Pharmaceutical Preparations
VIR,Vir Biotechnology Inc. Common Stock,$11.17,-0.12,-1.063%,1890,United States,2019,2180671,Health Care,Biotechnology: Biological Products (No Diagnostic Substances)
SRPT,Sarepta Therapeutics Inc. Common Stock (DE),$17.50,-0.07,-0.398%,1848,United States,,2549726,Health Care,Biotechnology: Pharmaceutical Preparations
XNCR,Xencor Inc. Common Stock,$24.84,0.07,0.283%,1846,United States,2013,1097641,Health Care,Biotechnology: Pharmaceutical Preparations
ZBIO,Zenas BioPharma Inc. Common Stock,$28.30,0.355,1.271%,1844,United States,2024,1513622,Health Care,Biotechnology: Pharmaceutical Preparations
MESO,Mesoblast Limited American Depositary Shares,$14.08,-0.24,-1.676%,1831,Australia,2015,265218,Health Care,Biotechnology: Biological Products (No Diagnostic Substances)
NUVB,Nuvation Bio Inc. Class A Common Stock,$5.14,-0.42,-7.554%,1804,United States,2020,14830332,Health Care,Biotechnology: Pharmaceutical Preparations
ZYME,Zymeworks Inc. Common Stock,$25.15,-0.81,-3.120%,1784,United States,,844470,Health Care,Biotechnology: Pharmaceutical Preparations
SEPN,Septerna Inc. Common Stock,$37.71,-0.34,-0.894%,1760,United States,2024,395466,Health Care,Biotechnology: Pharmaceutical Preparations
GENB,Generate Biomedicines Inc. Common Stock,$13.69,-0.11,-0.797%,1757,United States,2026,1263219,Health Care,Biotechnology: Pharmaceutical Preparations
NVAX,Novavax Inc. Common Stock,$10.46,-0.14,-1.321%,1725,United States,,4025443,Health Care,Biotechnology: Biological Products (No Diagnostic Substances)
NTLA,Intellia Therapeutics Inc. Common Stock,$12.26,0.14,1.155%,1717,United States,2016,4503691,Health Care,Biotechnology: In Vitro & In Vivo Diagnostic Substances
ANIP,ANI Pharmaceuticals Inc.,$72.18,-0.78,-1.069%,1657,United States,,309509,Health Care,Biotechnology: Pharmaceutical Preparations
XERS,Xeris Biopharma Holdings Inc. Common Stock,$9.08,-0.17,-1.838%,1655,United States,2018,1803576,Health Care,Biotechnology: Pharmaceutical Preparations
STOK,Stoke Therapeutics Inc. Common Stock,$25.62,-0.39,-1.499%,1653,United States,2019,848622,Health Care,Biotechnology: Pharmaceutical Preparations
CMPS,COMPASS Pathways Plc American Depository Shares,$11.90,-0.05,-0.418%,1647,United Kingdom,2020,2664571,Health Care,Biotechnology: Pharmaceutical Preparations
QURE,uniQure N.V. Ordinary Shares,$23.46,0.09,0.385%,1627,Netherlands,2014,1953136,Health Care,Biotechnology: Pharmaceutical Preparations
ETON,Eton Pharmaceuticals Inc. Common Stock,$55.36,3.38,6.503%,1582,United States,2018,750081,Health Care,Biotechnology: Pharmaceutical Preparations
GHRS,GH Research PLC Ordinary Shares,$22.94,0.08,0.350%,1572,Ireland,2021,230133,Health Care,Biotechnology: Pharmaceutical Preparations
SNDX,Syndax Pharmaceuticals Inc. Common Stock,$17.60,-0.62,-3.403%,1571,United States,2016,2557964,Health Care,Biotechnology: Pharmaceutical Preparations
RAPP,Rapport Therapeutics Inc. Common Stock,$32.17,-0.66,-2.010%,1543,United States,2024,277660,Health Care,Biotechnology: Pharmaceutical Preparations
IMCR,Immunocore Holdings plc American Depositary Shares,$29.71,-0.83,-2.718%,1530,United Kingdom,2021,657619,Health Care,Biotechnology: Biological Products (No Diagnostic Substances)
OCUL,Ocular Therapeutix Inc. Common Stock,$6.96,-0.33,-4.527%,1528,United States,2014,4958269,Health Care,Biotechnology: Pharmaceutical Preparations
PAHC,Phibro Animal Health Corporation Class A Common Stock,$37.24,1.37,3.819%,1512,United States,2014,222771,Health Care,Biotechnology: Pharmaceutical Preparations
TSHA,Taysha Gene Therapies Inc. Common Stock,$4.63,-0.11,-2.321%,1508,United States,2020,2990161,Health Care,Biotechnology: Biological Products (No Diagnostic Substances)
RARE,Ultragenyx Pharmaceutical Inc. Common Stock,$15.22,0.47,3.186%,1500,United States,2014,3880769,Health Care,Biotechnology: Pharmaceutical Preparations
NKTR,Nektar Therapeutics  Common Stock,$43.58,-3.41,-7.257%,1487,United States,,2923673,Health Care,Biotechnology: Pharmaceutical Preparations
INVA,Innoviva Inc. Common Stock,$20.50,-0.05,-0.243%,1481,United States,2004,774732,Health Care,Biotechnology: Pharmaceutical Preparations
MAZE,Maze Therapeutics Inc. Common Stock,$26.43,-0.22,-0.826%,1468,United States,2025,633086,Health Care,Biotechnology: Biological Products (No Diagnostic Substances)
COAG,Hemab Therapeutics Holdings Inc. Common Stock,$31.11,0.05,0.161%,1453,United States,2026,354161,Health Care,Biotechnology: Biological Products (No Diagnostic Substances)
ANAB,AnaptysBio Inc. Common Stock,$48.53,-0.1,-0.206%,1436,United States,2017,441126,Health Care,Biotechnology: Pharmaceutical Preparations
AAPG,Ascentage Pharma Group International American Depository Shares,$15.37,-0.535,-3.365%,1434,China,2025,9007,Health Care,Biotechnology: Pharmaceutical Preparations
INBX,Inhibrx Biosciences Inc. Common Stock,$96.99,-0.94,-0.960%,1427,United States,,201495,Health Care,Biotechnology: Biological Products (No Diagnostic Substances)
TYRA,Tyra Biosciences Inc. Common Stock,$20.43,-0.58,-2.761%,1404,United States,2021,1047697,Health Care,Biotechnology: Pharmaceutical Preparations
AVBP,ArriVent BioPharma Inc. Common Stock,$28.27,-0.66,-2.281%,1393,United States,2024,507604,Health Care,Biotechnology: Pharmaceutical Preparations
KRSA,Korsana Biosciences Inc. Common Stock,$30.49,-0.71,-2.276%,1388,United States,,51677,Health Care,Biotechnology: Pharmaceutical Preparations
KARD,Kardigan Inc. Common Stock,$14.79,0.54,3.789%,1382,United States,2026,524515,Health Care,Biotechnology: Pharmaceutical Preparations
OMER,Omeros Corporation Common Stock,$18.61,0.14,0.758%,1347,United States,2009,956424,Health Care,Biotechnology: Pharmaceutical Preparations
KLRA,Kailera Therapeutics Inc. Common Stock,$10.39,-0.64,-5.802%,1346,United States,2026,1283621,Health Care,Biotechnology: Pharmaceutical Preparations
NBTX,Nanobiotix S.A. American Depositary Shares,$25.75,-2.15,-7.706%,1308,France,2020,255797,Health Care,Biotechnology: Pharmaceutical Preparations
DMRA,Damora Therapeutics Inc. Ordinary Shares,$20.65,0.42,2.076%,1274,Denmark,2020,692901,Health Care,Biotechnology: Pharmaceutical Preparations
ORIC,Oric Pharmaceuticals Inc. Common Stock,$12.21,-0.315,-2.516%,1265,United States,2020,1232166,Health Care,Biotechnology: Pharmaceutical Preparations
AVLN,Avalyn Pharma Inc. Common Stock,$28.13,0.71,2.589%,1247,United States,2026,526207,Health Care,Biotechnology: Pharmaceutical Preparations
REPL,Replimune Group Inc. Common Stock,$13.07,-0.38,-2.825%,1231,United States,2018,1302971,Health Care,Biotechnology: Biological Products (No Diagnostic Substances)
MNKD,MannKind Corporation Common Stock,$3.80,-0.15,-3.797%,1221,United States,2004,4610311,Health Care,Biotechnology: Pharmaceutical Preparations
LBRX,LB Pharmaceuticals Inc Common Stock,$36.99,-0.29,-0.778%,1193,United States,2025,388901,Health Care,Biotechnology: Pharmaceutical Preparations
TRAX,First Tracks Biotherapeutics Inc. Ordinary Shares ,$33.28,-0.64,-1.887%,1189,United States,,1167887,Health Care,Biotechnology: Pharmaceutical Preparations
BCAX,Bicara Therapeutics Inc. Common Stock,$17.63,-0.57,-3.132%,1166,United States,2024,763080,Health Care,Biotechnology: Pharmaceutical Preparations
OPK,OPKO Health Inc. Common Stock,$1.56,-0.01,-0.637%,1164,United States,,1399016,Health Care,Biotechnology: Pharmaceutical Preparations
HROW,Harrow Inc. Common Stock,$30.48,-0.13,-0.425%,1142,United States,,566410,Health Care,Biotechnology: Pharmaceutical Preparations
IMTX,Immatics N.V. Ordinary Shares,$7.59,-0.85,-10.071%,1135,Germany,,1257082,Health Care,Biotechnology: Biological Products (No Diagnostic Substances)
VOR,Vor Biopharma Inc. Common Stock,$18.69,0.63,3.488%,1105,United States,2021,773286,Health Care,Biotechnology: Biological Products (No Diagnostic Substances)
AMPH,Amphastar Pharmaceuticals Inc. Common Stock,$25.43,0.08,0.316%,1081,United States,2014,374265,Health Care,Biotechnology: Pharmaceutical Preparations
LTGO,Latigo Biotherapeutics Inc. Common Stock,$15.90,-0.79,-4.733%,1054,United States,2026,276583,Health Care,Biotechnology: Pharmaceutical Preparations
MGTX,MeiraGTx Holdings plc Ordinary Shares,$10.79,0.13,1.220%,1036,United States,2018,820088,Health Care,Biotechnology: Biological Products (No Diagnostic Substances)
JANX,Janux Therapeutics Inc. Common Stock,$16.93,-0.03,-0.177%,1035,United States,2021,805282,Health Care,Biotechnology: Pharmaceutical Preparations
AKTS,Aktis Oncology Inc. Common stock,$18.52,0,0.000%,1030,United States,2026,337997,Health Care,Biotechnology: Pharmaceutical Preparations
PCRX,Pacira BioSciences Inc. Common Stock,$25.21,0.2,0.800%,1004,United States,2011,469811,Health Care,Biotechnology: Pharmaceutical Preparations
CGEM,Cullinan Therapeutics Inc. Common Stock,$15.51,0.98,6.745%,998,United States,2021,1162156,Health Care,Biotechnology: Biological Products (No Diagnostic Substances)
ODTX,Odyssey Therapeutics Inc. Common Stock,$20.73,0.305,1.494%,996,United States,2026,192509,Health Care,Biotechnology: Biological Products (No Diagnostic Substances)
SVRA,Savara Inc. Common Stock,$4.81,-0.235,-4.658%,988,United States,,2653355,Health Care,Biotechnology: Pharmaceutical Preparations
SPTX,Seaport Therapeutics Inc. Common Stock,$18.42,-0.53,-2.797%,986,United States,2026,258710,Health Care,Biotechnology: Pharmaceutical Preparations
ANRO,Alto Neuroscience Inc. Common Stock,$24.80,-0.51,-2.015%,973,United States,2024,660721,Health Care,Biotechnology: Pharmaceutical Preparations
ANL,Adlai Nortye Group Ltd. American Depositary Shares,$15.09,-0.67,-4.251%,971,Cayman Islands,2023,77017,Health Care,Biotechnology: Pharmaceutical Preparations
MLTX,MoonLake Immunotherapeutics Class A Ordinary Shares,$11.41,-0.06,-0.523%,971,United States,2020,1828479,Health Care,Biotechnology: Pharmaceutical Preparations
KURA,Kura Oncology Inc. Common Stock,$10.65,0,0.000%,947,United States,,1887302,Health Care,Biotechnology: Pharmaceutical Preparations
CRVS,Corvus Pharmaceuticals Inc. Common Stock,$10.90,-0.03,-0.274%,916,United States,2016,1347819,Health Care,Biotechnology: Pharmaceutical Preparations
JBIO,Jade Biosciences Inc. Common Stock,$14.12,0.35,2.542%,897,United States,2021,1109859,Health Care,Biotechnology: Pharmaceutical Preparations
GLUE,Monte Rosa Therapeutics Inc. Common Stock,$10.50,-0.76,-6.750%,895,United States,2021,2214561,Health Care,Biotechnology: Biological Products (No Diagnostic Substances)
APMD,Apnimed Inc. Common Stock,$21.51,-1.03,-4.570%,895,United States,2026,682114,Health Care,Biotechnology: Pharmaceutical Preparations
ALMS,Alumis Inc. Common Stock,$6.85,-0.36,-4.993%,886,United States,2024,2624839,Health Care,Biotechnology: Pharmaceutical Preparations
CYRX,CryoPort Inc. Common Stock,$17.43,0.07,0.403%,882,United States,,709934,Health Care,Biotechnology: Pharmaceutical Preparations
RIGL,Rigel Pharmaceuticals Inc. Common Stock,$47.15,0.18,0.383%,880,United States,2000,185674,Health Care,Biotechnology: Pharmaceutical Preparations
ABUS,Arbutus Biopharma Corporation Common Stock,$4.45,-0.11,-2.412%,880,Canada,,8987367,Health Care,Biotechnology: Pharmaceutical Preparations
SLBT,SL Science Holding Limited Ordinary Shares,$1.57,-0.03,-1.875%,880,Taiwan,,52282,Health Care,Biotechnology: Biological Products (No Diagnostic Substances)
SANA,Sana Biotechnology Inc. Common Stock,$2.89,0,0.000%,865,United States,2021,3498510,Health Care,Biotechnology: Biological Products (No Diagnostic Substances)
HELP,Helus Pharma Inc. Common Stock,$11.70,-0.21,-1.763%,854,Canada,,1407855,Health Care,Biotechnology: Pharmaceutical Preparations
IVA,Inventiva S.A. American Depository Shares,$3.56,0.1,2.890%,841,France,2020,4886131,Health Care,Biotechnology: Pharmaceutical Preparations
OBX,Obsidian Therapeutics Inc. Common Stock,$13.59,0.27,2.027%,839,United States,,228992,Health Care,Biotechnology: Pharmaceutical Preparations
ARDX,Ardelyx Inc. Common Stock,$3.34,-0.04,-1.183%,832,United States,2014,4092152,Health Care,Biotechnology: Pharmaceutical Preparations
LXRX,Lexicon Pharmaceuticals Inc. Common Stock,$1.82,0,0.000%,809,United States,,2317737,Health Care,Biotechnology: Pharmaceutical Preparations
AVTX,Avalo Therapeutics Inc. Common Stock,$14.99,0.04,0.268%,803,United States,2015,948532,Health Care,Biotechnology: Pharmaceutical Preparations
IMMX,Immix Biopharma Inc. Common Stock,$9.68,-0.55,-5.376%,802,United States,2021,2548216,Health Care,Biotechnology: Pharmaceutical Preparations
NNNN,Anbio Biotechnology Class A Ordinary Shares,$5.55,-0.74,-11.765%,798,Germany,2025,27380,Health Care,Biotechnology: In Vitro & In Vivo Diagnostic Substances
DNA,Ginkgo Bioworks Holdings Inc. Class A Common Stock,$12.35,-0.15,-1.200%,794,United States,2021,2041355,Health Care,Biotechnology: Biological Products (No Diagnostic Substances)
ANNX,Annexon Inc. Common Stock,$4.19,0.07,1.699%,794,United States,2020,4019818,Health Care,Biotechnology: Pharmaceutical Preparations
GYRE,Gyre Therapeutics Inc. Common Stock,$7.11,0.11,1.571%,792,United States,2006,163751,Health Care,Biotechnology: Pharmaceutical Preparations
ATTO,Attovia Therapeutics Inc. Common Stock,$17.17,-0.62,-3.485%,783,United States,2026,348668,Health Care,Biotechnology: Biological Products (No Diagnostic Substances)
CADL,Candel Therapeutics Inc. Common Stock,$10.18,0.02,0.197%,778,United States,2021,878823,Health Care,Biotechnology: Biological Products (No Diagnostic Substances)
DSGN,Design Therapeutics Inc. Common Stock,$12.34,0.1,0.817%,772,United States,2021,565857,Health Care,Biotechnology: Pharmaceutical Preparations
GERN,Geron Corporation Common Stock,$1.20,-0.01,-0.826%,770,United States,1996,14719671,Health Care,Biotechnology: Pharmaceutical Preparations
FDMT,4D Molecular Therapeutics Inc. Common Stock,$13.67,-0.17,-1.228%,755,United States,2020,1036937,Health Care,Biotechnology: Biological Products (No Diagnostic Substances)
ACHV,Achieve Life Sciences Inc. Common Shares,$7.24,-0.29,-3.851%,745,United States,,1886328,Health Care,Biotechnology: In Vitro & In Vivo Diagnostic Substances
WVE,Wave Life Sciences Inc. Common Stock,$3.78,-0.1,-2.577%,744,Singapore,2015,3745050,Health Care,Biotechnology: Pharmaceutical Preparations
QDEL,QuidelOrtho Corporation Common Stock,$10.77,0.39,3.757%,738,United States,,2417507,Health Care,Biotechnology: In Vitro & In Vivo Diagnostic Substances
SLDB,Solid Biosciences Inc. Common Stock,$6.85,-0.13,-1.862%,734,United States,2018,1198209,Health Care,Biotechnology: Biological Products (No Diagnostic Substances)
FTH,Faeth Therapeutics Inc. Common Stock,$28.35,0.08,0.283%,732,United States,2021,187931,Health Care,Biotechnology: Pharmaceutical Preparations
OLMA,Olema Pharmaceuticals Inc. Common Stock,$8.22,-0.045,-0.544%,719,United States,2020,1071971,Health Care,Biotechnology: Pharmaceutical Preparations
COLL,Collegium Pharmaceutical Inc. Common Stock,$22.02,0.18,0.824%,716,United States,2015,694083,Health Care,Biotechnology: Pharmaceutical Preparations
NVCT,Nuvectis Pharma Inc. Common Stock,$21.92,1.2,5.792%,714,United States,2022,207534,Health Care,Biotechnology: Pharmaceutical Preparations
VSTM,Verastem Inc. Common Stock,$7.70,-0.2,-2.532%,697,United States,2012,4071869,Health Care,Biotechnology: Pharmaceutical Preparations
PHAR,Pharming Group N.V. ADS each representing 10 ordinary shares,$9.75,-0.2,-2.010%,688,Netherlands,,12413,Health Care,Biotechnology: Pharmaceutical Preparations
STTK,Shattuck Labs Inc. Common Stock,$6.73,-0.11,-1.608%,675,United States,2020,1843760,Health Care,Biotechnology: Pharmaceutical Preparations
SLN,Silence Therapeutics Plc American Depository Share,$10.64,-0.07,-0.654%,661,United Kingdom,,973332,Health Care,Biotechnology: Pharmaceutical Preparations
ETRA,Electra Therapeutics Inc. Common stock,$10.37,-0.31,-2.903%,650,United States,2026,696589,Health Care,Biotechnology: Biological Products (No Diagnostic Substances)
ACRS,Aclaris Therapeutics Inc. Common Stock,$4.39,-0.02,-0.454%,646,United States,2015,6208890,Health Care,Biotechnology: Pharmaceutical Preparations
SGMT,Sagimet Biosciences Inc. Series A Common Stock,$9.14,-0.23,-2.455%,644,United States,2023,1712567,Health Care,Biotechnology: Pharmaceutical Preparations
MPLT,MapLight Therapeutics Inc. Common Stock,$9.82,0.19,1.973%,636,United States,2025,565754,Health Care,Biotechnology: Pharmaceutical Preparations
AURA,Aura Biosciences Inc. Common Stock,$6.09,0.05,0.828%,631,United States,2021,2099077,Health Care,Biotechnology: Biological Products (No Diagnostic Substances)
CLYM,Climb Bio Inc. Common Stock,$10.94,-0.13,-1.174%,628,United States,2021,1575033,Health Care,Biotechnology: Pharmaceutical Preparations
BLSM,BlossomHill Therapeutics Inc. Common Stock,$19.69,1.1,5.917%,625,United States,2026,169346,Health Care,Biotechnology: Pharmaceutical Preparations
DBVT,DBV Technologies S.A. American Depositary Shares,$10.55,-0.66,-5.888%,624,France,2014,673258,Health Care,Biotechnology: Biological Products (No Diagnostic Substances)
IRWD,Ironwood Pharmaceuticals Inc. Class A Common Stock,$3.64,-0.12,-3.191%,601,United States,2010,2700654,Health Care,Biotechnology: Pharmaceutical Preparations
ZVRA,Zevra Therapeutics Inc. Common Stock,$9.99,-0.19,-1.866%,593,United States,,951908,Health Care,Biotechnology: Pharmaceutical Preparations
AQST,Aquestive Therapeutics Inc. Common Stock,$4.55,0.11,2.477%,571,United States,2018,2272542,Health Care,Biotechnology: Pharmaceutical Preparations
EVO,Evotec SE American Depositary Shares,$1.60,-0.045,-2.736%,569,Germany,2021,52039,Health Care,Biotechnology: Pharmaceutical Preparations
FBIOP,Fortress Biotech Inc. 9.375% Series A Cumulative Redeemable Perpetual Preferred Stock,$16.86,0.8,4.981%,562,United States,,25192,Health Care,Biotechnology: Pharmaceutical Preparations
CRMD,CorMedix Inc. Common Stock,$7.19,-0.23,-3.100%,560,United States,,1125366,Health Care,Biotechnology: Pharmaceutical Preparations
PHAT,Phathom Pharmaceuticals Inc. Common Stock,$6.92,-0.16,-2.260%,559,United States,2019,1683835,Health Care,Biotechnology: Pharmaceutical Preparations
CTMX,CytomX Therapeutics Inc. Common Stock,$2.56,-0.07,-2.662%,557,United States,2015,2624134,Health Care,Biotechnology: Pharmaceutical Preparations
VALN,Valneva SE American Depositary Shares,$5.74,-0.16,-2.712%,544,France,2021,39848,Health Care,Biotechnology: Biological Products (No Diagnostic Substances)
PRME,Prime Medicine Inc. Common Stock,$2.98,-0.01,-0.334%,540,United States,2022,2110057,Health Care,Biotechnology: Biological Products (No Diagnostic Substances)
OCS,Oculis Holding AG Ordinary shares,$8.73,-0.03,-0.342%,537,Switzerland,,586319,Health Care,Biotechnology: Pharmaceutical Preparations
ALT,Altimmune Inc. Common Stock,$2.73,-0.025,-0.906%,532,United States,,4252759,Health Care,Biotechnology: Pharmaceutical Preparations
CBIO,Crescent Biopharma Inc. Common Stock,$14.32,0.06,0.421%,531,United States,2014,283277,Health Care,Biotechnology: Pharmaceutical Preparations
MNPR,Monopar Therapeutics Inc. Common Stock,$77.97,0,0.000%,523,United States,2019,107633,Health Care,Biotechnology: Pharmaceutical Preparations
CAPR,Capricor Therapeutics Inc. Common Stock,$8.95,0.01,0.112%,520,United States,,2639072,Health Care,Biotechnology: Pharmaceutical Preparations
PROK,ProKidney Corp. Class A Ordinary Shares,$1.72,0.01,0.585%,519,United States,2021,1089633,Health Care,Biotechnology: Biological Products (No Diagnostic Substances)
ALLO,Allogene Therapeutics Inc. Common Stock,$1.50,-0.04,-2.597%,518,United States,2018,4656682,Health Care,Biotechnology: Biological Products (No Diagnostic Substances)
NGNE,Neurogene Inc. Common Stock ,$25.65,-0.9,-3.390%,513,Canada,2014,401664,Health Care,Biotechnology: Pharmaceutical Preparations
DRUG,Bright Minds Biosciences Inc. Common Stock,$50.69,1.48,3.008%,497,Canada,,154918,Health Care,Biotechnology: Pharmaceutical Preparations
ENTX,Entera Bio Ltd. Ordinary Shares,$2.86,-0.03,-1.038%,497,Israel,2018,100708,Health Care,Biotechnology: Biological Products (No Diagnostic Substances)
CTNM,Contineum Therapeutics Inc. Class A Common Stock,$13.12,0.13,1.001%,493,United States,2024,794272,Health Care,Biotechnology: Pharmaceutical Preparations
PBYI,Puma Biotechnology Inc Common Stock,$9.51,-0.33,-3.354%,490,United States,,454911,Health Care,Biotechnology: Pharmaceutical Preparations
RGNX,REGENXBIO Inc. Common Stock,$7.43,0.01,0.135%,490,United States,2015,1036887,Health Care,Biotechnology: Biological Products (No Diagnostic Substances)
ARVN,Arvinas Inc. Common Stock,$7.41,-0.02,-0.269%,484,United States,2018,585187,Health Care,Biotechnology: Pharmaceutical Preparations
TKNO,Alpha Teknova Inc. Common Stock,$8.99,0.13,1.467%,482,United States,2021,249339,Health Care,Biotechnology: In Vitro & In Vivo Diagnostic Substances
KMDA,Kamada Ltd. Ordinary Shares,$8.31,0.11,1.341%,479,Israel,2013,57889,Health Care,Biotechnology: Pharmaceutical Preparations
AUTL,Autolus Therapeutics plc American Depositary Share,$1.78,-0.07,-3.784%,473,United Kingdom,2018,1811791,Health Care,Biotechnology: Biological Products (No Diagnostic Substances)
EOLS,Evolus Inc. Common Stock,$7.14,-0.55,-7.152%,471,United States,2018,2070907,Health Care,Biotechnology: Pharmaceutical Preparations
OVID,Ovid Therapeutics Inc. Common Stock,$2.38,-0.05,-2.058%,464,United States,2017,2173703,Health Care,Biotechnology: Pharmaceutical Preparations
ASMB,Assembly Biosciences Inc. Common Stock,$22.54,-0.44,-1.915%,458,United States,2010,368330,Health Care,Biotechnology: Pharmaceutical Preparations
DMAC,DiaMedica Therapeutics Inc. Common Stock,$8.23,-0.12,-1.437%,443,United States,2018,335692,Health Care,Biotechnology: Pharmaceutical Preparations
TECX,Tectonic Therapeutic Inc. Common Stock,$22.54,-0.13,-0.573%,440,United States,2018,253448,Health Care,Biotechnology: Biological Products (No Diagnostic Substances)
MYGN,Myriad Genetics Inc. Common Stock,$4.54,0.48,11.823%,434,United States,1995,2281250,Health Care,Biotechnology: In Vitro & In Vivo Diagnostic Substances
PRTA,Prothena Corporation plc Ordinary Shares,$8.36,-0.18,-2.108%,429,United States,,675890,Health Care,Biotechnology: Pharmaceutical Preparations
AGMB,AgomAb Therapeutics NV American Depositary Shares,$8.56,-0.09,-1.040%,421,Belgium,2026,391649,Health Care,Biotechnology: Biological Products (No Diagnostic Substances)
AVIR,Atea Pharmaceuticals Inc. Common Stock,$5.13,0.03,0.588%,411,United States,2020,253272,Health Care,Biotechnology: Pharmaceutical Preparations
SPRY,ARS Pharmaceuticals Inc. Common Stock,$4.07,-0.05,-1.214%,404,United States,2020,1828697,Health Care,Biotechnology: Pharmaceutical Preparations
EDIT,Editas Medicine Inc. Common Stock,$2.62,0.1,3.968%,402,United States,2016,2162863,Health Care,Biotechnology: Biological Products (No Diagnostic Substances)
TTRX,Turn Therapeutics Inc. Common Stock,$13.33,0.02,0.150%,397,United States,,136310,Health Care,Biotechnology: Pharmaceutical Preparations
EIKN,Eikon Therapeutics Inc. Common Stock,$7.33,-0.08,-1.080%,397,United States,2026,420393,Health Care,Biotechnology: Biological Products (No Diagnostic Substances)
ZURA,Zura Bio Limited Class A Ordinary Shares,$4.11,-0.03,-0.725%,393,Cayman Islands,,2954822,Health Care,Biotechnology: Biological Products (No Diagnostic Substances)
GALT,Galectin Therapeutics Inc. Common Stock,$3.90,0.14,3.723%,393,United States,,220524,Health Care,Biotechnology: Pharmaceutical Preparations
RZLT,Rezolute Inc. Common Stock (NV),$4.01,-0.06,-1.474%,387,United States,,1646401,Health Care,Biotechnology: Pharmaceutical Preparations
SDEV,Stablecoin Development Corporation Common Stock,$7.48,3.82,104.372%,387,United States,,153287007,Health Care,Biotechnology: Pharmaceutical Preparations
KYTX,Kyverna Therapeutics Inc. Common Stock,$6.22,-0.3,-4.601%,384,United States,2024,1183028,Health Care,Biotechnology: Biological Products (No Diagnostic Substances)
RLMD,Relmada Therapeutics Inc. Common Stock,$3.60,-0.06,-1.639%,384,United States,,1209553,Health Care,Biotechnology: Pharmaceutical Preparations
IRD,Opus Genetics Inc. Common Stock,$4.58,0.07,1.552%,381,United States,,1791317,Health Care,Biotechnology: Pharmaceutical Preparations
AGEN,Agenus Inc. Common Stock,$8.36,0.03,0.360%,377,United States,2000,1085766,Health Care,Biotechnology: Biological Products (No Diagnostic Substances)
ENTA,Enanta Pharmaceuticals Inc. Common Stock,$12.96,0.12,0.935%,377,United States,2013,748019,Health Care,Biotechnology: Pharmaceutical Preparations
ARCT,Arcturus Therapeutics Holdings Inc. Common Stock,$13.03,-0.18,-1.363%,370,Israel,2013,744895,Health Care,Biotechnology: Pharmaceutical Preparations
CCCC,C4 Therapeutics Inc. Common Stock,$2.95,-0.19,-6.051%,362,United States,2020,3384984,Health Care,Biotechnology: Biological Products (No Diagnostic Substances)
FENC,Fennec Pharmaceuticals Inc. Common Stock,$10.20,-0.13,-1.258%,357,United States,,136449,Health Care,Biotechnology: Biological Products (No Diagnostic Substances)
OCGN,Ocugen Inc. Common Stock,$1.02,0.02,2.000%,345,United States,2014,3446593,Health Care,Biotechnology: Biological Products (No Diagnostic Substances)
SRZN,Surrozen Inc. Common Stock,$29.32,-0.68,-2.267%,344,United States,,646071,Health Care,Biotechnology: Biological Products (No Diagnostic Substances)
CABA,Cabaletta Bio Inc. Common Stock,$2.00,0.11,5.820%,339,United States,2019,5705698,Health Care,Biotechnology: Biological Products (No Diagnostic Substances)
ARTV,Artiva Biotherapeutics Inc. Common Stock,$6.83,0.04,0.589%,333,United States,2024,587664,Health Care,Biotechnology: Biological Products (No Diagnostic Substances)
CYPH,Cypherpunk Technologies Inc. Common Stock,$3.03,0.11,3.767%,326,United States,,15381453,Health Care,Biotechnology: Pharmaceutical Preparations
EBS,Emergent BioSolutions Inc. Common Stock,$6.33,-0.04,-0.628%,324,United States,2006,614591,Health Care,Biotechnology: Pharmaceutical Preparations
SCTX,Scribe Therapeutics Inc. Common Stock,$16.79,-0.385,-2.242%,317,United States,2026,475276,Health Care,Biotechnology: Biological Products (No Diagnostic Substances)
INDP,Indaptus Therapeutics Inc. Common Stock,$2.38,0.26,12.264%,317,United States,,568163,Health Care,Biotechnology: Pharmaceutical Preparations
CATX,Perspective Therapeutics Inc. Common Stock,$2.76,0.04,1.471%,315,United States,,2622164,Health Care,Biotechnology: Pharmaceutical Preparations
BNTC,Benitec Biopharma Inc. Common Stock,$8.98,-0.6,-6.263%,313,United States,2015,135147,Health Care,Biotechnology: Pharmaceutical Preparations
BBOT,BridgeBio Oncology Therapeutics Inc. Common Stock  ,$3.89,-0.05,-1.269%,311,United States,2024,486011,Health Care,Biotechnology: Pharmaceutical Preparations
LRMR,Larimar Therapeutics Inc. Common Stock,$2.96,-0.1,-3.268%,307,United States,2014,835040,Health Care,Biotechnology: Pharmaceutical Preparations
BIOA,BioAge Labs Inc. Common Stock,$6.61,-0.2,-2.937%,303,United States,2024,870018,Health Care,Biotechnology: Pharmaceutical Preparations
PRLD,Prelude Therapeutics Incorporated Common Stock,$3.67,-0.12,-3.166%,292,United States,2020,742052,Health Care,Biotechnology: Pharmaceutical Preparations
LXEO,Lexeo Therapeutics Inc. Common Stock,$3.53,-0.09,-2.486%,289,United States,2023,2592104,Health Care,Biotechnology: Biological Products (No Diagnostic Substances)
ABEO,Abeona Therapeutics Inc. Common Stock,$5.03,0.02,0.399%,287,United States,,1213625,Health Care,Biotechnology: Pharmaceutical Preparations
FULC,Fulcrum Therapeutics Inc. Common Stock,$3.69,0.01,0.272%,281,United States,2019,1540449,Health Care,Biotechnology: Pharmaceutical Preparations
RCKT,Rocket Pharmaceuticals Inc. Common Stock,$2.56,-0.03,-1.158%,281,United States,2015,1818417,Health Care,Biotechnology: Pharmaceutical Preparations
XFOR,X4 Pharmaceuticals Inc. Common Stock,$2.83,0,0.000%,280,United States,2017,911413,Health Care,Biotechnology: Biological Products (No Diagnostic Substances)
VNDA,Vanda Pharmaceuticals Inc. Common Stock,$4.63,-0.18,-3.742%,279,United States,2006,1448994,Health Care,Biotechnology: Pharmaceutical Preparations
IKT,Inhibikase Therapeutics Inc. Common Stock,$2.00,0.07,3.627%,279,United States,2020,434460,Health Care,Biotechnology: Biological Products (No Diagnostic Substances)
FATE,Fate Therapeutics Inc. Common Stock,$2.32,0.02,0.870%,277,United States,2013,658032,Health Care,Biotechnology: Biological Products (No Diagnostic Substances)
ACIU,AC Immune SA Common Stock,$2.73,-0.085,-3.025%,277,Switzerland,2016,320268,Health Care,Biotechnology: Pharmaceutical Preparations
IPSC,Century Therapeutics Inc. Common Stock,$1.53,-0.08,-4.969%,277,United States,2021,802968,Health Care,Biotechnology: Biological Products (No Diagnostic Substances)
UPB,Upstream Bio Inc. Common Stock,$5.04,0,0.000%,276,United States,2024,956526,Health Care,Biotechnology: Pharmaceutical Preparations
SABS,SAB Biotherapeutics Inc. Common Stock,$2.98,-0.08,-2.614%,271,United States,2021,416328,Health Care,Biotechnology: Biological Products (No Diagnostic Substances)
VOGX,Vogenx Inc Common Stock,$18.23,-1.83,-9.123%,270,United States,2026,55509,Health Care,Biotechnology: Pharmaceutical Preparations
IMRX,Immuneering Corporation Class A Common Stock,$4.07,0.04,0.993%,263,United States,2021,589006,Health Care,Biotechnology: Pharmaceutical Preparations
AMRN,Amarin Corporation plc,$12.35,-0.37,-2.909%,260,Ireland,,100398,Health Care,Biotechnology: Pharmaceutical Preparations
PYXS,Pyxis Oncology Inc. Common Stock,$2.14,-0.05,-2.283%,254,United States,2021,1998798,Health Care,Biotechnology: Pharmaceutical Preparations
STRO,Sutro Biopharma Inc. Common Stock,$15.35,-0.62,-3.882%,254,United States,2018,372218,Health Care,Biotechnology: Biological Products (No Diagnostic Substances)
IFRX,InflaRx N.V. Common Stock,$1.72,0.01,0.585%,253,Germany,2017,422168,Health Care,Biotechnology: Pharmaceutical Preparations
EVMN,Evommune Inc. Common Stock,$6.92,-0.29,-4.022%,251,United States,2025,1745492,Health Care,Biotechnology: Pharmaceutical Preparations
CAMP,CAMP4 Therapeutics Corporation Common Stock,$4.00,0.16,4.167%,251,United States,2024,367961,Health Care,Biotechnology: Pharmaceutical Preparations
PALI,Palisade Bio Inc. Common Stock,$1.44,0.01,0.699%,250,United States,,1996088,Health Care,Biotechnology: Biological Products (No Diagnostic Substances)
GLSI,Greenwich LifeSciences Inc. Common Stock,$16.98,-0.37,-2.133%,249,United States,2020,175436,Health Care,Biotechnology: Pharmaceutical Preparations
LFCR,Lifecore Biomedical Inc. Common Stock,$6.54,0.01,0.153%,247,United States,,504731,Health Care,Biotechnology: Pharmaceutical Preparations
QTTB,Q32 Bio Inc. Common Stock,$8.23,-0.02,-0.242%,245,United States,2018,2097675,Health Care,Biotechnology: Pharmaceutical Preparations
SIGA,SIGA Technologies Inc. Common Stock,$3.38,0.03,0.896%,242,United States,,642052,Health Care,Biotechnology: Pharmaceutical Preparations
IVVD,Invivyd Inc. Common Stock,$0.82,0.0056,0.686%,242,United States,2021,7129056,Health Care,Biotechnology: Biological Products (No Diagnostic Substances)
AKBA,Akebia Therapeutics Inc. Common Stock,$0.86,-0.006,-0.689%,239,United States,2014,7105018,Health Care,Biotechnology: Pharmaceutical Preparations
ZNTL,Zentalis Pharmaceuticals Inc. Common Stock,$2.52,-0.085,-3.263%,238,United States,2020,1451208,Health Care,Biotechnology: Pharmaceutical Preparations
BCYC,Bicycle Therapeutics plc American Depositary Shares,$3.38,-0.18,-5.056%,236,United Kingdom,2019,728684,Health Care,Biotechnology: Pharmaceutical Preparations
SLGL,Sol-Gel Technologies Ltd. Ordinary Shares,$72.00,-1,-1.370%,235,Israel,2018,44381,Health Care,Biotechnology: Pharmaceutical Preparations
LCTX,Lineage Cell Therapeutics Inc. Common Stock,$0.93,0.0261,2.887%,235,United States,,1249328,Health Care,Biotechnology: Biological Products (No Diagnostic Substances)
PRQR,ProQR Therapeutics N.V. Ordinary Shares,$1.64,0.005,0.307%,230,Netherlands,2014,622643,Health Care,Biotechnology: Pharmaceutical Preparations
MGNX,MacroGenics Inc. Common Stock,$3.58,-0.02,-0.556%,228,United States,2013,980542,Health Care,Biotechnology: Pharmaceutical Preparations
LYEL,Lyell Immunopharma Inc. Common Stock,$9.26,-0.15,-1.594%,226,United States,2021,111396,Health Care,Biotechnology: Pharmaceutical Preparations
KROS,Keros Therapeutics Inc. Common Stock,$11.36,0.1,0.888%,225,United States,2020,231543,Health Care,Biotechnology: Pharmaceutical Preparations
RNAC,Cartesian Therapeutics Inc. Common Stock,$7.36,0.14,1.939%,222,United States,2016,200391,Health Care,Biotechnology: Pharmaceutical Preparations
SION,Sionna Therapeutics Inc. Common Stock,$4.91,-0.19,-3.725%,221,United States,2025,1160218,Health Care,Biotechnology: Pharmaceutical Preparations
NATR,Nature's Sunshine Products Inc. Common Stock,$12.45,-0.14,-1.112%,219,United States,,145545,Health Care,Biotechnology: Pharmaceutical Preparations
CGEN,Compugen Ltd. Ordinary Shares,$2.31,-0.03,-1.282%,218,Israel,2000,113992,Health Care,Biotechnology: Biological Products (No Diagnostic Substances)
PLX,Protalix BioTherapeutics Inc. (DE) Common Stock,$2.71,0.03,1.119%,218,Israel,,947414,Health Care,Biotechnology: Biological Products (No Diagnostic Substances)
ANTX,AN2 Therapeutics Inc. Common Stock,$5.71,0.09,1.601%,215,United States,2022,451340,Health Care,Biotechnology: Pharmaceutical Preparations
WHWK,Whitehawk Therapeutics Inc. Common Stock,$3.70,-0.06,-1.596%,210,United States,,431793,Health Care,Biotechnology: Pharmaceutical Preparations
TRDA,Entrada Therapeutics Inc. Common Stock,$5.38,-0.3,-5.282%,209,United States,2021,463716,Health Care,Biotechnology: Pharmaceutical Preparations
YARW,Yarrow Bioscience Inc. Common Stock,$22.27,-1.33,-5.636%,207,United States,2018,66108,Health Care,Biotechnology: Pharmaceutical Preparations
ELDN,Eledon Pharmaceuticals Inc. Common Stock,$2.49,0.055,2.259%,202,United States,2014,973191,Health Care,Biotechnology: Pharmaceutical Preparations
ALEC,Alector Inc. Common Stock,$1.81,-0.05,-2.688%,202,United States,2019,1170919,Health Care,Biotechnology: Biological Products (No Diagnostic Substances)
NGEN,NervGen Pharma Corp. Common stock,$1.78,0.02,1.136%,189,Canada,,409606,Health Care,Biotechnology: Pharmaceutical Preparations
ADAG,Adagene Inc. American Depositary Shares,$2.85,-0.08,-2.730%,188,China,2021,297972,Health Care,Biotechnology: Pharmaceutical Preparations
ORMP,Oramed Pharmaceuticals Inc. Common Stock,$4.49,0.01,0.223%,186,Israel,,178336,Health Care,Biotechnology: Pharmaceutical Preparations
DERM,Journey Medical Corporation Common Stock,$6.61,-0.11,-1.637%,186,United States,2021,126181,Health Care,Biotechnology: Pharmaceutical Preparations
CUE,Cue Biopharma Inc. Common Stock,$25.57,0.32,1.267%,185,United States,2018,157064,Health Care,Biotechnology: Pharmaceutical Preparations
NKTX,Nkarta Inc. Common Stock,$2.58,0.015,0.586%,184,United States,2020,366782,Health Care,Biotechnology: Pharmaceutical Preparations
MSLE,Satellos Bioscience Inc. Common Stock,$8.50,0,0.000%,180,Canada,,27743,Health Care,Biotechnology: Pharmaceutical Preparations
CNTN,Canton Strategic Holdings Inc. Common Stock,$2.25,0.065,2.975%,179,United States,2022,486083,Health Care,Biotechnology: Pharmaceutical Preparations
CHRS,Coherus Oncology Inc. Common Stock,$1.16,0,0.000%,179,United States,2014,1183179,Health Care,Biotechnology: Biological Products (No Diagnostic Substances)
IPHA,Innate Pharma S.A. ADS,$1.56,-0.03,-1.887%,174,France,2019,92742,Health Care,Biotechnology: Biological Products (No Diagnostic Substances)
DTIL,Precision BioSciences Inc. Common Stock,$6.31,-0.02,-0.316%,174,United States,2019,292965,Health Care,Biotechnology: Biological Products (No Diagnostic Substances)
ORGO,Organogenesis Holdings Inc. Class A Common Stock,$1.33,-0.07,-5.000%,171,United States,2016,537001,Health Care,Biotechnology: Pharmaceutical Preparations
CRDL,Cardiol Therapeutics Inc. Class A Common Shares,$1.41,-0.15,-9.615%,170,Canada,,3593435,Health Care,Biotechnology: Biological Products (No Diagnostic Substances)
AVXL,Anavex Life Sciences Corp. Common Stock,$1.82,-0.07,-3.704%,168,United States,,1989724,Health Care,Biotechnology: Biological Products (No Diagnostic Substances)
ALXO,ALX Oncology Holdings Inc. Common Stock,$1.22,-0.08,-6.154%,168,United States,2020,2256854,Health Care,Biotechnology: Pharmaceutical Preparations
OCSAW,Oculis Holding AG Warrants,$2.70,0.02,0.746%,166,Switzerland,,1051,Health Care,Biotechnology: Pharmaceutical Preparations
MENS,Jyong Biotech Ltd. Ordinary Shares,$2.18,0.15,7.389%,165,Taiwan,2025,29817,Health Care,Biotechnology: Pharmaceutical Preparations
VRXA,Veraxa Biotech AG Ordinary Shares,$1.13,-0.06,-5.042%,159,Switzerland,,150326,Health Care,Biotechnology: Pharmaceutical Preparations
TARA,Protara Therapeutics Inc.  Common Stock,$2.70,-0.06,-2.174%,159,United States,2014,1909329,Health Care,Biotechnology: Biological Products (No Diagnostic Substances)
PEPG,PepGen Inc. Common Stock,$2.28,0.07,3.167%,157,United States,2022,744411,Health Care,Biotechnology: Pharmaceutical Preparations
NERV,Minerva Neurosciences Inc Common Stock,$3.28,0.05,1.548%,156,United States,2014,57029,Health Care,Biotechnology: Pharmaceutical Preparations
NBP,NovaBridge Biosciences American Depositary Shares,$1.35,0.015,1.119%,156,China,2020,252939,Health Care,Biotechnology: Pharmaceutical Preparations
CMPX,Compass Therapeutics Inc. Common Stock,$0.86,-0.0444,-4.927%,154,United States,,20754219,Health Care,Biotechnology: Biological Products (No Diagnostic Substances)
TNXP,Tonix Pharmaceuticals Holding Corp. Common Stock,$8.91,-0.32,-3.467%,152,United States,,803192,Health Care,Biotechnology: Pharmaceutical Preparations
VYGR,Voyager Therapeutics Inc. Common Stock,$2.45,-0.225,-8.411%,150,United States,2015,1172067,Health Care,Biotechnology: Biological Products (No Diagnostic Substances)
ABOS,Acumen Pharmaceuticals Inc. Common Stock,$2.04,-0.03,-1.449%,147,United States,2021,580540,Health Care,Biotechnology: Biological Products (No Diagnostic Substances)
MOLN,Molecular Partners AG American Depositary Shares,$3.91,0,0.000%,146,Switzerland,2021,21,Health Care,Biotechnology: Biological Products (No Diagnostic Substances)
HUMA,Humacyte Inc. Common Stock,$0.52,0.0186,3.699%,144,United States,2020,5395420,Health Care,Biotechnology: Biological Products (No Diagnostic Substances)
OTLK,Outlook Therapeutics Inc. Common Stock,$0.59,0.018,3.130%,144,United States,2016,5619613,Health Care,Biotechnology: Biological Products (No Diagnostic Substances)
ADCT,ADC Therapeutics SA Common Shares,$1.13,0.05,4.630%,144,Switzerland,2020,1320595,Health Care,Biotechnology: Pharmaceutical Preparations
KZIA,Kazia Therapeutics Limited American Depositary Shares,$9.27,-0.2,-2.112%,144,Australia,,128657,Health Care,Biotechnology: Pharmaceutical Preparations
CLLS,Cellectis S.A. American Depositary Shares,$1.43,0.03,2.143%,143,France,2015,47517,Health Care,Biotechnology: Pharmaceutical Preparations
TLSA,Tiziana Life Sciences Ltd. Common Shares,$1.12,-0.02,-1.754%,142,United Kingdom,2018,436828,Health Care,Biotechnology: Pharmaceutical Preparations
KRRO,Korro Bio Inc. Common Stock,$9.64,-0.07,-0.721%,141,United States,2019,153139,Health Care,Biotechnology: Pharmaceutical Preparations
PMVP,PMV Pharmaceuticals Inc. Common Stock,$1.79,0.04,2.286%,135,United States,2020,3735859,Health Care,Biotechnology: Pharmaceutical Preparations
OGI,Organigram Global Inc. Common Shares,$0.95,-0.0292,-2.973%,134,Canada,,733450,Health Care,Biotechnology: Pharmaceutical Preparations
RNA,Atrium Therapeutics Inc. Common Stock,$7.84,-0.3,-3.686%,134,United States,,533825,Health Care,Biotechnology: Pharmaceutical Preparations
SPRB,Spruce Biosciences Inc. Common Stock,$45.71,0.94,2.100%,131,United States,2020,77251,Health Care,Biotechnology: Pharmaceutical Preparations
ARMP,Armata Pharmaceuticals Inc. Common Stock,$3.52,0.21,6.344%,130,United States,,124489,Health Care,Biotechnology: Biological Products (No Diagnostic Substances)
CRBU,Caribou Biosciences Inc. Common Stock,$1.22,0,0.000%,130,United States,2021,866584,Health Care,Biotechnology: Biological Products (No Diagnostic Substances)
ENGN,enGene Therapeutics Inc. Common Stock,$1.94,-0.04,-2.020%,130,Canada,,692754,Health Care,Biotechnology: Biological Products (No Diagnostic Substances)
TNYA,Tenaya Therapeutics Inc. Common Stock,$0.56,-0.0016,-0.283%,126,United States,2021,3726013,Health Care,Biotechnology: Biological Products (No Diagnostic Substances)
NRXP,NRX Pharmaceuticals Inc. Common Stock,$2.90,0.055,1.930%,125,United States,2017,613092,Health Care,Biotechnology: Pharmaceutical Preparations
BGM,BGM Group Ltd. Class A Ordinary Shares,$9.34,1.52,19.437%,124,China,2021,39779,Health Care,Biotechnology: Pharmaceutical Preparations
HURA,TuHURA Biosciences Inc. Common Stock,$1.91,-0.07,-3.535%,121,United States,,287796,Health Care,Biotechnology: Pharmaceutical Preparations
VTVT,vTv Therapeutics Inc. Class A Common Stock,$30.57,-1.28,-4.019%,120,United States,2015,18022,Health Care,Biotechnology: Pharmaceutical Preparations
FHTX,Foghorn Therapeutics Inc. Common Stock,$2.02,-0.9,-30.822%,119,United States,2020,2546672,Health Care,Biotechnology: Pharmaceutical Preparations
INO,Inovio Pharmaceuticals Inc. Common Stock,$1.16,-0.05,-4.132%,119,United States,,2918784,Health Care,Biotechnology: Pharmaceutical Preparations
CRBP,Corbus Pharmaceuticals Holdings Inc. Common Stock,$6.13,-0.21,-3.312%,118,United States,,835433,Health Care,Biotechnology: Pharmaceutical Preparations
UNCY,Unicycive Therapeutics Inc. Common Stock,$4.22,-0.33,-7.253%,117,United States,2021,1510089,Health Care,Biotechnology: Pharmaceutical Preparations
GNLX,Genelux Corporation Common Stock,$2.56,0.04,1.587%,115,United States,2023,278263,Health Care,Biotechnology: Pharmaceutical Preparations
RANI,Rani Therapeutics Holdings Inc. Class A Common Stock,$0.81,0.0153,1.923%,113,United States,2021,418530,Health Care,Biotechnology: Pharmaceutical Preparations
COYA,Coya Therapeutics Inc. Common Stock,$4.81,0.08,1.691%,112,United States,2022,88698,Health Care,Biotechnology: Pharmaceutical Preparations
IMDX,Insight Molecular Diagnostics Inc. Common Stock,$3.44,-0.03,-0.865%,112,United States,,403032,Health Care,Biotechnology: In Vitro & In Vivo Diagnostic Substances
LENZ,LENZ Therapeutics Inc. Common Stock,$3.58,-0.21,-5.541%,112,United States,2021,1126931,Health Care,Biotechnology: Biological Products (No Diagnostic Substances)
QUCY,Quantum Cyber N.V. Ordinary Shares,$1.33,-0.02,-1.481%,111,Germany,2021,453818,Health Care,Biotechnology: Pharmaceutical Preparations
CPIX,Cumberland Pharmaceuticals Inc. Common Stock,$7.39,-0.12,-1.598%,110,United States,2009,22636,Health Care,Biotechnology: Pharmaceutical Preparations
AARD,Aardvark Therapeutics Inc. Common Stock,$4.99,-0.28,-5.313%,109,United States,2025,147716,Health Care,Biotechnology: Pharmaceutical Preparations
IMUX,Immunic Inc. Common Stock,$7.96,-0.68,-7.870%,108,United States,2014,723293,Health Care,Biotechnology: Pharmaceutical Preparations
BDTX,Black Diamond Therapeutics Inc. Common Stock,$1.89,0.01,0.532%,108,United States,2020,472277,Health Care,Biotechnology: Biological Products (No Diagnostic Substances)
GRML,Greenland Mines Ltd. Common Stock,$7.88,-1.23,-13.502%,105,United States,2022,4101985,Health Care,Biotechnology: Biological Products (No Diagnostic Substances)
PLYX,Polaryx Therapeutics Inc. Common Stock,$2.08,0.06,2.970%,103,United States,,20772,Health Care,Biotechnology: Pharmaceutical Preparations
OKUR,OnKure Therapeutics Inc. Class A Common Stock,$2.56,0.02,0.787%,103,United States,2021,526933,Health Care,Biotechnology: Pharmaceutical Preparations
ANIX,Anixa Biosciences Inc. Common Stock,$2.95,0.18,6.498%,102,United States,,434495,Health Care,Biotechnology: Pharmaceutical Preparations
ALVOW,Alvotech Warrant,$0.26,-0.0047,-1.776%,101,Luxembourg,,100,Health Care,Biotechnology: Biological Products (No Diagnostic Substances)
MIST,Milestone Pharmaceuticals Inc. Common Shares,$0.81,-0.006,-0.736%,100,Canada,2019,769559,Health Care,Biotechnology: Pharmaceutical Preparations
ATRA,Atara Biotherapeutics Inc. Common Stock,$9.48,1.02,12.057%,95,United States,2014,85768,Health Care,Biotechnology: Biological Products (No Diagnostic Substances)
NMRA,Neumora Therapeutics Inc. Common Stock,$0.50,-0.0501,-9.109%,93,United States,2023,2691281,Health Care,Biotechnology: Biological Products (No Diagnostic Substances)
BMEA,Biomea Fusion Inc. Common Stock,$1.27,-0.03,-2.308%,92,United States,2021,844376,Health Care,Biotechnology: Pharmaceutical Preparations
RLYB,Rallybio Corporation Common Stock,$17.08,0.32,1.909%,90,United States,2021,7862,Health Care,Biotechnology: Pharmaceutical Preparations
EQ,Equillium Inc. Common Stock,$1.41,-0.13,-8.442%,89,United States,2018,934808,Health Care,Biotechnology: Pharmaceutical Preparations
NTHI,NeOnc Technologies Holdings Inc. Common Stock,$2.99,-0.07,-2.288%,89,United States,,234942,Health Care,Biotechnology: Pharmaceutical Preparations
ICCC,ImmuCell Corporation Common Stock,$9.75,0.15,1.563%,88,United States,1987,5813,Health Care,Biotechnology: In Vitro & In Vivo Diagnostic Substances
CTOR,Citius Oncology Inc. Common Stock,$0.95,-0.03,-3.061%,88,United States,2022,208416,Health Care,Biotechnology: Pharmaceutical Preparations
CGTX,Cognition Therapeutics Inc. Common Stock,$0.93,0.0339,3.804%,87,United States,2021,302407,Health Care,Biotechnology: Biological Products (No Diagnostic Substances)
MNOV,Medicinova Inc Common Stock,$1.78,0.15,9.202%,87,United States,,275027,Health Care,Biotechnology: Pharmaceutical Preparations
CRDF,Cardiff Oncology Inc. Common Stock,$1.12,-0.06,-5.085%,87,United States,,628350,Health Care,Biotechnology: Biological Products (No Diagnostic Substances)
ACRV,Acrivon Therapeutics Inc. Common Stock,$1.99,-0.02,-0.995%,85,United States,2022,205132,Health Care,Biotechnology: Pharmaceutical Preparations
PMN,ProMIS Neurosciences Inc. Common Shares (ON),$9.40,0.02,0.213%,84,Canada,,27809,Health Care,Biotechnology: Pharmaceutical Preparations
INCR,Intercure Ltd. Ordinary Shares,$5.42,0.05,0.931%,81,Israel,,2766,Health Care,Biotechnology: Pharmaceutical Preparations
TELO,Telomir Pharmaceuticals Inc. Common Stock,$1.18,0.01,0.855%,81,United States,2024,76591,Health Care,Biotechnology: Pharmaceutical Preparations
ONCY,Oncolytics Biotech Inc. Common Stock,$0.63,-0.0102,-1.591%,80,Canada,,611828,Health Care,Biotechnology: Pharmaceutical Preparations
RFL,Rafael Holdings Inc. Class B Common Stock,$1.54,0.04,2.667%,80,United States,2018,178252,Health Care,Biotechnology: Pharmaceutical Preparations
PTHS,Pelthos Therapeutics Inc. Common Stock,$20.60,0.25,1.229%,78,,2024,22032,Health Care,Biotechnology: Biological Products (No Diagnostic Substances)
OKYO,OKYO Pharma Limited Ordinary Shares,$1.47,0.13,9.701%,77,Guernsey,2022,82520,Health Care,Biotechnology: Biological Products (No Diagnostic Substances)
LFVN,Lifevantage Corporation Common Stock (Delaware),$6.07,-0.17,-2.724%,76,United States,,48785,Health Care,Biotechnology: Pharmaceutical Preparations
OSTX,OS Therapies Incorporated Common Stock,$1.62,0.01,0.621%,75,,2024,233402,Health Care,Biotechnology: Pharmaceutical Preparations
VRCA,Verrica Pharmaceuticals Inc. Common Stock,$4.38,-0.135,-2.990%,75,United States,2018,44721,Health Care,Biotechnology: Pharmaceutical Preparations
GANX,Gain Therapeutics Inc. Common Stock,$1.71,-0.01,-0.581%,74,United States,2021,386107,Health Care,Biotechnology: Pharmaceutical Preparations
TENX,Tenax Therapeutics Inc. Common Stock,$1.98,0.05,2.591%,74,United States,,2033220,Health Care,Biotechnology: Pharmaceutical Preparations
MAIA,MAIA Biotechnology Inc. Common Stock,$1.19,0.02,1.709%,73,,2022,405033,Health Care,Biotechnology: Pharmaceutical Preparations
IBIO,iBio Inc. Common Stock,$1.12,0.015,1.351%,72,United States,,534419,Health Care,Biotechnology: Pharmaceutical Preparations
RNXT,RenovoRx Inc. Common Stock,$1.58,0.03,1.935%,71,United States,2021,269377,Health Care,Biotechnology: Pharmaceutical Preparations
ALDX,Aldeyra Therapeutics Inc. Common Stock,$1.17,-0.12,-9.302%,70,United States,2014,2278818,Health Care,Biotechnology: Pharmaceutical Preparations
SPRO,Spero Therapeutics Inc. Common Stock,$1.19,-0.07,-5.556%,69,United States,2017,906924,Health Care,Biotechnology: Pharmaceutical Preparations
CING,Cingulate Inc. Common Stock,$4.76,0.01,0.211%,69,United States,2021,52628,Health Care,Biotechnology: Pharmaceutical Preparations
RNTX,Rein Therapeutics Inc. Common Stock,$0.80,-0.0514,-6.032%,69,United States,2017,480888,Health Care,Biotechnology: Pharmaceutical Preparations
CSBR,Champions Oncology Inc. Common Stock,$4.94,0.06,1.230%,68,United States,,3557,Health Care,Biotechnology: Biological Products (No Diagnostic Substances)
FBIO,Fortress Biotech Inc. Common Stock,$2.03,-0.04,-1.932%,67,United States,,327185,Health Care,Biotechnology: Pharmaceutical Preparations
APLM,Apollomics Inc. Class A Ordinary Shares,$23.27,0,0.000%,67,United States,,427,Health Care,Biotechnology: Pharmaceutical Preparations
XBIT,XBiotech Inc. Common Stock,$2.19,-0.01,-0.455%,66,United States,2015,25241,Health Care,Biotechnology: Pharmaceutical Preparations
NMAD,Nomad Power Solutions Inc. Common Stock,$4.12,0.26,6.736%,66,United States,,140107,Health Care,Biotechnology: Pharmaceutical Preparations
HRTX,Heron Therapeutics Inc. Common Stock,$0.35,-0.0083,-2.332%,65,United States,,4078387,Health Care,Biotechnology: Pharmaceutical Preparations
GOSS,Gossamer Bio Inc. Common Stock,$10.71,-0.22,-2.013%,65,United States,2019,236448,Health Care,Biotechnology: Pharmaceutical Preparations
KLRS,Kalaris Therapeutics Inc. Common Stock,$2.70,-0.15,-5.263%,64,United States,2020,235903,Health Care,Biotechnology: Biological Products (No Diagnostic Substances)
PLRX,Pliant Therapeutics Inc. Common Stock,$1.03,-0.015,-1.429%,64,United States,2020,402815,Health Care,Biotechnology: Pharmaceutical Preparations
INKT,MiNK Therapeutics Inc. Common Stock,$12.44,-0.29,-2.278%,63,United States,2021,49056,Health Care,Biotechnology: Biological Products (No Diagnostic Substances)
HYFT,MindWalk Holdings Corp. Common Stock,$1.34,0.01,0.752%,63,Canada,,96146,Health Care,Biotechnology: Pharmaceutical Preparations
ATHE,Alterity Therapeutics Limited American Depositary Shares,$3.45,-0.04,-1.146%,62,Australia,,47171,Health Care,Biotechnology: Pharmaceutical Preparations
ELOX,Eloxx Pharmaceuticals Inc. Common Stock,$15.51,-0.2,-1.273%,62,United States,,17727,Health Care,Biotechnology: Biological Products (No Diagnostic Substances)
ACET,Adicet Bio Inc. Common Stock,$6.50,-0.14,-2.108%,60,United States,2018,164991,Health Care,Biotechnology: Pharmaceutical Preparations
MREO,Mereo BioPharma Group plc American Depositary Shares,$0.38,0.0129,3.516%,60,United Kingdom,,880457,Health Care,Biotechnology: Pharmaceutical Preparations
BOLD,Boundless Bio Inc. Common Stock,$2.62,0.03,1.158%,59,United States,2024,156535,Health Care,Biotechnology: Pharmaceutical Preparations
XLO,Xilio Therapeutics Inc. Common Stock,$9.01,0.1,1.122%,59,United States,2021,7404,Health Care,Biotechnology: Pharmaceutical Preparations
ZYBT,Zhengye Biotechnology Holding Limited Class A Ordinary Shares,$1.24,-0.02,-1.587%,58,China,2025,15940,Health Care,Biotechnology: Pharmaceutical Preparations
TLPH,Talphera Inc. Common Stock,$1.13,0.01,0.893%,58,United States,2011,345058,Health Care,Biotechnology: Pharmaceutical Preparations
CNTB,Connect Biopharma Holdings Limited Ordinary Shares,$0.93,-0.0527,-5.379%,58,China,2021,4196166,Health Care,Biotechnology: Pharmaceutical Preparations
CLNN,Clene Inc. Common Stock,$4.08,0.06,1.493%,57,United States,,61489,Health Care,Biotechnology: Pharmaceutical Preparations
HYPD,Hyperion DeFi Inc. Common Stock,$3.73,0.07,1.913%,57,United States,2018,534408,Health Care,Biotechnology: Pharmaceutical Preparations
PDSB,PDS Biotechnology Corporation Common Stock,$0.75,0.0424,6.005%,54,United States,2015,3656797,Health Care,Biotechnology: Pharmaceutical Preparations
EXOZ,eXoZymes Inc. Common Stock,$5.77,0.01,0.174%,53,United States,2024,2120,Health Care,Biotechnology: Biological Products (No Diagnostic Substances)
INMB,INmune Bio Inc. Common stock,$1.93,0,0.000%,53,United States,2019,290245,Health Care,Biotechnology: Biological Products (No Diagnostic Substances)
IMA,ImageneBio Inc. Common Stock,$4.60,0.0199,0.434%,52,United States,2021,7835,Health Care,Biotechnology: Biological Products (No Diagnostic Substances)
EDSA,Edesa Biotech Inc. Common Shares,$3.86,-0.15,-3.741%,52,United States,,18463,Health Care,Biotechnology: Pharmaceutical Preparations
CELU,Celularity Inc. Class A Common Stock,$1.60,0.22,15.942%,51,United States,2019,221864,Health Care,Biotechnology: Pharmaceutical Preparations
SCYX,SCYNEXIS Inc. Common Stock,$5.12,-0.25,-4.655%,50,United States,2014,132414,Health Care,Biotechnology: Pharmaceutical Preparations
BSEM,BioStem Technologies Inc. Common Stock,$2.73,-0.34,-11.075%,50,United States,,158120,Health Care,Biotechnology: Biological Products (No Diagnostic Substances)
ELTX,Elicio Therapeutics Inc. Common Stock,$1.92,0,0.000%,50,United States,2021,175969,Health Care,Biotechnology: Pharmaceutical Preparations
ANVS,Annovis Bio Inc. Common Stock,$1.18,0.01,0.855%,50,United States,2020,648552,Health Care,Biotechnology: Pharmaceutical Preparations
SER,Serina Therapeutics Inc. Common Stock,$1.96,0.01,0.513%,49,United States,2018,15571,Health Care,Biotechnology: Pharmaceutical Preparations
DWTX,Dogwood Therapeutics Inc. Common Stock,$1.46,0.03,2.098%,49,United States,2020,71095,Health Care,Biotechnology: Pharmaceutical Preparations
TIL,Instil Bio Inc. Common Stock,$7.22,-0.015,-0.207%,48,United States,2021,28557,Health Care,Biotechnology: Biological Products (No Diagnostic Substances)
NSRX,Nasus Pharma Ltd. Ordinary Shares,$3.92,0.105,2.752%,45,,2025,28721,Health Care,Biotechnology: Pharmaceutical Preparations
CRVO,CervoMed Inc. Common Stock,$3.02,0.09,3.072%,45,United States,,241817,Health Care,Biotechnology: Pharmaceutical Preparations
IBO,Impact BioMedical Inc. Common Stock,$5.32,-0.1099,-2.024%,45,,2024,11558,Health Care,Biotechnology: Pharmaceutical Preparations
TVGN,Tevogen Inc. Common Stock,$6.98,0.26,3.869%,45,United States,2022,1626,Health Care,Biotechnology: Biological Products (No Diagnostic Substances)
LONA,LeonaBio Inc. Common Stock,$4.82,0.44,10.046%,45,United States,2020,332617,Health Care,Biotechnology: Biological Products (No Diagnostic Substances)
HOWL,Werewolf Therapeutics Inc. Common Stock,$0.93,0.0466,5.286%,45,United States,2021,471311,Health Care,Biotechnology: Pharmaceutical Preparations
FLNA,Filana Therapeutics Inc. Common Stock,$0.93,-0.0341,-3.534%,44,United States,,1691197,Health Care,Biotechnology: Pharmaceutical Preparations
GRCE,Grace Therapeutics Inc. Common Stock,$2.07,0.03,1.471%,43,Canada,,105039,Health Care,Biotechnology: Pharmaceutical Preparations
VERU,Veru Inc. Common Stock,$2.51,-0.03,-1.181%,42,United States,,104981,Health Care,Biotechnology: Pharmaceutical Preparations
LITS,Lite Strategy Inc. Common Stock,$1.38,0.005,0.364%,41,United States,2003,1012972,Health Care,Biotechnology: Pharmaceutical Preparations
CVM,Cel-Sci Corporation Common Stock,$2.31,0.22,10.526%,40,United States,1997,395195,Health Care,Biotechnology: Biological Products (No Diagnostic Substances)
IXHL,Incannex Healthcare Inc. Common Stock,$3.21,-0.04,-1.231%,40,Australia,,58229,Health Care,Biotechnology: Pharmaceutical Preparations
MGX,Metagenomi Therapeutics Inc. Common Stock,$1.02,-0.085,-7.692%,38,United States,2024,121964,Health Care,Biotechnology: Biological Products (No Diagnostic Substances)
ATNM,Actinium Pharmaceuticals Inc. (Delaware) Common Stock,$1.17,0.02,1.739%,36,United States,,81806,Health Care,Biotechnology: Pharmaceutical Preparations
GNTA,Genenta Science S.p.A. American Depositary Shares,$0.74,-0.0587,-7.304%,35,Italy,2021,60493,Health Care,Biotechnology: Biological Products (No Diagnostic Substances)
BCTX,BriaCell Therapeutics Corp. Common Shares,$4.04,-0.07,-1.703%,35,Canada,,104929,Health Care,Biotechnology: Pharmaceutical Preparations
RMTI,Rockwell Medical Inc. Common Stock,$8.65,0.08,0.933%,34,United States,1998,12589,Health Care,Biotechnology: Pharmaceutical Preparations
ALGS,Aligos Therapeutics Inc. Common Stock,$5.54,0.04,0.727%,34,United States,2020,29041,Health Care,Biotechnology: Biological Products (No Diagnostic Substances)
ELUT,Elutia Inc. Class A Common Stock,$0.78,-0.0213,-2.663%,34,United States,2020,1301639,Health Care,Biotechnology: Biological Products (No Diagnostic Substances)
SCLX,Scilex Holding Company Common Stock,$4.06,-0.35,-7.937%,34,United States,2021,108465,Health Care,Biotechnology: Biological Products (No Diagnostic Substances)
NNVC,NanoViricides Inc. Common Stock,$1.28,0.02,1.587%,32,United States,,239628,Health Care,Biotechnology: Pharmaceutical Preparations
BYSI,BeyondSpring Inc. Ordinary Shares,$0.79,-0.0264,-3.244%,32,United States,2017,77078,Health Care,Biotechnology: Pharmaceutical Preparations
IMMP,Immutep Limited American Depositary Shares,$4.35,-0.19,-4.185%,32,Australia,,48679,Health Care,Biotechnology: Pharmaceutical Preparations
MIRA,MIRA Pharmaceuticals Inc. Common Stock,$0.73,0.0071,0.982%,30,United States,2023,158391,Health Care,Biotechnology: Pharmaceutical Preparations
QNCX,Quince Therapeutics Inc. Common Stock,$29.20,-1.48,-4.824%,29,United States,2019,68394,Health Care,Biotechnology: Biological Products (No Diagnostic Substances)
MCRB,Seres Therapeutics Inc. Common Stock,$2.94,0.01,0.341%,29,United States,2015,100965,Health Care,Biotechnology: Pharmaceutical Preparations
EVAX,Evaxion A/S American Depositary Share,$3.20,0.02,0.629%,28,Denmark,2021,33924,Health Care,Biotechnology: Biological Products (No Diagnostic Substances)
CNTX,Context Therapeutics Inc. Common Stock,$0.31,-0.0047,-1.495%,28,United States,2021,332652,Health Care,Biotechnology: Pharmaceutical Preparations
IGC,IGC Pharma Inc. Common Stock,$0.27,0.0049,1.815%,28,United States,,633247,Health Care,Biotechnology: Pharmaceutical Preparations
CPHI,China Pharma Holdings Inc. Common Stock,$0.66,0.004,0.613%,28,China,,119329,Health Care,Biotechnology: Pharmaceutical Preparations
ATYR,aTyr Pharma Inc. Common Stock,$0.29,-0.0069,-2.346%,28,United States,2015,1980696,Health Care,Biotechnology: Biological Products (No Diagnostic Substances)
QNTM,Quantum Biopharma Ltd. Class B Subordinate Voting Shares,$3.44,0.015,0.438%,27,Canada,,79327,Health Care,Biotechnology: Pharmaceutical Preparations
GRDX,GridAI Technologies Corp. Common Stock,$3.81,0.37,10.756%,27,United States,2016,107288,Health Care,Biotechnology: Pharmaceutical Preparations
ABVC,ABVC BioPharma Inc. Common Stock,$1.01,-0.01,-0.980%,26,United States,,98693,Health Care,Biotechnology: Pharmaceutical Preparations
RNAZ,TransCode Therapeutics Inc. Common Stock,$1.57,0.025,1.618%,26,United States,2021,15511,Health Care,Biotechnology: Pharmaceutical Preparations
OPTH,Optimi Health Corp. Common Shares,$4.49,-0.15,-3.233%,25,Canada,,13896,Health Care,Biotechnology: Pharmaceutical Preparations
KYNB,Kyntra Bio Inc. Common Stock,$6.31,-0.19,-2.923%,25,United States,2014,26088,Health Care,Biotechnology: Pharmaceutical Preparations
TXMD,TherapeuticsMD Inc. Common Stock,$2.05,0.02,0.985%,23,United States,,9918,Health Care,Biotechnology: Pharmaceutical Preparations
ATOS,Atossa Therapeutics Inc. Common Stock,$2.34,0.07,3.084%,23,United States,2012,74280,Health Care,Biotechnology: Pharmaceutical Preparations
NXTC,NextCure Inc. Common Stock,$5.09,0.13,2.621%,23,United States,2019,63338,Health Care,Biotechnology: Pharmaceutical Preparations
UPC,Universe Pharmaceuticals Inc. Class A Ordinary Shares,$4.50,0.19,4.408%,22,China,2021,107004,Health Care,Biotechnology: Pharmaceutical Preparations
AYTU,Aytu BioPharma Inc.  Common Stock,$2.07,-0.02,-0.957%,22,United States,,15804,Health Care,Biotechnology: Pharmaceutical Preparations
COCP,Cocrystal Pharma Inc. Common Stock,$1.15,0.005,0.439%,22,United States,,13717,Health Care,Biotechnology: Pharmaceutical Preparations
QNRX,Quoin Pharmaceuticals Ltd. American Depositary Shares,$4.47,-0.25,-5.297%,21,Israel,2016,20300,Health Care,Biotechnology: Pharmaceutical Preparations
RADX,Radiopharm Theranostics Limited American Depositary Shares,$1.42,-0.06,-4.054%,20,Australia,,62326,Health Care,Biotechnology: Pharmaceutical Preparations
ESLA,Estrella Immunopharma Inc. Common Stock,$0.47,-0.007,-1.474%,20,United States,2021,14486,Health Care,Biotechnology: Biological Products (No Diagnostic Substances)
TCRX,TScan Therapeutics Inc. Common Stock,$0.32,0.003,0.945%,20,United States,2021,151988,Health Care,Biotechnology: Biological Products (No Diagnostic Substances)
AKTX,Akari Therapeutics plc ADS,$8.72,-0.12,-1.357%,19,United Kingdom,,15267,Health Care,Biotechnology: Pharmaceutical Preparations
SHPH,Shuttle Pharmaceuticals Holdings Inc. Common Stock,$4.17,0.22,5.570%,19,United States,2022,4362,Health Care,Biotechnology: Pharmaceutical Preparations
PBM,Psyence Biomedical Ltd. Common Shares,$5.16,-0.32,-5.839%,19,Canada,,75154,Health Care,Biotechnology: Pharmaceutical Preparations
ACTU,Actuate Therapeutics Inc. Common stock,$0.82,-0.0702,-7.895%,19,United States,2024,96187,Health Care,Biotechnology: Pharmaceutical Preparations
JSPR,Jasper Therapeutics Inc. Common Stock,$0.57,-0.0328,-5.485%,18,United States,2020,237394,Health Care,Biotechnology: Biological Products (No Diagnostic Substances)
NEUP,Neuphoria Therapeutics Inc. Common Stock,$3.47,-0.04,-1.140%,18,United States,2021,12586,Health Care,Biotechnology: Pharmaceutical Preparations
DYAI,Dyadic International Inc. Common Stock,$0.46,0.0262,6.099%,18,United States,,142206,Health Care,Biotechnology: Biological Products (No Diagnostic Substances)
KPTI,Karyopharm Therapeutics Inc. Common Stock,$0.80,-0.0646,-7.453%,18,United States,2013,2341784,Health Care,Biotechnology: Pharmaceutical Preparations
MRKR,Marker Therapeutics Inc. Common Stock,$1.05,0,0.000%,17,United States,,100299,Health Care,Biotechnology: Pharmaceutical Preparations
RKTO,Rocket One Inc. Common Stock,$0.70,0.0072,1.043%,17,United States,2019,177370,Health Care,Biotechnology: Pharmaceutical Preparations
LPCN,Lipocine Inc. Common Stock,$2.05,-0.02,-0.966%,16,United States,,38944,Health Care,Biotechnology: Pharmaceutical Preparations
CLRB,Cellectar Biosciences Inc.  Common Stock,$1.78,-0.09,-4.813%,16,United States,,48048,Health Care,Biotechnology: Pharmaceutical Preparations
PTN,Palatin Technologies Inc. Common Stock,$9.33,0.27,2.980%,16,United States,,17293,Health Care,Biotechnology: Pharmaceutical Preparations
DARE,Dare Bioscience Inc. Common Stock,$0.84,-0.0082,-0.964%,16,United States,2014,148405,Health Care,Biotechnology: Pharmaceutical Preparations
ALLR,Allarity Therapeutics Inc. Common Stock,$1.04,0,0.000%,16,United States,,28920,Health Care,Biotechnology: Pharmaceutical Preparations
NCEL,NewcelX Ltd. Ordinary Shares,$2.85,-0.06,-2.062%,16,Switzerland,2021,2974,Health Care,Biotechnology: Pharmaceutical Preparations
KTTA,Pasithea Therapeutics Corp. Common Stock,$0.48,-0.0131,-2.678%,15,United States,2021,59962,Health Care,Biotechnology: Pharmaceutical Preparations
LSTA,Lisata Therapeutics Inc. Common Stock,$1.47,-0.02,-1.342%,15,United States,,3686,Health Care,Biotechnology: Pharmaceutical Preparations
BCDA,BioCardia Inc. Common Stock,$1.04,0.02,1.961%,15,United States,,52542,Health Care,Biotechnology: Biological Products (No Diagnostic Substances)
TVRD,Tvardi Therapeutics Inc. Common Stock,$1.15,-0.09,-7.258%,15,United States,2014,313817,Health Care,Biotechnology: Pharmaceutical Preparations
BFRI,Biofrontera Inc. Common Stock,$1.01,-0.025,-2.404%,15,United States,2021,334790,Health Care,Biotechnology: Pharmaceutical Preparations
LTRN,Lantern Pharma Inc. Common Stock,$0.86,-0.1399,-13.990%,14,United States,2020,433642,Health Care,Biotechnology: Pharmaceutical Preparations
CTXR,Citius Pharmaceuticals Inc. Common Stock,$0.53,-0.0086,-1.592%,14,United States,,80512,Health Care,Biotechnology: Pharmaceutical Preparations
AEON,AEON Biopharma Inc. Class A Common Stock,$0.28,-0.011,-3.793%,13,United States,,3233676,Health Care,Biotechnology: Pharmaceutical Preparations
INAB,IN8bio Inc. Common Stock,$1.40,0,0.000%,13,United States,2021,39477,Health Care,Biotechnology: Biological Products (No Diagnostic Substances)
TPST,Tempest Therapeutics Inc. Common Stock,$0.81,0.0051,0.633%,13,United States,,2273811,Health Care,Biotechnology: Pharmaceutical Preparations
HIND,Vyome Holdings Inc. Common Stock,$1.91,-0.01,-0.521%,13,United States,2016,20232,Health Care,Biotechnology: Pharmaceutical Preparations
PASG,Passage Bio Inc. Common Stock,$4.12,-0.081,-1.928%,13,United States,2020,17054,Health Care,Biotechnology: Biological Products (No Diagnostic Substances)
BIVI,BioVie Inc. Class A Common Stock,$1.46,-0.01,-0.680%,12,United States,,189858,Health Care,Biotechnology: Pharmaceutical Preparations
VTGN,Vistagen Therapeutics Inc. Common Stock,$0.28,-0.0016,-0.566%,12,United States,,1250484,Health Care,Biotechnology: Pharmaceutical Preparations
PLUR,Pluri Inc. Common Stock,$1.01,-0.02,-1.942%,12,Israel,,10555,Health Care,Biotechnology: Biological Products (No Diagnostic Substances)
ASBP,Aspire-Lakewood Holdings Inc. Common Stock,$8.78,0.66,8.128%,12,United States,2022,16626,Health Care,Biotechnology: Pharmaceutical Preparations
BLRX,BioLineRx Ltd. American Depositary Shares,$2.37,0.02,0.851%,11,Israel,,3133,Health Care,Biotechnology: Pharmaceutical Preparations
MDCX,Medicus Pharma Ltd. Common Stock  ,$0.16,0.004,2.548%,11,Canada,,1038968,Health Care,Biotechnology: Pharmaceutical Preparations
BFRG,Bullfrog AI Holdings Inc. Common Stock,$0.62,-0.0108,-1.719%,11,United States,2023,428115,Health Care,Biotechnology: Pharmaceutical Preparations
PHIO,Phio Pharmaceuticals Corp. Common Stock,$0.99,-0.0149,-1.490%,11,United States,,54218,Health Care,Biotechnology: Pharmaceutical Preparations
KPRX,Kiora Pharmaceuticals Inc.  Common Stock,$2.56,-0.02,-0.775%,11,United States,,3441,Health Care,Biotechnology: Pharmaceutical Preparations
INTS,Intensity Therapeutics Inc. Common stock,$3.44,0.23,7.165%,11,United States,2023,15449,Health Care,Biotechnology: Biological Products (No Diagnostic Substances)
GTBP,GT Biopharma Inc. Common Stock,$6.10,-0.1,-1.613%,11,United States,,62637,Health Care,Biotechnology: Pharmaceutical Preparations
CALC,CalciMedica Inc. Common Stock,$1.60,-0.05,-3.030%,10,United States,2023,21836,Health Care,Biotechnology: Pharmaceutical Preparations
GDTC,CytoMed Therapeutics Limited Ordinary Shares,$0.92,0.0201,2.234%,10,Singapore,2023,33742,Health Care,Biotechnology: Pharmaceutical Preparations
ADIL,Adial Pharmaceuticals Inc Common Stock,$4.12,-0.01,-0.242%,10,United States,2018,64511,Health Care,Biotechnology: Pharmaceutical Preparations
CMMB,Chemomab Therapeutics Ltd. American Depositary Share,$1.43,0.13,10.000%,10,Israel,2019,42073,Health Care,Biotechnology: Pharmaceutical Preparations
TOVX,Theriva Biologics Inc. Common Stock,$0.23,0.0001,0.044%,10,United States,,399107,Health Care,Biotechnology: Pharmaceutical Preparations
MTVA,MetaVia Inc. Common Stock,$1.54,0,0.000%,10,United States,2016,64266,Health Care,Biotechnology: Pharmaceutical Preparations
SNTI,Senti Biosciences Holdings Inc. Common Stock,$0.32,-0.0021,-0.647%,10,United States,2021,124598,Health Care,Biotechnology: Biological Products (No Diagnostic Substances)
BCTXL,BriaCell Therapeutics Corp. Warrant expiring 2031,$1.15,-0.085,-6.911%,9,Canada,,25652,Health Care,Biotechnology: Pharmaceutical Preparations
MBRX,Moleculin Biotech Inc. Common Stock,$0.49,-0.017,-3.374%,9,United States,2016,422282,Health Care,Biotechnology: Pharmaceutical Preparations
BMRA,Biomerica Inc. Common Stock,$2.14,-0.0933,-4.174%,9,United States,,8436,Health Care,Biotechnology: In Vitro & In Vivo Diagnostic Substances
BTTC,Black Titan Corporation Ordinary Shares,$0.65,0.0163,2.573%,8,Malaysia,,4190242,Health Care,Biotechnology: Biological Products (No Diagnostic Substances)
IMRN,Immuron Limited American Depositary Shares,$1.09,-0.04,-3.540%,8,Australia,2017,89283,Health Care,Biotechnology: Pharmaceutical Preparations
APRE,Aprea Therapeutics Inc. Common stock,$0.69,-0.0285,-3.939%,8,United States,2019,862299,Health Care,Biotechnology: Pharmaceutical Preparations
TRAW,Traws Pharma Inc. Common Stock,$0.57,0.0232,4.255%,8,United States,2013,69639,Health Care,Biotechnology: Pharmaceutical Preparations
FBLG,FibroBiologics Inc. Common Stock,$1.24,0.035,2.905%,8,United States,,148806,Health Care,Biotechnology: Pharmaceutical Preparations
LGVN,Longeveron Inc. Class A Common Stock,$2.58,-0.01,-0.386%,8,United States,2021,20817,Health Care,Biotechnology: Pharmaceutical Preparations
AZTR,Azitra Inc Common Stock,$0.13,0.0035,2.724%,7,,2023,825852,Health Care,Biotechnology: Pharmaceutical Preparations
SNGX,Soligenix Inc. Common Stock,$0.37,0.0016,0.440%,7,United States,,153725,Health Care,Biotechnology: Pharmaceutical Preparations
CNSP,CNS Pharmaceuticals Inc. Common Stock,$5.32,0.0845,1.613%,7,United States,2019,10908,Health Care,Biotechnology: Pharmaceutical Preparations
ENLV,Enlivex Ltd. Ordinary Shares,$0.39,-0.0354,-8.375%,7,Israel,2014,631124,Health Care,Biotechnology: Pharmaceutical Preparations
ENSC,Ensysce Biosciences Inc. Common Stock,$0.40,-0.0048,-1.201%,7,United States,,173963,Health Care,Biotechnology: Pharmaceutical Preparations
XCUR,Exicure Inc. Common Stock,$1.15,-0.03,-2.542%,7,United States,,5315,Health Care,Biotechnology: Pharmaceutical Preparations
NRSN,NeuroSense Therapeutics Ltd. Ordinary Shares,$3.94,-0.115,-2.840%,7,Israel,2021,24236,Health Care,Biotechnology: Pharmaceutical Preparations
KALA,KALA BIO Inc. Common Stock,$0.39,-0.0344,-8.202%,7,United States,2017,1075257,Health Care,Biotechnology: Pharmaceutical Preparations
SKYE,Skye Bioscience Inc. Common Stock,$1.68,0.08,5.000%,7,United States,,11138,Health Care,Biotechnology: Pharmaceutical Preparations
CURX,Curanex Pharmaceuticals Inc Common Stock,$4.72,-0.25,-5.030%,7,United States,2025,2710,Health Care,Biotechnology: Pharmaceutical Preparations
INM,InMed Pharmaceuticals Inc. Common Shares,$1.33,-0.02,-1.481%,7,Canada,,28341,Health Care,Biotechnology: Pharmaceutical Preparations
CELZ,Creative Medical Technology Holdings Inc. Common Stock,$0.95,0.0047,0.499%,7,United States,,89497,Health Care,Biotechnology: Biological Products (No Diagnostic Substances)
IMNN,Imunon Inc. Common Stock,$1.28,-0.04,-3.030%,7,United States,,94830,Health Care,Biotechnology: Pharmaceutical Preparations
AIM,AIM ImmunoTech Inc. Common Stock,$0.18,-0.0077,-4.102%,7,,,1331540,Health Care,Biotechnology: Biological Products (No Diagnostic Substances)
VNRX,VolitionRX Limited Common Stock,$0.23,0.0003,0.128%,7,Singapore,2015,1381600,Health Care,Biotechnology: In Vitro & In Vivo Diagnostic Substances
ACXP,Acurx Pharmaceuticals Inc. Common Stock,$1.27,0.01,0.794%,7,United States,2021,82497,Health Care,Biotechnology: Pharmaceutical Preparations
GRMLW,Greenland Mines Ltd Warrant,$0.50,-0.27,-35.065%,6,United States,2022,330997,Health Care,Biotechnology: Biological Products (No Diagnostic Substances)
BOLT,Bolt Biotherapeutics Inc. Common Stock,$3.45,-0.06,-1.709%,6,United States,2021,891,Health Care,Biotechnology: Pharmaceutical Preparations
ENVB,Enveric Biosciences Inc. Common Stock,$1.48,0.02,1.370%,6,United States,,72981,Health Care,Biotechnology: Pharmaceutical Preparations
CANF,Can-Fite Biopharma Ltd American Depositary Shares each representing two (2) Ordinary Shares,$2.18,-0.028,-1.267%,6,Israel,,27428,Health Care,Biotechnology: Pharmaceutical Preparations
ALZN,Alzamend Neuro Inc. Common Stock,$1.37,0.055,4.183%,6,United States,2021,236409,Health Care,Biotechnology: Pharmaceutical Preparations
SCNX,Scienture Holdings Inc. Common Stock,$0.16,-0.0183,-10.333%,6,United States,,163386037,Health Care,Biotechnology: Pharmaceutical Preparations
QCLS,Q/C Technologies Inc. Common Stock,$0.75,-0.0273,-3.521%,6,United States,2014,324723,Health Care,Biotechnology: In Vitro & In Vivo Diagnostic Substances
LEXX,Lexaria Bioscience Corp. Common Stock,$2.88,-0.21,-6.796%,6,Canada,,81266,Health Care,Biotechnology: Pharmaceutical Preparations
LNAI,Lunai Bioworks Inc. Common Stock,$1.30,-0.08,-5.797%,5,United States,,124995,Health Care,Biotechnology: Pharmaceutical Preparations
BGMS,Bio Green Med Solution Inc. Common Stock,$0.88,-0.0243,-2.687%,5,United States,,9810,Health Care,Biotechnology: Pharmaceutical Preparations
CDIO,Cardio Diagnostics Holdings Inc. Common stock,$1.96,0.04,2.083%,5,United States,2022,26128,Health Care,Biotechnology: In Vitro & In Vivo Diagnostic Substances
PULM,Pulmatrix Inc. Common Stock,$1.57,0.03,1.948%,5,United States,2014,15280,Health Care,Biotechnology: Pharmaceutical Preparations
GELS,Gelteq Limited Ordinary Shares,$0.52,-0.0215,-3.961%,5,Australia,2024,70751,Health Care,Biotechnology: Pharmaceutical Preparations
DRMA,Dermata Therapeutics Inc. Common Stock,$1.10,-0.005,-0.450%,5,United States,2021,18313,Health Care,Biotechnology: Pharmaceutical Preparations
XTLB,XTL Biopharmaceuticals Ltd. American Depositary Shares,$2.16,0.03,1.408%,5,Israel,,6743,Health Care,Biotechnology: Pharmaceutical Preparations
KAPA,Kairos Pharma Ltd. Common Stock,$1.56,0,0.000%,5,,2024,25762,Health Care,Biotechnology: Pharmaceutical Preparations
XBIO,Xenetic Biosciences Inc. Common Stock,$2.24,0,0.000%,5,United States,,43300,Health Care,Biotechnology: Pharmaceutical Preparations
LIMN,Liminatus Pharma Inc. Class A Common Stock,$3.90,0.15,4.000%,5,United States,,24346,Health Care,Biotechnology: Biological Products (No Diagnostic Substances)
ADXN,Addex Therapeutics Ltd American Depositary Shares,$3.07,0.09,3.020%,5,Switzerland,,13413,Health Care,Biotechnology: Pharmaceutical Preparations
VRXAW,Veraxa Biotech AG Warrants,$0.04,-0.0052,-12.530%,5,Switzerland,,994413,Health Care,Biotechnology: Pharmaceutical Preparations
APUS,Apimeds Pharmaceuticals US Inc. Common Stock,$3.22,-0.88,-21.463%,4,,2025,138745,Health Care,Biotechnology: Pharmaceutical Preparations
SXTP,60 Degrees Pharmaceuticals Inc. Common Stock,$1.39,0.14,11.200%,4,United States,2023,199922,Health Care,Biotechnology: Pharmaceutical Preparations
ERNA,Ernexa Therapeutics Inc. Common Stock,$2.96,0,0.000%,4,United States,,40822,Health Care,Biotechnology: Pharmaceutical Preparations
JAGX,Jaguar Health Inc. Common Stock,$3.66,-0.29,-7.342%,4,United States,2015,598970,Health Care,Biotechnology: Pharmaceutical Preparations
TRIB,Trinity Biotech plc American Depositary Shares,$5.69,-0.63,-9.968%,4,Ireland,1992,12971,Health Care,Biotechnology: In Vitro & In Vivo Diagnostic Substances
NCNA,NuCana plc American Depositary Share,$1.09,-0.08,-6.838%,4,United Kingdom,2017,326019,Health Care,Biotechnology: Pharmaceutical Preparations
PCSA,Processa Pharmaceuticals Inc. Common Stock,$1.61,-0.01,-0.617%,4,United States,,15134,Health Care,Biotechnology: Pharmaceutical Preparations
PMCB,PharmaCyte  Biotech Inc. Common Stock,$0.40,-0.0038,-0.941%,4,United States,,44653,Health Care,Biotechnology: Biological Products (No Diagnostic Substances)
GRI,GRI Bio Inc. Common Stock,$1.96,0,0.000%,4,United States,2021,41493,Health Care,Biotechnology: Pharmaceutical Preparations
CLDI,Calidi Biotherapeutics Inc. Common Stock,$1.08,0,0.000%,3,,2021,38625,Health Care,Biotechnology: Biological Products (No Diagnostic Substances)
EOCN,Eocene Ltd. Ordinary Shares,$3.61,0.205,6.021%,3,Israel,2014,4852,Health Care,Biotechnology: Pharmaceutical Preparations
HCWB,HCW Biologics Inc. Common Stock,$1.68,-0.01,-0.592%,3,United States,2021,66536,Health Care,Biotechnology: Pharmaceutical Preparations
MBIO,Mustang Bio Inc. Common Stock,$0.47,0.0039,0.835%,3,United States,,33398,Health Care,Biotechnology: Pharmaceutical Preparations
JUNS,Jupiter Neurosciences Inc. Common Stock,$2.55,0.05,2.000%,3,United States,2024,12001,Health Care,Biotechnology: Pharmaceutical Preparations
CVKD,Cadrenal Therapeutics Inc. Common Stock,$0.94,-0.0298,-3.072%,3,United States,2023,149959,Health Care,Biotechnology: Pharmaceutical Preparations
VIVS,VivoSim Labs Inc. Common Stock,$0.20,-0.0111,-5.349%,3,United States,,804465,Health Care,Biotechnology: Biological Products (No Diagnostic Substances)
DCOY,Decoy Therapeutics Inc. Common Stock,$1.77,-0.085,-4.582%,3,United States,2015,255643,Health Care,Biotechnology: Pharmaceutical Preparations
GOVX,GeoVax Labs Inc. Common Stock,$0.32,-0.0021,-0.652%,3,United States,,192892,Health Care,Biotechnology: Pharmaceutical Preparations
PRFX,PRF Technologies Ltd. Ordinary Shares,$0.92,-0.0303,-3.188%,3,Israel,2020,51899,Health Care,Biotechnology: Pharmaceutical Preparations
ONCO,Onconetix Inc. Common Stock,$0.73,-0.0104,-1.398%,3,United States,2022,409412,Health Care,Biotechnology: Pharmaceutical Preparations
PPCB,Propanc Biopharma Inc. Common Stock,$0.51,0.0065,1.297%,3,Australia,,72274,Health Care,Biotechnology: Pharmaceutical Preparations
SXTC,China SXT Pharmaceuticals Inc. Class A Ordinary Shares,$2.41,-0.55,-18.581%,3,China,2019,779925,Health Care,Biotechnology: Pharmaceutical Preparations
APVO,Aptevo Therapeutics Inc. Common Stock,$1.76,0,0.000%,3,United States,,12581,Health Care,Biotechnology: Pharmaceutical Preparations
XRTX,XORTX Therapeutics Inc. Common Shares,$1.71,-0.0158,-0.913%,3,Canada,,4481,Health Care,Biotechnology: Pharmaceutical Preparations
REVB,Revelation Biosciences Inc. Common Stock,$0.76,-0.0374,-4.669%,3,United States,2020,43908,Health Care,Biotechnology: Pharmaceutical Preparations
RDHL,Redhill Biopharma Ltd. American Depositary Shares,$0.50,0.02,4.167%,3,Israel,,131231,Health Care,Biotechnology: Pharmaceutical Preparations
VRAX,Virax Biolabs Group Limited Ordinary Shares,$2.20,-0.04,-1.786%,2,United Kingdom,2022,19623,Health Care,Biotechnology: In Vitro & In Vivo Diagnostic Substances
CMND,Clearmind Medicine Inc. Common Shares,$0.71,-0.0008,-0.112%,2,Canada,,100931,Health Care,Biotechnology: Pharmaceutical Preparations
ESLAW,Estrella Immunopharma Inc. Warrant,$0.07,0.0062,10.333%,2,United States,2021,7000,Health Care,Biotechnology: Biological Products (No Diagnostic Substances)
SBFM,Sunshine Biopharma Inc. Common Stock,$0.67,-0.0211,-3.069%,2,Canada,,149383,Health Care,Biotechnology: Pharmaceutical Preparations
SLXN,Silexion Therapeutics Corp Ordinary Shares,$0.26,-0.0191,-6.846%,2,Israel,,2025130,Health Care,Biotechnology: Biological Products (No Diagnostic Substances)
SPRC,SciSparc Ltd. Ordinary Shares,$4.72,0.17,3.736%,2,Israel,,2899,Health Care,Biotechnology: Pharmaceutical Preparations
BIVIW,BioVie Inc. Warrant,$0.32,0,0.000%,2,United States,,78,Health Care,Biotechnology: Pharmaceutical Preparations
ELAB,PMGC Holdings Inc. Common Stock,$3.36,0.135,4.186%,2,United States,2023,21228,Health Care,Biotechnology: Pharmaceutical Preparations
BDRX,Biodexa Pharmaceuticals plc American Depositary Shs,$0.62,-0.0127,-2.008%,2,United Kingdom,,194961,Health Care,Biotechnology: Pharmaceutical Preparations
BFRGW,Bullfrog AI Holdings Inc. Warrants,$0.14,-0.0092,-6.166%,2,United States,2023,11492,Health Care,Biotechnology: Pharmaceutical Preparations
BCTXZ,BriaCell Therapeutics Corp. Warrant expiring 2030,$0.30,0.136,83.951%,2,Canada,,91521,Health Care,Biotechnology: Pharmaceutical Preparations
MTNB,Matinas Biopharma Holdings Inc. Common Stock,$2.64,0.22,9.091%,2,United States,2017,295526,Health Care,Biotechnology: Pharmaceutical Preparations
SILO,Silo Pharma Inc. Common Stock,$1.46,-0.042,-2.800%,2,United States,,1152720,Health Care,Biotechnology: Pharmaceutical Preparations
PPBT,Purple Biotech Ltd. American Depositary Shares,$1.51,-0.01,-0.658%,2,Israel,2015,23220,Health Care,Biotechnology: Pharmaceutical Preparations
LABT,Lakewood-Amedex Biotherapeutics Inc. Common Stock,$0.93,0.0025,0.269%,2,United States,,120517,Health Care,Biotechnology: Pharmaceutical Preparations
OGEN,Oragenics Inc. Common Stock,$0.49,0.0075,1.563%,2,United States,,15432,Health Care,Biotechnology: Pharmaceutical Preparations
GNPX,Genprex Inc. Common Stock,$2.63,0.07,2.734%,2,United States,2018,118893,Health Care,Biotechnology: Pharmaceutical Preparations
TCRT,Alaunos Therapeutics Inc. Common Stock,$0.82,-0.1,-10.870%,2,United States,,86840,Health Care,Biotechnology: Pharmaceutical Preparations
ARTL,Artelo Biosciences Inc. Common Stock,$3.68,-0.15,-3.916%,2,United States,,63812,Health Care,Biotechnology: Pharmaceutical Preparations
SCNI,Scinai Immunotherapeutics Ltd. American Depositary Shares,$1.33,0.02,1.527%,1,Israel,2015,22172,Health Care,Biotechnology: Biological Products (No Diagnostic Substances)
CRIS,Curis Inc. Common Stock,$0.80,-0.0273,-3.286%,1,United States,,100361,Health Care,Biotechnology: Biological Products (No Diagnostic Substances)
SABSW,SAB Biotherapeutics Inc. Warrant,$0.01,0,0.000%,1,United States,2021,77598,Health Care,Biotechnology: Biological Products (No Diagnostic Substances)
CDT,CDT Equity Inc. Common Stock,$0.99,-0.26,-20.800%,1,United States,2022,1025402,Health Care,Biotechnology: Pharmaceutical Preparations
HLSQ,Tessera Defense and Homeland Security Inc. Common Stock,$0.36,-0.0248,-6.445%,1,,2019,676280,Health Care,Biotechnology: Biological Products (No Diagnostic Substances)
SCLXW,Scilex Holding Company Warrant,$0.10,0.0001,0.100%,0,United States,2021,2100,Health Care,Biotechnology: Biological Products (No Diagnostic Substances)
TVGNW,Tevogen Inc. Warrant,$0.06,0.0008,1.322%,0,United States,2022,306946,Health Care,Biotechnology: Biological Products (No Diagnostic Substances)
BFRIW,Biofrontera Inc. Warrants,$0.01,0.0052,53.061%,0,United States,2021,116,Health Care,Biotechnology: Pharmaceutical Preparations
SBFMW,Sunshine Biopharma Inc. Warrant,$0.03,-0.0273,-52.099%,0,Canada,,300,Health Care,Biotechnology: Pharmaceutical Preparations
SXTPW,60 Degrees Pharmaceuticals Inc. Warrant,$0.03,0.0025,9.921%,0,United States,2023,18420,Health Care,Biotechnology: Pharmaceutical Preparations
NRSNW,NeuroSense Therapeutics Ltd. Warrant,$0.04,-0.005,-11.111%,0,Israel,2021,2273,Health Care,Biotechnology: Pharmaceutical Preparations
CINGW,Cingulate Inc. Warrants,$0.01,0,0.000%,0,United States,2021,100,Health Care,Biotechnology: Pharmaceutical Preparations
SLXNW,Silexion Therapeutics Corp Warrant,$0.01,-0.0016,-21.053%,0,Israel,,2687,Health Care,Biotechnology: Biological Products (No Diagnostic Substances)
ERNAW,Ernexa Therapeutics Inc. Warrants,$0.03,-0.0066,-17.143%,0,United States,,600,Health Care,Biotechnology: Pharmaceutical Preparations
APLMW,Apollomics Inc. Warrant,$0.01,-0.0029,-21.642%,0,United States,,907,Health Care,Biotechnology: Pharmaceutical Preparations
REVBW,Revelation Biosciences Inc. Warrant,$0.01,0,0.000%,0,United States,2020,10005,Health Care,Biotechnology: Pharmaceutical Preparations
ASBPW,Aspire-Lakewood Holdings Inc. Warrant,$0.01,0,0.000%,0,United States,2022,15,Health Care,Biotechnology: Pharmaceutical Preparations
CDTTW,CDT Equity Inc. Warrant,$0.01,-0.0001,-0.847%,0,United States,2022,350,Health Care,Biotechnology: Pharmaceutical Preparations
BKHA,Black Hawk Acquisition Corporation Class A Ordinary Shares,$12.38,0.03,0.243%,0,United States,2024,10326,Health Care,Biotechnology: Biological Products (No Diagnostic Substances)
BKHAR,Black Hawk Acquisition Corporation Rights,$1.73,0.15,9.494%,0,United States,2024,4323,Health Care,Biotechnology: Biological Products (No Diagnostic Substances)
BLUWU,Blue Water Acquisition Corp. III Unit.,$10.50,0,0.000%,0,United States,2025,364,Health Care,Biotechnology: Biological Products (No Diagnostic Substances)
EMIS,Emmis Acquisition Corp. Class A Ordinary Shares,$10.27,0,0.000%,0,United States,2025,11,Health Care,Biotechnology: Pharmaceutical Preparations
